lineage_id,stage_s4,CT_initial_stage_s4,CT_current_stage_s4,weak_fraction_s4,max_cumulated_dd60_s4,avg_soil_moisture_s4,n_events_s4,stage_s2,CT_initial_stage_s2,CT_current_stage_s2,weak_fraction_s2,max_cumulated_dd60_s2,avg_soil_moisture_s2,n_events_s2,stage_s1,CT_initial_stage_s1,CT_current_stage_s1,weak_fraction_s1,max_cumulated_dd60_s1,avg_soil_moisture_s1,n_events_s1,loss_1_to_2,loss_2_to_4
A7AZE77YFU,4.0,,91.0,,,,2,,,,,,,,,,,,,,,,
A7EJE7GKHA,4.0,20.5,20.5,28.0,,,4,,,,,,,,,,,,,,,,
C8ARL92ULB,4.0,77.0,46.5,16.61111111111111,,,14,,,,,,,,,,,,,,,,
E034L1JGLA,4.0,82.5,70.5,10.0,,,8,2.0,49.0,49.0,24.5,,,2.0,1.0,41.5,41.5,31.0,,,2.0,7.5,33.5
E034L1JGLB,4.0,76.0,76.0,10.0,,,10,2.0,49.0,49.0,24.5,,,2.0,1.0,41.5,41.5,31.0,,,2.0,7.5,27.0
E034L1JGLC,4.0,72.0,72.0,12.0,,,6,2.0,49.0,49.0,24.5,,,2.0,1.0,41.5,41.5,31.0,,,2.0,7.5,23.0
E034L1JGLD,4.0,84.5,77.0,8.0,,,11,2.0,49.0,49.0,24.5,,,2.0,1.0,41.5,41.5,31.0,,,2.0,7.5,35.5
E034L1JHLA,4.0,,64.0,,,,4,2.0,30.5,30.5,32.5,,,2.0,1.0,41.5,41.5,31.0,,,2.0,-11.0,
E034L1JHLB,4.0,88.0,81.0,6.5,,,8,2.0,30.5,30.5,32.5,,,2.0,1.0,41.5,41.5,31.0,,,2.0,-11.0,57.5
E036B1NHLA,4.0,83.0,74.5,12.5,,,9,2.0,70.0,70.0,17.5,,,2.0,1.0,56.83,64.42,21.65192307692308,,,25.0,13.170000000000002,13.0
E036B1NHLB,4.0,69.5,69.5,14.5,,,4,2.0,70.0,70.0,17.5,,,2.0,1.0,56.83,64.42,21.65192307692308,,,25.0,13.170000000000002,-0.5
E037H1UYLA,4.0,77.5,68.5,20.0,,,11,2.0,65.5,65.5,18.5,,,4.0,1.0,51.0,51.0,27.5,,,2.0,14.5,12.0
E037H1UYLB,4.0,72.5,77.5,14.0,,,7,2.0,65.5,65.5,18.5,,,4.0,1.0,51.0,51.0,27.5,,,2.0,14.5,7.0
E037H1UZLA,4.0,67.0,67.0,23.0,,,6,2.0,67.5,67.5,14.5,,,2.0,1.0,51.0,51.0,27.5,,,2.0,16.5,-0.5
E037H1UZLB,4.0,69.0,63.0,22.5,,,8,2.0,67.5,67.5,14.5,,,2.0,1.0,51.0,51.0,27.5,,,2.0,16.5,1.5
E038H1ULLA,4.0,74.5,54.0,19.0,,,9,2.0,30.0,30.0,38.5,,,4.0,1.0,69.0,69.0,17.5,,,2.0,-39.0,44.5
E042L1JULA,4.0,86.0,79.5,6.857142857142857,,,15,2.0,82.0,82.0,10.0,,,4.0,1.0,83.25,83.25,12.5,,,2.0,-1.25,4.0
E042L1JULB,4.0,76.0,85.0,6.833333333333333,,,11,2.0,82.0,82.0,10.0,,,4.0,1.0,83.25,83.25,12.5,,,2.0,-1.25,-6.0
E042L1JVLA,4.0,96.0,88.5,4.166666666666667,,,9,2.0,87.0,87.0,5.5,,,4.0,1.0,83.25,83.25,12.5,,,2.0,3.75,9.0
E042L1JVLB,4.0,87.0,87.8,7.65,,,5,2.0,87.0,87.0,5.5,,,4.0,1.0,83.25,83.25,12.5,,,2.0,3.75,0.0
E042L1JWLA,4.0,80.5,86.25,6.416666666666667,,,11,2.0,83.0,83.0,9.5,,,2.0,1.0,83.25,83.25,12.5,,,2.0,-0.25,-2.5
E044L1JGLA,4.0,90.5,87.0,8.416666666666666,,,7,2.0,61.5,61.5,14.5,,,4.0,1.0,68.5,68.5,18.17,,,2.0,-7.0,29.0
E044L1JGLB,4.0,85.5,85.5,8.0,,,11,2.0,61.5,61.5,14.5,,,4.0,1.0,68.5,68.5,18.17,,,2.0,-7.0,24.0
E044L1JHLA,4.0,83.5,83.5,7.5,,,6,2.0,76.5,76.5,11.0,,,4.0,1.0,68.5,68.5,18.17,,,2.0,8.0,7.0
E044L1JHLB,4.0,71.5,86.5,6.75,,,11,2.0,76.5,76.5,11.0,,,4.0,1.0,68.5,68.5,18.17,,,2.0,8.0,-5.0
E044L1JHLC,4.0,89.0,89.0,5.0,,,4,2.0,76.5,76.5,11.0,,,4.0,1.0,68.5,68.5,18.17,,,2.0,8.0,12.5
E044L1JHLD,4.0,89.0,81.5,10.5,,,12,2.0,76.5,76.5,11.0,,,4.0,1.0,68.5,68.5,18.17,,,2.0,8.0,12.5
E044L1JJLA,4.0,90.0,59.5,13.333333333333334,,,7,2.0,74.0,74.0,13.5,,,4.0,1.0,68.5,68.5,18.17,,,2.0,5.5,16.0
E044L1JJLB,4.0,85.0,81.5,8.75,,,8,2.0,74.0,74.0,13.5,,,4.0,1.0,68.5,68.5,18.17,,,2.0,5.5,11.0
E044L1JKLA,4.0,87.5,89.5,6.5,,,9,2.0,74.5,74.5,13.0,,,2.0,1.0,68.5,68.5,18.17,,,2.0,6.0,13.0
E044L1JKLB,4.0,83.5,87.0,9.0,,,7,2.0,74.5,74.5,13.0,,,2.0,1.0,68.5,68.5,18.17,,,2.0,6.0,9.0
E044L1JLLC,4.0,87.5,86.5,9.125,,,10,2.0,71.0,71.0,12.5,,,4.0,1.0,68.5,68.5,18.17,,,2.0,2.5,16.5
E044L1JLLD,4.0,87.5,82.0,6.625,,,7,2.0,71.0,71.0,12.5,,,4.0,1.0,68.5,68.5,18.17,,,2.0,2.5,16.5
E044L1JMLA,4.0,82.5,86.5,9.5,,,8,2.0,72.0,72.0,11.0,,,2.0,1.0,68.5,68.5,18.17,,,2.0,3.5,10.5
E046L1JNLA,4.0,81.0,82.0,5.375,,,9,2.0,71.0,71.0,10.5,,,4.0,1.0,81.11,81.11,11.89,,,2.0,-10.11,10.0
E046L1JNLB,4.0,87.0,79.5,9.571428571428571,,,15,2.0,71.0,71.0,10.5,,,4.0,1.0,81.11,81.11,11.89,,,2.0,-10.11,16.0
E046L1JPLA,4.0,86.5,84.0,7.285714285714286,,,15,2.0,67.5,67.5,10.5,,,4.0,1.0,81.11,81.11,11.89,,,2.0,-13.61,19.0
E046L1JPLB,4.0,87.5,90.0,6.0,,,7,2.0,67.5,67.5,10.5,,,4.0,1.0,81.11,81.11,11.89,,,2.0,-13.61,20.0
E046L1JQLA,4.0,92.5,82.0,5.5,,,36,2.0,80.5,80.5,3.5,,,4.0,1.0,81.11,81.11,11.89,,,2.0,-0.6099999999999994,12.0
E046L1JQLB,4.0,91.5,92.0,5.333333333333333,,,9,2.0,80.5,80.5,3.5,,,4.0,1.0,81.11,81.11,11.89,,,2.0,-0.6099999999999994,11.0
E046L1JRLA,4.0,89.5,92.5,4.25,,,7,2.0,81.5,81.5,6.5,,,4.0,1.0,81.11,81.11,11.89,,,2.0,0.39000000000000057,8.0
E046L1JRLB,4.0,90.0,88.5,6.214285714285714,,,15,2.0,81.5,81.5,6.5,,,4.0,1.0,81.11,81.11,11.89,,,2.0,0.39000000000000057,8.5
E046L1JSLA,4.0,93.5,89.0,6.071428571428571,,,15,2.0,89.5,89.5,4.5,,,4.0,1.0,81.11,81.11,11.89,,,2.0,8.39,4.0
E046L1JSLB,4.0,88.0,86.5,6.833333333333333,,,9,2.0,89.5,89.5,4.5,,,4.0,1.0,81.11,81.11,11.89,,,2.0,8.39,-1.5
E046L1JTLA,4.0,87.5,89.0,4.642857142857143,,,13,2.0,85.0,85.0,6.0,,,4.0,1.0,81.11,81.11,11.89,,,2.0,3.8900000000000006,2.5
E046L1JTLB,4.0,91.0,80.0,6.666666666666667,,,9,2.0,85.0,85.0,6.0,,,4.0,1.0,81.11,81.11,11.89,,,2.0,3.8900000000000006,6.0
E046L1JXLA,4.0,94.0,83.0,6.428571428571429,,,13,2.0,89.0,89.0,2.5,,,4.0,1.0,81.11,81.11,11.89,,,2.0,7.890000000000001,5.0
E055H1UVLA,4.0,72.5,69.5,19.25,,,6,2.0,57.0,57.0,19.0,,,4.0,1.0,57.5,57.5,23.25,,,2.0,-0.5,15.5
E055H1UVLB,4.0,70.5,59.5,15.8,,,10,2.0,60.5,60.5,17.5,,,6.0,1.0,54.25,54.25,25.375,,,4.0,6.25,10.0
E055H1UVLC,4.0,62.0,62.0,23.0,,,6,2.0,60.5,60.5,17.5,,,6.0,1.0,54.25,54.25,25.375,,,4.0,6.25,1.5
E055H1UWLA,4.0,87.0,63.75,15.833333333333334,,,9,2.0,61.5,61.5,11.0,,,4.0,1.0,57.5,57.5,23.25,,,2.0,4.0,25.5
E055H1UWLB,4.0,64.0,64.0,20.5,,,6,2.0,61.5,61.5,11.0,,,4.0,1.0,57.5,57.5,23.25,,,2.0,4.0,2.5
E055H1UXLA,4.0,76.0,69.5,20.833333333333332,,,9,2.0,62.0,62.0,18.0,,,4.0,1.0,57.5,57.5,23.25,,,2.0,4.5,14.0
E056Q09FEA,4.0,87.0,87.0,10.0,,,14,2.0,88.0,88.0,4.5,,,4.0,1.0,70.0,70.0,,,,2.0,18.0,-1.0
E057L1FRLA,4.0,95.5,82.5,5.916666666666667,,,20,2.0,68.0,68.0,16.0,,,4.0,1.0,57.43,57.43,26.93,,,4.0,10.57,27.5
E057L1FRLB,4.0,91.5,92.0,12.2,,,9,2.0,68.0,68.0,16.0,,,4.0,1.0,57.43,57.43,26.93,,,4.0,10.57,23.5
E057L1FSLA,4.0,92.0,92.0,7.666666666666667,,,6,2.0,69.5,69.5,10.5,,,4.0,1.0,57.43,57.43,26.93,,,4.0,12.07,22.5
E057L1FSLB,4.0,86.5,93.5,7.25,,,17,2.0,69.5,69.5,10.5,,,4.0,1.0,57.43,57.43,26.93,,,4.0,12.07,17.0
E057L1FSLC,4.0,88.0,92.5,8.375,,,7,2.0,69.5,69.5,10.5,,,4.0,1.0,57.43,57.43,26.93,,,4.0,12.07,18.5
E057L1FTLA,4.0,87.5,85.5,12.0,,,13,2.0,62.0,62.0,18.5,,,2.0,1.0,57.43,57.43,26.93,,,4.0,4.57,25.5
E057L1FTLB,4.0,80.5,75.0,9.5,,,8,2.0,62.0,62.0,18.5,,,2.0,1.0,57.43,57.43,26.93,,,4.0,4.57,18.5
E057L1FTLC,4.0,90.0,87.5,7.333333333333333,,,15,2.0,62.0,62.0,18.5,,,2.0,1.0,57.43,57.43,26.93,,,4.0,4.57,28.0
E057L1FULA,4.0,78.0,74.5,13.214285714285714,,,12,2.0,57.5,57.5,22.5,,,4.0,1.0,57.43,57.43,26.93,,,4.0,0.07000000000000028,20.5
E057L1FULB,4.0,80.0,82.5,9.5,,,14,2.0,57.5,57.5,22.5,,,4.0,1.0,57.43,57.43,26.93,,,4.0,0.07000000000000028,22.5
E057L1FVLA,4.0,82.0,82.5,10.7,,,9,2.0,52.5,52.5,25.0,,,4.0,1.0,57.43,57.43,26.93,,,4.0,-4.93,29.5
E057L1FVLB,4.0,86.5,80.5,10.25,,,13,2.0,52.5,52.5,25.0,,,4.0,1.0,57.43,57.43,26.93,,,4.0,-4.93,34.0
E057L1FWLA,4.0,80.5,76.0,10.833333333333334,,,13,2.0,58.5,58.5,20.0,,,4.0,1.0,57.43,57.43,26.93,,,4.0,1.0700000000000003,22.0
E062B1NELA,4.0,,67.0,,,,4,2.0,42.0,42.0,27.5,,,4.0,1.0,32.0,59.63,21.545499999999997,,,19.0,10.0,
E062B1NELB,4.0,66.0,66.0,17.625,,,11,2.0,42.0,42.0,27.5,,,4.0,1.0,32.0,59.63,21.545499999999997,,,19.0,10.0,24.0
E062B1NFLA,4.0,39.0,39.0,22.0,,,6,2.0,52.5,52.5,24.0,,,4.0,1.0,32.0,59.63,21.545499999999997,,,19.0,20.5,-13.5
E062B1NFLB,4.0,60.5,60.5,21.0,,,6,2.0,52.5,52.5,24.0,,,4.0,1.0,32.0,59.63,21.545499999999997,,,19.0,20.5,8.0
E062B1NFLC,4.0,73.5,61.5,16.666666666666668,,,7,2.0,52.5,52.5,24.0,,,4.0,1.0,32.0,59.63,21.545499999999997,,,19.0,20.5,21.0
E062B1NGLA,4.0,,78.0,,,,6,2.0,52.0,52.0,23.5,,,4.0,1.0,32.0,59.63,21.545499999999997,,,19.0,20.0,
E062B1NGLC,4.0,62.0,43.5,21.5,,,9,2.0,52.0,52.0,23.5,,,4.0,1.0,32.0,59.63,21.545499999999997,,,19.0,20.0,10.0
E064L1GSLA,4.0,,73.0,,,,6,2.0,21.0,27.5,27.333333333333332,,,8.0,1.0,67.83,67.8,19.069999999999997,,,6.0,-46.83,
E064L1GSLB,4.0,63.0,63.0,15.5,,,5,2.0,21.0,27.5,27.333333333333332,,,8.0,1.0,67.83,67.8,19.069999999999997,,,6.0,-46.83,42.0
E064L1GSLC,4.0,,79.0,,,,2,2.0,21.0,27.5,27.333333333333332,,,8.0,1.0,67.83,67.8,19.069999999999997,,,6.0,-46.83,
E064L1GSLD,4.0,59.0,59.0,20.0,,,14,2.0,21.0,27.5,27.333333333333332,,,8.0,1.0,67.83,67.8,19.069999999999997,,,6.0,-46.83,38.0
E064L1GSLE,4.0,73.5,73.5,10.5,,,8,2.0,21.0,27.5,27.333333333333332,,,8.0,1.0,67.83,67.8,19.069999999999997,,,6.0,-46.83,52.5
E064L1GTLC,4.0,76.0,76.0,12.5,,,6,2.0,27.5,23.5,27.333333333333332,,,8.0,1.0,67.83,67.8,19.069999999999997,,,6.0,-40.33,48.5
E064L1GTLD,4.0,75.0,75.0,13.0,,,8,2.0,27.5,23.5,27.333333333333332,,,8.0,1.0,67.83,67.8,19.069999999999997,,,6.0,-40.33,47.5
E064Q08XEA,4.0,13.0,31.5,24.5,,,13,2.0,24.0,16.5,23.0,,,3.0,1.0,67.83,67.8,19.069999999999997,,,6.0,-43.83,-11.0
E064Q08XEB,4.0,22.0,20.0,,,,5,2.0,24.0,16.5,23.0,,,3.0,1.0,67.83,67.8,19.069999999999997,,,6.0,-43.83,-2.0
E064Q08XEC,4.0,13.0,25.0,,,,5,2.0,24.0,16.5,23.0,,,3.0,1.0,67.83,67.8,19.069999999999997,,,6.0,-43.83,-11.0
E064Q08XED,4.0,17.0,19.0,28.25,,,13,2.0,24.0,16.5,23.0,,,3.0,1.0,67.83,67.8,19.069999999999997,,,6.0,-43.83,-7.0
E064Q08XEE,4.0,17.0,14.0,,,,5,2.0,24.0,16.5,23.0,,,3.0,1.0,67.83,67.8,19.069999999999997,,,6.0,-43.83,-7.0
E064Q08XEF,4.0,17.0,16.0,,,,10,2.0,24.0,16.5,23.0,,,3.0,1.0,67.83,67.8,19.069999999999997,,,6.0,-43.83,-7.0
E064Q08XEG,4.0,11.0,5.5,25.75,,,7,2.0,24.0,16.5,23.0,,,3.0,1.0,67.83,67.8,19.069999999999997,,,6.0,-43.83,-13.0
E064Q09TEA,4.0,35.0,19.5,31.0,,,13,2.0,22.5,11.0,23.25,,,6.0,1.0,67.83,67.8,19.069999999999997,,,6.0,-45.33,12.5
E066H1TNLA,4.0,77.5,70.0,11.833333333333334,,,8,2.0,49.0,38.0,24.75,,,5.0,1.0,36.5,36.5,33.75,,,2.0,12.5,28.5
E066H1TNLB,4.0,80.5,76.5,14.5,,,11,2.0,49.0,38.0,24.75,,,5.0,1.0,36.5,36.5,33.75,,,2.0,12.5,31.5
E068B1NKLH,4.0,,79.0,11.5,,,4,2.0,68.5,72.0,16.5,,,5.0,1.0,56.83,64.42,21.65192307692308,,,25.0,11.670000000000002,
E068B1NKLJ,4.0,,75.5,16.0,,,2,2.0,68.5,72.0,16.5,,,5.0,1.0,56.83,64.42,21.65192307692308,,,25.0,11.670000000000002,
E068B1NLLB,4.0,,69.0,,,,2,2.0,65.5,65.5,18.0,,,2.0,1.0,56.83,64.42,21.65192307692308,,,25.0,8.670000000000002,
E068B1NLLD,4.0,,64.0,,,,4,2.0,65.5,65.5,18.0,,,2.0,1.0,56.83,64.42,21.65192307692308,,,25.0,8.670000000000002,
E068B1NLLE,4.0,,60.0,,,,4,2.0,65.5,65.5,18.0,,,2.0,1.0,56.83,64.42,21.65192307692308,,,25.0,8.670000000000002,
E068B1NOLB,4.0,,75.0,,,,4,2.0,63.5,63.5,20.0,,,4.0,1.0,56.83,64.42,21.65192307692308,,,25.0,6.670000000000002,
E070H1VUEA,4.0,,90.0,,,,4,2.0,96.0,96.0,2.5,,,4.0,1.0,89.5,89.5,,,,2.0,6.5,
E070H1VUEC,4.0,93.0,93.0,2.625,,,10,2.0,96.0,96.0,2.5,,,4.0,1.0,89.5,89.5,,,,2.0,6.5,-3.0
E074L1DQLA,4.0,86.5,86.5,13.166666666666666,,,6,2.0,89.0,89.0,7.0,,,4.0,1.0,81.5,81.5,,,,2.0,7.5,-2.5
E074L1DQLB,4.0,90.0,84.0,9.2,,,9,2.0,89.0,89.0,7.0,,,4.0,1.0,81.5,81.5,,,,2.0,7.5,1.0
E074L1DRLA,4.0,92.5,90.5,7.5625,,,14,2.0,92.0,92.0,3.5,,,2.0,1.0,81.5,81.5,,,,2.0,10.5,0.5
E074L1DSLA,4.0,89.0,89.5,13.1,,,9,2.0,89.5,89.5,7.5,,,4.0,1.0,81.5,81.5,,,,2.0,8.0,-0.5
E075L1DWLF,4.0,71.0,71.0,31.625,,,11,2.0,72.5,72.5,13.5,,,4.0,1.0,58.375,58.375,31.75,,,4.0,14.125,-1.5
E075L1DWLG,4.0,72.0,72.0,15.0,,,8,2.0,72.5,72.5,13.5,,,4.0,1.0,58.375,58.375,31.75,,,4.0,14.125,-0.5
E075L1DWLH,4.0,,80.0,8.0,,,4,2.0,72.5,72.5,13.5,,,4.0,1.0,58.375,58.375,31.75,,,4.0,14.125,
E075L1DWLJ,4.0,80.0,87.5,16.318181818181817,,,17,2.0,72.5,72.5,13.5,,,4.0,1.0,58.375,58.375,31.75,,,4.0,14.125,7.5
E075L1DWLK,4.0,77.0,77.0,15.3,,,8,2.0,72.5,72.5,13.5,,,4.0,1.0,58.375,58.375,31.75,,,4.0,14.125,4.5
E075L1DXLA,4.0,,76.5,21.5,,,3,2.0,65.0,65.0,12.5,,,4.0,1.0,58.375,58.375,31.75,,,4.0,6.625,
E075L1DXLB,4.0,72.0,72.0,21.333333333333332,,,6,2.0,65.0,65.0,12.5,,,4.0,1.0,58.375,58.375,31.75,,,4.0,6.625,7.0
E075L1DYLA,4.0,,78.5,17.25,,,6,2.0,75.0,75.0,13.0,,,4.0,1.0,58.375,58.375,31.75,,,4.0,16.625,
E075L1DYLB,4.0,73.0,73.0,17.666666666666668,,,5,2.0,75.0,75.0,13.0,,,4.0,1.0,58.375,58.375,31.75,,,4.0,16.625,-2.0
E077B1LKEB,4.0,94.0,95.0,3.875,,,9,2.0,92.0,92.0,4.0,,,2.0,1.0,87.5,87.5,,,,2.0,4.5,2.0
E077B1LKEC,4.0,94.0,92.5,5.166666666666667,,,10,2.0,92.0,92.0,4.0,,,2.0,1.0,87.5,87.5,,,,2.0,4.5,2.0
E077B1LKED,4.0,92.0,92.0,5.5,,,7,2.0,92.0,92.0,4.0,,,2.0,1.0,87.5,87.5,,,,2.0,4.5,0.0
E077B1LLEA,4.0,90.0,82.5,5.2,,,26,2.0,90.5,90.5,3.0,,,4.0,1.0,87.5,87.5,,,,2.0,3.0,-0.5
E077B1LLEB,4.0,94.0,95.5,4.0,,,10,2.0,90.5,90.5,3.0,,,4.0,1.0,87.5,87.5,,,,2.0,3.0,3.5
E077B1LLEC,4.0,90.0,93.5,6.6,,,12,2.0,90.5,90.5,3.0,,,4.0,1.0,87.5,87.5,,,,2.0,3.0,-0.5
E077B1LMEA,4.0,94.0,95.0,3.5,,,11,2.0,90.0,91.5,3.6666666666666665,,,6.0,1.0,87.5,87.5,,,,2.0,2.5,4.0
E077B1LMEC,4.0,,95.5,3.5,,,2,2.0,90.0,91.5,3.6666666666666665,,,6.0,1.0,87.5,87.5,,,,2.0,2.5,
E077B1LNEA,4.0,,97.0,2.0,,,4,2.0,87.5,92.5,5.5,,,6.0,1.0,87.5,87.5,,,,2.0,0.0,
E078B1LOEA,4.0,91.0,87.5,6.125,,,11,2.0,91.5,91.5,4.5,,,4.0,1.0,88.33,88.33,,,,4.0,3.1700000000000017,-0.5
E078B1LOEB,4.0,96.5,92.0,3.375,,,12,2.0,91.5,91.5,4.5,,,4.0,1.0,88.33,88.33,,,,4.0,3.1700000000000017,5.0
E078B1LOEC,4.0,96.0,90.5,4.25,,,10,2.0,91.5,91.5,4.5,,,4.0,1.0,88.33,88.33,,,,4.0,3.1700000000000017,4.5
E078B1LPEC,4.0,,90.5,4.5,,,4,2.0,90.0,98.5,2.9,,,10.0,1.0,88.33,88.33,,,,4.0,1.6700000000000017,
E078B1LQEA,4.0,90.5,96.0,5.125,,,11,2.0,93.5,93.5,2.5,,,2.0,1.0,88.33,88.33,,,,4.0,5.170000000000002,-3.0
E078B1LQEB,4.0,94.5,93.0,4.75,,,11,2.0,93.5,93.5,2.5,,,2.0,1.0,88.33,88.33,,,,4.0,5.170000000000002,1.0
E078B1LQEC,4.0,92.0,95.0,4.75,,,8,2.0,93.5,93.5,2.5,,,2.0,1.0,88.33,88.33,,,,4.0,5.170000000000002,-1.5
E078B1LREC,4.0,,93.5,4.0,,,2,2.0,90.0,94.5,4.25,,,12.0,1.0,88.33,88.33,,,,4.0,1.6700000000000017,
E078B1LSEA,4.0,95.0,93.0,4.666666666666667,,,10,2.0,94.0,95.5,2.5625,,,13.0,1.0,88.33,88.33,,,,4.0,5.670000000000002,1.0
E078B1LSEB,4.0,,97.0,1.5,,,2,2.0,92.0,94.16666666666667,3.0625,,,39.0,1.0,88.33,88.33,,,,4.0,3.6700000000000017,
E078B1LSEC,4.0,,96.5,1.5,,,2,2.0,92.0,94.16666666666667,3.0625,,,39.0,1.0,88.33,88.33,,,,4.0,3.6700000000000017,
E078B1LSED,4.0,,92.5,5.5,,,2,2.0,92.0,94.16666666666667,3.0625,,,39.0,1.0,88.33,88.33,,,,4.0,3.6700000000000017,
E078B1LUEA,4.0,,90.5,7.0,,,2,2.0,91.0,92.5,2.6666666666666665,,,6.0,1.0,88.33,88.33,,,,4.0,2.6700000000000017,
E07DL1FELA,4.0,91.5,85.5,9.8,,,9,2.0,84.5,84.5,5.5,,,2.0,1.0,79.0,79.0,,,,4.0,5.5,7.0
E07DL1FFLA,4.0,88.0,69.0,9.875,,,7,2.0,90.5,90.5,6.5,,,4.0,1.0,79.0,79.0,,,,4.0,11.5,-2.5
E07DL1FFLB,4.0,88.0,88.0,10.75,,,4,2.0,90.5,90.5,6.5,,,4.0,1.0,79.0,79.0,,,,4.0,11.5,-2.5
E07DL1FGLA,4.0,87.5,87.0,14.083333333333334,,,10,2.0,66.0,66.0,21.5,,,2.0,1.0,79.0,79.0,,,,4.0,-13.0,21.5
E07DL1FGLB,4.0,81.0,88.5,9.375,,,7,2.0,66.0,66.0,21.5,,,2.0,1.0,79.0,79.0,,,,4.0,-13.0,15.0
E07DL1FHLA,4.0,93.0,93.0,22.1,,,8,2.0,89.0,89.0,7.0,,,2.0,1.0,79.0,79.0,,,,4.0,10.0,4.0
E07DL1FHLB,4.0,92.5,90.0,15.75,,,19,2.0,89.0,89.0,7.0,,,2.0,1.0,79.0,79.0,,,,4.0,10.0,3.5
E07DL1FJLA,4.0,82.5,85.0,8.0,,,7,2.0,85.0,85.0,9.5,,,4.0,1.0,79.0,79.0,,,,4.0,6.0,-2.5
E07DL1FJLB,4.0,93.5,93.5,7.333333333333333,,,6,2.0,85.0,85.0,9.5,,,4.0,1.0,79.0,79.0,,,,4.0,6.0,8.5
E07DL1FKLA,4.0,90.5,90.5,15.166666666666666,,,6,2.0,81.0,81.0,10.0,,,2.0,1.0,79.0,79.0,,,,4.0,2.0,9.5
E07DL1FKLB,4.0,91.0,83.5,11.25,,,7,2.0,81.0,81.0,10.0,,,2.0,1.0,79.0,79.0,,,,4.0,2.0,10.0
E07DL1FLLA,4.0,65.5,65.5,17.0,,,8,2.0,90.0,90.0,4.0,,,2.0,1.0,79.0,79.0,,,,4.0,11.0,-24.5
E07DL1FLLB,4.0,69.5,69.5,25.9,,,8,2.0,90.0,90.0,4.0,,,2.0,1.0,79.0,79.0,,,,4.0,11.0,-20.5
E07DL1FLLC,4.0,91.5,91.5,17.75,,,4,2.0,90.0,90.0,4.0,,,2.0,1.0,79.0,79.0,,,,4.0,11.0,1.5
E07DL1FMLA,4.0,74.5,89.0,10.1,,,9,2.0,80.0,80.0,9.5,,,4.0,1.0,79.0,79.0,,,,4.0,1.0,-5.5
E07DL1FMLB,4.0,93.0,93.0,9.833333333333334,,,6,2.0,80.0,80.0,9.5,,,4.0,1.0,79.0,79.0,,,,4.0,1.0,13.0
E07DL1FMLC,4.0,91.5,92.0,11.2,,,9,2.0,80.0,80.0,9.5,,,4.0,1.0,79.0,79.0,,,,4.0,1.0,11.5
E07DL1FNLA,4.0,91.5,89.5,7.6,,,9,2.0,91.0,91.0,7.0,,,2.0,1.0,79.0,79.0,,,,4.0,12.0,0.5
E07DL1FNLB,4.0,90.5,92.5,10.125,,,7,2.0,91.0,91.0,7.0,,,2.0,1.0,79.0,79.0,,,,4.0,12.0,-0.5
E07EQ08CEA,4.0,78.5,78.5,25.2,,,10,2.0,62.5,62.5,15.0,,,4.0,1.0,73.5,73.5,,,,2.0,-11.0,16.0
E07EQ08CEB,4.0,69.5,75.5,32.916666666666664,,,12,2.0,62.5,62.5,15.0,,,4.0,1.0,73.5,73.5,,,,2.0,-11.0,7.0
E07EQ08CEC,4.0,80.5,80.5,41.111111111111114,,,18,2.0,62.5,62.5,15.0,,,4.0,1.0,73.5,73.5,,,,2.0,-11.0,18.0
E07EQ08CEF,4.0,,84.33,26.0,,,8,2.0,62.5,62.5,15.0,,,4.0,1.0,73.5,73.5,,,,2.0,-11.0,
E07EQ08DEA,4.0,86.0,78.0,36.54545454545455,,,21,2.0,81.5,81.5,3.5,,,4.0,1.0,73.5,73.5,,,,2.0,8.0,4.5
E07EQ08DEB,4.0,75.5,76.0,22.583333333333332,,,12,2.0,81.5,81.5,3.5,,,4.0,1.0,73.5,73.5,,,,2.0,8.0,-6.0
E07EQ08DEC,4.0,,71.0,41.5,,,8,2.0,81.5,81.5,3.5,,,4.0,1.0,73.5,73.5,,,,2.0,8.0,
E07EQ08DED,4.0,61.0,67.0,38.25,,,6,2.0,81.5,81.5,3.5,,,4.0,1.0,73.5,73.5,,,,2.0,8.0,-20.5
E07EQ08EEA,4.0,78.0,78.0,23.5,,,12,2.0,81.5,81.5,13.0,,,4.0,1.0,73.5,73.5,,,,2.0,8.0,-3.5
E07EQ08EEB,4.0,86.0,86.0,21.1,,,10,2.0,81.5,81.5,13.0,,,4.0,1.0,73.5,73.5,,,,2.0,8.0,4.5
E07EQ08FEA,4.0,76.0,89.5,19.392857142857142,,,25,2.0,83.5,83.5,5.0,,,2.0,1.0,73.5,73.5,,,,2.0,10.0,-7.5
E07EQ08FEB,4.0,89.0,85.5,26.666666666666668,,,12,2.0,83.5,83.5,5.0,,,2.0,1.0,73.5,73.5,,,,2.0,10.0,5.5
E07EQ08GEA,4.0,83.0,83.0,25.0,,,6,2.0,87.5,87.5,6.5,,,4.0,1.0,73.5,73.5,,,,2.0,14.0,-4.5
E07JB1NQLE,4.0,,65.0,24.0,,,4,2.0,34.5,73.0,23.25,,,7.0,1.0,41.5,61.75,32.979166666666664,,,21.0,-7.0,
E07JB1NQLF,4.0,,79.5,11.0,,,2,2.0,34.5,73.0,23.25,,,7.0,1.0,41.5,61.75,32.979166666666664,,,21.0,-7.0,
E07JB1NRLA,4.0,80.5,86.0,10.333333333333334,,,10,2.0,34.0,78.5,23.125,,,7.0,1.0,41.5,61.75,32.979166666666664,,,21.0,-7.5,46.5
E07JB1NRLB,4.0,,81.5,10.0,,,2,2.0,34.0,78.5,23.125,,,7.0,1.0,41.5,61.75,32.979166666666664,,,21.0,-7.5,
E07KL1JKLA,4.0,64.0,63.5,17.666666666666668,,,8,2.0,27.0,27.0,44.0,,,2.0,1.0,7.5,19.75,43.27777777777778,,,16.0,19.5,37.0
E07KL1JKLB,4.0,69.0,63.5,17.75,,,13,2.0,27.0,27.0,44.0,,,2.0,1.0,7.5,19.75,43.27777777777778,,,16.0,19.5,42.0
E07KL1JKLC,4.0,56.5,56.5,11.5,,,5,2.0,27.0,27.0,44.0,,,2.0,1.0,7.5,19.75,43.27777777777778,,,16.0,19.5,29.5
E07KL1JKLD,4.0,77.0,58.0,16.25,,,16,2.0,27.0,27.0,44.0,,,2.0,1.0,7.5,19.75,43.27777777777778,,,16.0,19.5,50.0
E07KL1JKLE,4.0,71.0,46.0,17.5,,,7,2.0,27.0,27.0,44.0,,,2.0,1.0,7.5,19.75,43.27777777777778,,,16.0,19.5,44.0
E07KL1JLLA,4.0,60.0,47.0,22.833333333333332,,,9,2.0,41.0,41.0,23.5,,,4.0,1.0,7.5,19.75,43.27777777777778,,,16.0,33.5,19.0
E07LB1NMLA,4.0,65.5,47.0,19.5,,,9,2.0,58.5,58.5,22.5,,,2.0,1.0,54.0,72.5,15.397777777777776,,,16.0,4.5,7.0
E07LB1NMLB,4.0,65.0,70.5,17.0,,,10,2.0,58.5,58.5,22.5,,,2.0,1.0,54.0,72.5,15.397777777777776,,,16.0,4.5,6.5
E07LB1NNLA,4.0,69.5,80.0,14.5,,,9,2.0,65.0,65.0,19.0,,,2.0,1.0,54.0,72.5,15.397777777777776,,,16.0,11.0,4.5
E07VQ08SEA,4.0,90.5,90.5,76.5,,,14,2.0,81.0,81.0,7.5,,,4.0,1.0,79.25,79.25,,,,2.0,1.75,9.5
E07VQ08SEB,4.0,,82.67,33.75,,,8,2.0,81.0,81.0,7.5,,,4.0,1.0,79.25,79.25,,,,2.0,1.75,
E07VQ08SEC,4.0,86.0,86.0,36.388888888888886,,,17,2.0,81.0,81.0,7.5,,,4.0,1.0,79.25,79.25,,,,2.0,1.75,5.0
E07VQ08SED,4.0,88.5,88.5,28.833333333333332,,,6,2.0,81.0,81.0,7.5,,,4.0,1.0,79.25,79.25,,,,2.0,1.75,7.5
E07VQ08SEE,4.0,,76.0,40.25,,,4,2.0,81.0,81.0,7.5,,,4.0,1.0,79.25,79.25,,,,2.0,1.75,
E07VQ08SEF,4.0,69.0,64.0,59.666666666666664,,,10,2.0,81.0,81.0,7.5,,,4.0,1.0,79.25,79.25,,,,2.0,1.75,-12.0
E07VQ08SEG,4.0,84.0,84.0,72.4,,,14,2.0,81.0,81.0,7.5,,,4.0,1.0,79.25,79.25,,,,2.0,1.75,3.0
E07VQ08SEH,4.0,69.0,69.0,86.5,,,8,2.0,81.0,81.0,7.5,,,4.0,1.0,79.25,79.25,,,,2.0,1.75,-12.0
E07VQ08SEJ,4.0,69.0,69.0,86.5,,,8,2.0,81.0,81.0,7.5,,,4.0,1.0,79.25,79.25,,,,2.0,1.75,-12.0
E07VQ08TEA,4.0,77.0,90.5,26.90909090909091,,,22,2.0,79.0,79.0,10.0,,,4.0,1.0,79.25,79.25,,,,2.0,-0.25,-2.0
E07VQ08UEA,4.0,80.0,80.0,50.666666666666664,,,10,2.0,74.5,74.5,15.0,,,2.0,1.0,79.25,79.25,,,,2.0,-4.75,5.5
E07VQ08VEA,4.0,61.5,61.5,57.0,,,8,2.0,72.0,72.0,12.0,,,4.0,1.0,79.25,79.25,,,,2.0,-7.25,-10.5
E07VQ08VEB,4.0,50.0,62.0,54.125,,,30,2.0,72.0,72.0,12.0,,,4.0,1.0,79.25,79.25,,,,2.0,-7.25,-22.0
E07VQ08VEC,4.0,86.0,39.0,47.375,,,10,2.0,72.0,72.0,12.0,,,4.0,1.0,79.25,79.25,,,,2.0,-7.25,14.0
E07WH1UJLB,4.0,89.5,82.5,5.5,,,11,2.0,62.0,62.0,12.0,,,4.0,1.0,72.75,72.75,,,,4.0,-10.75,27.5
E07WH1UJLC,4.0,90.0,70.0,4.333333333333333,,,9,2.0,62.0,62.0,12.0,,,4.0,1.0,72.75,72.75,,,,4.0,-10.75,28.0
E07WH1UKLA,4.0,86.0,84.0,5.25,,,7,2.0,49.0,49.0,14.0,,,4.0,1.0,72.75,72.75,,,,4.0,-23.75,37.0
E07WQ08WEA,4.0,67.5,67.0,34.916666666666664,,,12,2.0,48.0,48.0,25.0,,,4.0,1.0,72.75,72.75,,,,4.0,-24.75,19.5
E07WQ08WEB,4.0,61.0,74.5,63.875,,,14,2.0,48.0,48.0,25.0,,,4.0,1.0,72.75,72.75,,,,4.0,-24.75,13.0
E07WQ08WEC,4.0,41.0,44.0,51.375,,,14,2.0,48.0,48.0,25.0,,,4.0,1.0,72.75,72.75,,,,4.0,-24.75,-7.0
E07WQ08WED,4.0,61.0,61.0,82.5,,,8,2.0,48.0,48.0,25.0,,,4.0,1.0,72.75,72.75,,,,4.0,-24.75,13.0
E07WQ08WEE,4.0,60.0,66.5,15.0,,,12,2.0,48.0,48.0,25.0,,,4.0,1.0,72.75,72.75,,,,4.0,-24.75,12.0
E07WQ08WEF,4.0,60.0,41.0,16.5,,,14,2.0,48.0,48.0,25.0,,,4.0,1.0,72.75,72.75,,,,4.0,-24.75,12.0
E07WQ08WEG,4.0,60.0,47.0,,,,10,2.0,48.0,48.0,25.0,,,4.0,1.0,72.75,72.75,,,,4.0,-24.75,12.0
E07WQ08WEH,4.0,45.0,85.5,7.5,,,17,2.0,48.0,48.0,25.0,,,4.0,1.0,72.75,72.75,,,,4.0,-24.75,-3.0
E07WQ08WEJ,4.0,80.5,64.5,26.3,,,11,2.0,48.0,48.0,25.0,,,4.0,1.0,72.75,72.75,,,,4.0,-24.75,32.5
E07ZB1MHLB,4.0,,72.0,,,,4,2.0,61.0,61.0,19.0,,,4.0,1.0,53.5,43.75,19.1875,,,14.0,7.5,
E07ZB1MHLC,4.0,68.5,60.0,16.833333333333332,,,8,2.0,61.0,61.0,19.0,,,4.0,1.0,53.5,43.75,19.1875,,,14.0,7.5,7.5
E082H1VPLC,4.0,64.5,75.0,23.0,,,9,2.0,71.0,71.0,18.5,,,4.0,1.0,76.5,76.5,,,,4.0,-5.5,-6.5
E082H1VPLD,4.0,65.5,64.5,20.75,,,7,2.0,71.0,71.0,18.5,,,4.0,1.0,76.5,76.5,,,,4.0,-5.5,-5.5
E082H1VQLC,4.0,,77.0,,,,4,2.0,67.5,67.5,22.0,,,4.0,1.0,76.5,76.5,,,,4.0,-9.0,
E082H1VQLD,4.0,,82.0,,,,4,2.0,67.5,67.5,22.0,,,4.0,1.0,76.5,76.5,,,,4.0,-9.0,
E082H1VQLE,4.0,,89.0,,,,4,2.0,67.5,67.5,22.0,,,4.0,1.0,76.5,76.5,,,,4.0,-9.0,
E082H1VRLA,4.0,,86.0,,,,4,2.0,65.5,65.5,21.5,,,4.0,1.0,76.5,76.5,,,,4.0,-11.0,
E082H1VRLB,4.0,,82.0,,,,4,2.0,65.5,65.5,21.5,,,4.0,1.0,76.5,76.5,,,,4.0,-11.0,
E082Q08XEA,4.0,69.5,69.5,36.8,,,10,2.0,74.5,74.5,17.0,,,2.0,1.0,76.5,76.5,,,,4.0,-2.0,-5.0
E083B1NSLA,4.0,81.0,81.0,13.5,,,8,2.0,49.5,49.5,29.0,,,4.0,1.0,19.5,64.5,30.416666666666668,,,16.0,30.0,31.5
E083B1NSLB,4.0,71.0,71.0,,,,8,2.0,49.5,49.5,29.0,,,4.0,1.0,19.5,64.5,30.416666666666668,,,16.0,30.0,21.5
E083B1NSLC,4.0,66.0,73.5,14.6,,,16,2.0,49.5,49.5,29.0,,,4.0,1.0,19.5,64.5,30.416666666666668,,,16.0,30.0,16.5
E083B1NSLD,4.0,62.0,67.0,14.75,,,12,2.0,49.5,49.5,29.0,,,4.0,1.0,19.5,64.5,30.416666666666668,,,16.0,30.0,12.5
E083B1NSLE,4.0,76.5,82.5,16.25,,,8,2.0,49.5,49.5,29.0,,,4.0,1.0,19.5,64.5,30.416666666666668,,,16.0,30.0,27.0
E083B1PFLA,4.0,77.0,79.0,13.0,,,6,2.0,37.5,37.5,41.5,,,4.0,1.0,19.5,64.5,30.416666666666668,,,16.0,18.0,39.5
E084H1UMLA,4.0,73.5,38.0,22.5,,,11,2.0,38.5,38.5,23.0,,,4.0,1.0,58.4,58.4,23.4,,,2.0,-19.9,35.0
E084H1UMLC,4.0,67.5,65.5,20.0,,,8,2.0,38.5,38.5,23.0,,,4.0,1.0,58.4,58.4,23.4,,,2.0,-19.9,29.0
E084H1UMLD,4.0,,86.0,,,,6,2.0,38.5,38.5,23.0,,,4.0,1.0,58.4,58.4,23.4,,,2.0,-19.9,
E084H1UNLA,4.0,61.0,61.0,20.0,,,14,2.0,70.5,70.5,18.0,,,4.0,1.0,58.4,58.4,23.4,,,2.0,12.100000000000001,-9.5
E084H1UNLB,4.0,65.0,65.0,19.0,,,14,2.0,70.5,70.5,18.0,,,4.0,1.0,58.4,58.4,23.4,,,2.0,12.100000000000001,-5.5
E084H1UNLC,4.0,67.5,67.5,20.5,,,18,2.0,70.5,70.5,18.0,,,4.0,1.0,58.4,58.4,23.4,,,2.0,12.100000000000001,-3.0
E084H1UNLD,4.0,64.0,64.0,18.5,,,5,2.0,70.5,70.5,18.0,,,4.0,1.0,58.4,58.4,23.4,,,2.0,12.100000000000001,-6.5
E084H1UPLA,4.0,77.0,77.0,17.5,,,8,2.0,65.5,65.5,14.5,,,4.0,1.0,58.4,58.4,23.4,,,2.0,7.100000000000001,11.5
E084H1UPLB,4.0,76.5,62.0,21.25,,,8,2.0,65.5,65.5,14.5,,,4.0,1.0,58.4,58.4,23.4,,,2.0,7.100000000000001,11.0
E084H1UPLC,4.0,65.5,68.5,22.75,,,6,2.0,65.5,65.5,14.5,,,4.0,1.0,58.4,58.4,23.4,,,2.0,7.100000000000001,0.0
E084H1UQLA,4.0,74.0,63.5,20.25,,,7,2.0,68.5,68.5,19.5,,,2.0,1.0,58.4,58.4,23.4,,,2.0,10.100000000000001,5.5
E084H1UQLB,4.0,77.5,65.0,18.9375,,,23,2.0,68.5,68.5,19.5,,,2.0,1.0,58.4,58.4,23.4,,,2.0,10.100000000000001,9.0
E084H1UQLC,4.0,74.0,75.0,16.5,,,9,2.0,68.5,68.5,19.5,,,2.0,1.0,58.4,58.4,23.4,,,2.0,10.100000000000001,5.5
E084H1URLA,4.0,69.5,48.0,23.666666666666668,,,11,2.0,64.5,64.5,16.5,,,4.0,1.0,58.4,58.4,23.4,,,2.0,6.100000000000001,5.0
E084H1URLB,4.0,73.5,43.0,24.25,,,10,2.0,64.5,64.5,16.5,,,4.0,1.0,58.4,58.4,23.4,,,2.0,6.100000000000001,9.0
E084H1URLD,4.0,73.5,63.5,21.0,,,10,2.0,64.5,64.5,16.5,,,4.0,1.0,58.4,58.4,23.4,,,2.0,6.100000000000001,9.0
E084H1USLA,4.0,58.5,58.5,13.75,,,5,2.0,66.5,66.5,16.0,,,4.0,1.0,58.4,58.4,23.4,,,2.0,8.100000000000001,-8.0
E084H1USLB,4.0,,70.0,,,,6,2.0,66.5,66.5,16.0,,,4.0,1.0,58.4,58.4,23.4,,,2.0,8.100000000000001,
E084H1UTLA,4.0,71.5,67.5,21.5,,,10,2.0,62.0,62.0,28.0,,,4.0,1.0,58.4,58.4,23.4,,,2.0,3.6000000000000014,9.5
E084H1UTLB,4.0,72.5,65.0,21.625,,,13,2.0,62.0,62.0,28.0,,,4.0,1.0,58.4,58.4,23.4,,,2.0,3.6000000000000014,10.5
E084H1UTLC,4.0,64.5,64.5,20.5,,,6,2.0,62.0,62.0,28.0,,,4.0,1.0,58.4,58.4,23.4,,,2.0,3.6000000000000014,2.5
E090L1DZLC,4.0,70.5,61.5,16.75,,,9,2.0,16.0,45.0,26.25,,,10.0,1.0,55.94,55.94,24.3,,,2.0,-39.94,54.5
E090L1DZLD,4.0,76.0,52.0,19.0,,,11,2.0,16.0,45.0,26.25,,,10.0,1.0,55.94,55.94,24.3,,,2.0,-39.94,60.0
E090L1EALA,4.0,39.5,39.5,26.0,,,8,2.0,29.5,29.0,24.375,,,10.0,1.0,55.94,55.94,24.3,,,2.0,-26.439999999999998,10.0
E090L1EALB,4.0,76.5,53.0,15.833333333333334,,,11,2.0,29.5,29.0,24.375,,,10.0,1.0,55.94,55.94,24.3,,,2.0,-26.439999999999998,47.0
E090L1EALC,4.0,75.5,45.5,16.0,,,9,2.0,29.5,29.0,24.375,,,10.0,1.0,55.94,55.94,24.3,,,2.0,-26.439999999999998,46.0
E090L1EBLA,4.0,59.0,77.0,16.0,,,6,2.0,32.5,32.0,29.333333333333332,,,8.0,1.0,55.94,55.94,24.3,,,2.0,-23.439999999999998,26.5
E090L1EBLB,4.0,73.0,73.0,17.0,,,5,2.0,32.5,32.0,29.333333333333332,,,8.0,1.0,55.94,55.94,24.3,,,2.0,-23.439999999999998,40.5
E090L1EBLC,4.0,78.5,42.5,15.5,,,6,2.0,32.5,32.0,29.333333333333332,,,8.0,1.0,55.94,55.94,24.3,,,2.0,-23.439999999999998,46.0
E090L1ECLA,4.0,73.0,46.5,19.5,,,10,2.0,25.5,31.5,25.0,,,10.0,1.0,55.94,55.94,24.3,,,2.0,-30.439999999999998,47.5
E090L1ECLB,4.0,55.5,55.5,16.5,,,4,2.0,25.5,31.5,25.0,,,10.0,1.0,55.94,55.94,24.3,,,2.0,-30.439999999999998,30.0
E090L1EDLA,4.0,79.5,47.0,14.25,,,8,2.0,33.5,29.5,20.5,,,8.0,1.0,55.94,55.94,24.3,,,2.0,-22.439999999999998,46.0
E090L1EDLB,4.0,63.5,63.5,14.5,,,4,2.0,33.5,29.5,20.5,,,8.0,1.0,55.94,55.94,24.3,,,2.0,-22.439999999999998,30.0
E090L1EELA,4.0,82.0,49.5,12.833333333333334,,,11,2.0,43.0,36.0,19.77777777777778,,,8.0,1.0,55.94,55.94,24.3,,,2.0,-12.939999999999998,39.0
E093L1WALA,4.0,,73.5,12.5,,,2,2.0,58.5,58.5,28.0,,,4.0,1.0,74.27,81.8,0.875,,,5.0,-15.769999999999996,
E093L1WALD,4.0,,77.0,11.5,,,4,2.0,58.5,58.5,28.0,,,4.0,1.0,74.27,81.8,0.875,,,5.0,-15.769999999999996,
E093L1WBLC,4.0,78.0,80.5,11.61111111111111,,,14,2.0,54.5,50.0,13.5,,,6.0,1.0,74.27,81.8,0.875,,,5.0,-19.769999999999996,23.5
E093L1WBLD,4.0,81.5,77.5,12.833333333333334,,,10,2.0,54.5,50.0,13.5,,,6.0,1.0,74.27,81.8,0.875,,,5.0,-19.769999999999996,27.0
E093L1WCLB,4.0,,79.0,10.5,,,4,2.0,63.5,63.5,24.5,,,2.0,1.0,74.27,81.8,0.875,,,5.0,-10.769999999999996,
E093L1WCLD,4.0,,77.0,10.0,,,4,2.0,63.5,63.5,24.5,,,2.0,1.0,74.27,81.8,0.875,,,5.0,-10.769999999999996,
E093L1WJEA,4.0,,65.5,9.5,,,2,2.0,68.5,34.5,16.666666666666668,,,17.0,1.0,74.27,81.8,0.875,,,5.0,-5.769999999999996,
E094B2NMLA,4.0,80.5,73.5,15.333333333333334,,,5,2.0,79.0,79.0,14.5,,,4.0,1.0,60.57000000000001,78.5,,,,5.0,18.429999999999993,1.5
E094B2NMLB,4.0,84.0,69.5,13.625,,,7,2.0,79.0,79.0,14.5,,,4.0,1.0,60.57000000000001,78.5,,,,5.0,18.429999999999993,5.0
E094B2NMLC,4.0,,82.5,9.5,,,4,2.0,79.0,79.0,14.5,,,4.0,1.0,60.57000000000001,78.5,,,,5.0,18.429999999999993,
E094B2NNLA,4.0,,78.0,14.0,,,4,2.0,82.0,74.5,9.5,,,6.0,1.0,60.57000000000001,78.5,,,,5.0,21.429999999999993,
E094B2NNLB,4.0,,74.5,17.5,,,4,2.0,82.0,74.5,9.5,,,6.0,1.0,60.57000000000001,78.5,,,,5.0,21.429999999999993,
E094B2NNLC,4.0,,74.0,14.0,,,4,2.0,82.0,74.5,9.5,,,6.0,1.0,60.57000000000001,78.5,,,,5.0,21.429999999999993,
E094B2NPLA,4.0,75.0,63.0,17.666666666666668,,,5,2.0,60.0,60.0,23.0,,,4.0,1.0,60.57000000000001,78.5,,,,5.0,-0.5700000000000074,15.0
E094B2NPLB,4.0,78.0,66.0,17.166666666666668,,,5,2.0,60.0,60.0,23.0,,,4.0,1.0,60.57000000000001,78.5,,,,5.0,-0.5700000000000074,18.0
E094B2NPLC,4.0,74.5,71.5,12.875,,,7,2.0,60.0,60.0,23.0,,,4.0,1.0,60.57000000000001,78.5,,,,5.0,-0.5700000000000074,14.5
E094B2NQLA,4.0,,68.0,26.5,,,4,2.0,76.0,74.5,9.75,,,6.0,1.0,60.57000000000001,78.5,,,,5.0,15.429999999999993,
E094B2NQLB,4.0,,70.5,11.0,,,4,2.0,76.0,74.5,9.75,,,6.0,1.0,60.57000000000001,78.5,,,,5.0,15.429999999999993,
E094B2NQLC,4.0,,74.5,29.0,,,2,2.0,76.0,74.5,9.75,,,6.0,1.0,60.57000000000001,78.5,,,,5.0,15.429999999999993,
E094B2NRLA,4.0,74.5,69.5,15.875,,,7,2.0,70.5,70.5,18.0,,,4.0,1.0,60.57000000000001,78.5,,,,5.0,9.929999999999993,4.0
E094B2NRLB,4.0,78.0,44.0,14.428571428571429,,,20,2.0,70.5,70.5,18.0,,,4.0,1.0,60.57000000000001,78.5,,,,5.0,9.929999999999993,7.5
E094B2NRLC,4.0,76.0,66.0,18.166666666666668,,,10,2.0,70.5,70.5,18.0,,,4.0,1.0,60.57000000000001,78.5,,,,5.0,9.929999999999993,5.5
E094B2NSLA,4.0,71.0,69.5,18.375,,,7,2.0,50.5,72.0,15.0,,,3.0,1.0,60.57000000000001,78.5,,,,5.0,-10.070000000000007,20.5
E094B2NSLB,4.0,,69.5,21.5,,,4,2.0,50.5,72.0,15.0,,,3.0,1.0,60.57000000000001,78.5,,,,5.0,-10.070000000000007,
E094B2NTLA,4.0,,66.0,20.0,,,4,2.0,69.0,69.0,22.0,,,4.0,1.0,60.57000000000001,78.5,,,,5.0,8.429999999999993,
E094B2NTLB,4.0,,68.0,15.5,,,4,2.0,69.0,69.0,22.0,,,4.0,1.0,60.57000000000001,78.5,,,,5.0,8.429999999999993,
E094B2NTLC,4.0,,66.5,19.0,,,4,2.0,69.0,69.0,22.0,,,4.0,1.0,60.57000000000001,78.5,,,,5.0,8.429999999999993,
E094B2NULA,4.0,78.0,70.5,17.7,,,8,2.0,65.0,65.0,24.0,,,2.0,1.0,60.57000000000001,78.5,,,,5.0,4.429999999999993,13.0
E094B2NULB,4.0,77.0,71.5,15.5,,,5,2.0,65.0,65.0,24.0,,,2.0,1.0,60.57000000000001,78.5,,,,5.0,4.429999999999993,12.0
E094B2NULC,4.0,69.5,68.0,19.428571428571427,,,10,2.0,65.0,65.0,24.0,,,2.0,1.0,60.57000000000001,78.5,,,,5.0,4.429999999999993,4.5
E094B2NVLD,4.0,73.0,75.5,17.666666666666668,,,5,2.0,68.5,68.5,20.0,,,4.0,1.0,60.57000000000001,78.5,,,,5.0,7.929999999999993,4.5
E094B2NVLE,4.0,70.5,77.0,15.875,,,7,2.0,68.5,68.5,20.0,,,4.0,1.0,60.57000000000001,78.5,,,,5.0,7.929999999999993,2.0
E094B2NVLG,4.0,73.0,72.0,18.5,,,5,2.0,68.5,68.5,20.0,,,4.0,1.0,60.57000000000001,78.5,,,,5.0,7.929999999999993,4.5
E094B2NWLA,4.0,,77.0,12.5,,,2,2.0,64.0,64.0,25.0,,,4.0,1.0,60.57000000000001,78.5,,,,5.0,3.4299999999999926,
E094B2NWLB,4.0,,77.5,12.5,,,2,2.0,64.0,64.0,25.0,,,4.0,1.0,60.57000000000001,78.5,,,,5.0,3.4299999999999926,
E094B2NWLC,4.0,,75.0,16.5,,,4,2.0,64.0,64.0,25.0,,,4.0,1.0,60.57000000000001,78.5,,,,5.0,3.4299999999999926,
E094B2NXLA,4.0,73.0,71.0,19.5,,,8,2.0,59.5,59.5,30.0,,,4.0,1.0,60.57000000000001,78.5,,,,5.0,-1.0700000000000074,13.5
E094B2NXLB,4.0,77.0,66.5,17.27777777777778,,,14,2.0,59.5,59.5,30.0,,,4.0,1.0,60.57000000000001,78.5,,,,5.0,-1.0700000000000074,17.5
E094B2NXLC,4.0,,78.0,13.5,,,4,2.0,59.5,59.5,30.0,,,4.0,1.0,60.57000000000001,78.5,,,,5.0,-1.0700000000000074,
E094B2NZLA,4.0,74.0,72.0,15.25,,,7,2.0,69.5,69.5,23.5,,,4.0,1.0,60.57000000000001,78.5,,,,5.0,8.929999999999993,4.5
E094B2NZLB,4.0,78.0,75.0,14.6,,,8,2.0,69.5,69.5,23.5,,,4.0,1.0,60.57000000000001,78.5,,,,5.0,8.929999999999993,8.5
E094B2NZLC,4.0,78.5,77.5,16.083333333333332,,,10,2.0,69.5,69.5,23.5,,,4.0,1.0,60.57000000000001,78.5,,,,5.0,8.929999999999993,9.0
E094B2PALA,4.0,79.0,71.5,14.75,,,7,2.0,65.0,65.0,28.5,,,4.0,1.0,60.57000000000001,78.5,,,,5.0,4.429999999999993,14.0
E094B2PALB,4.0,76.0,73.5,15.0,,,10,2.0,65.0,65.0,28.5,,,4.0,1.0,60.57000000000001,78.5,,,,5.0,4.429999999999993,11.0
E094B2PALC,4.0,,77.0,15.5,,,4,2.0,65.0,65.0,28.5,,,4.0,1.0,60.57000000000001,78.5,,,,5.0,4.429999999999993,
E094B2PBLA,4.0,75.0,79.0,14.0,,,7,2.0,70.0,70.0,21.0,,,4.0,1.0,60.57000000000001,78.5,,,,5.0,9.429999999999993,5.0
E094B2PBLB,4.0,,76.5,13.5,,,4,2.0,70.0,70.0,21.0,,,4.0,1.0,60.57000000000001,78.5,,,,5.0,9.429999999999993,
E094B2PBLC,4.0,,80.5,10.5,,,2,2.0,70.0,70.0,21.0,,,4.0,1.0,60.57000000000001,78.5,,,,5.0,9.429999999999993,
E094B2PCLB,4.0,80.0,61.0,14.428571428571429,,,20,2.0,71.5,71.5,14.5,,,4.0,1.0,60.57000000000001,78.5,,,,5.0,10.929999999999993,8.5
E094B2PCLC,4.0,78.0,77.0,15.875,,,7,2.0,71.5,71.5,14.5,,,4.0,1.0,60.57000000000001,78.5,,,,5.0,10.929999999999993,6.5
E094B2PDLA,4.0,77.0,70.5,17.5,,,10,2.0,76.0,76.0,3.5,,,4.0,1.0,60.57000000000001,78.5,,,,5.0,15.429999999999993,1.0
E094B2PDLB,4.0,81.5,69.0,15.5,,,14,2.0,76.0,76.0,3.5,,,4.0,1.0,60.57000000000001,78.5,,,,5.0,15.429999999999993,5.5
E094B2PDLC,4.0,75.5,71.5,14.375,,,7,2.0,76.0,76.0,3.5,,,4.0,1.0,60.57000000000001,78.5,,,,5.0,15.429999999999993,-0.5
E094B2PELA,4.0,76.5,76.0,13.25,,,7,2.0,77.5,77.5,14.0,,,4.0,1.0,60.57000000000001,78.5,,,,5.0,16.929999999999993,-1.0
E094B2PELB,4.0,79.0,67.0,15.444444444444445,,,13,2.0,77.5,77.5,14.0,,,4.0,1.0,60.57000000000001,78.5,,,,5.0,16.929999999999993,1.5
E094B2PELD,4.0,,84.5,9.5,,,4,2.0,77.5,77.5,14.0,,,4.0,1.0,60.57000000000001,78.5,,,,5.0,16.929999999999993,
E094B2PELE,4.0,82.5,69.0,14.166666666666666,,,10,2.0,77.5,77.5,14.0,,,4.0,1.0,60.57000000000001,78.5,,,,5.0,16.929999999999993,5.0
E094B2PFLA,4.0,,73.5,13.5,,,2,2.0,66.0,66.0,23.5,,,2.0,1.0,60.57000000000001,78.5,,,,5.0,5.429999999999993,
E094B2PFLB,4.0,,78.5,12.0,,,4,2.0,66.0,66.0,23.5,,,2.0,1.0,60.57000000000001,78.5,,,,5.0,5.429999999999993,
E094B2PFLC,4.0,,78.0,13.0,,,4,2.0,66.0,66.0,23.5,,,2.0,1.0,60.57000000000001,78.5,,,,5.0,5.429999999999993,
E094B2PGLA,4.0,77.0,71.5,16.6,,,16,2.0,68.5,68.5,21.0,,,4.0,1.0,60.57000000000001,78.5,,,,5.0,7.929999999999993,8.5
E094B2PGLB,4.0,83.5,64.5,16.916666666666668,,,18,2.0,68.5,68.5,21.0,,,4.0,1.0,60.57000000000001,78.5,,,,5.0,7.929999999999993,15.0
E094B2PGLC,4.0,,71.5,21.0,,,2,2.0,68.5,68.5,21.0,,,4.0,1.0,60.57000000000001,78.5,,,,5.0,7.929999999999993,
E094B2PHLA,4.0,87.5,78.0,11.875,,,7,2.0,83.0,83.0,14.0,,,4.0,1.0,60.57000000000001,78.5,,,,5.0,22.429999999999993,4.5
E094B2PHLB,4.0,,79.5,15.0,,,2,2.0,83.0,83.0,14.0,,,4.0,1.0,60.57000000000001,78.5,,,,5.0,22.429999999999993,
E094B2PJLA,4.0,86.0,76.5,13.875,,,19,2.0,69.0,69.0,22.0,,,4.0,1.0,60.57000000000001,78.5,,,,5.0,8.429999999999993,17.0
E094B2PJLB,4.0,81.0,79.5,12.625,,,7,2.0,69.0,69.0,22.0,,,4.0,1.0,60.57000000000001,78.5,,,,5.0,8.429999999999993,12.0
E094B2PJLC,4.0,86.5,80.5,11.5,,,10,2.0,69.0,69.0,22.0,,,4.0,1.0,60.57000000000001,78.5,,,,5.0,8.429999999999993,17.5
E094B2PKLA,4.0,,84.0,11.0,,,2,2.0,72.0,72.0,17.5,,,4.0,1.0,60.57000000000001,78.5,,,,5.0,11.429999999999993,
E094B2PKLB,4.0,72.0,83.0,15.4,,,8,2.0,72.0,72.0,17.5,,,4.0,1.0,60.57000000000001,78.5,,,,5.0,11.429999999999993,0.0
E094B2PLLA,4.0,70.5,73.5,15.6,,,8,2.0,59.0,59.0,25.5,,,4.0,1.0,60.57000000000001,78.5,,,,5.0,-1.5700000000000074,11.5
E094B2PLLB,4.0,80.0,67.0,14.2,,,8,2.0,59.0,59.0,25.5,,,4.0,1.0,60.57000000000001,78.5,,,,5.0,-1.5700000000000074,21.0
E094B2PLLC,4.0,,75.0,14.0,,,4,2.0,59.0,59.0,25.5,,,4.0,1.0,60.57000000000001,78.5,,,,5.0,-1.5700000000000074,
E094B2PMLA,4.0,,80.5,12.5,,,4,2.0,68.5,68.5,20.5,,,4.0,1.0,60.57000000000001,78.5,,,,5.0,7.929999999999993,
E094B2PMLB,4.0,,83.0,11.5,,,2,2.0,68.5,68.5,20.5,,,4.0,1.0,60.57000000000001,78.5,,,,5.0,7.929999999999993,
E094B2PNLA,4.0,82.0,70.5,15.222222222222221,,,14,2.0,59.0,59.0,27.0,,,4.0,1.0,60.57000000000001,78.5,,,,5.0,-1.5700000000000074,23.0
E094B2PNLB,4.0,80.5,73.5,13.4,,,8,2.0,59.0,59.0,27.0,,,4.0,1.0,60.57000000000001,78.5,,,,5.0,-1.5700000000000074,21.5
E094B2PPLA,4.0,75.5,75.5,15.5,,,8,2.0,52.0,52.0,26.0,,,4.0,1.0,60.57000000000001,78.5,,,,5.0,-8.570000000000007,23.5
E094B2PPLB,4.0,79.0,78.0,12.5,,,8,2.0,52.0,52.0,26.0,,,4.0,1.0,60.57000000000001,78.5,,,,5.0,-8.570000000000007,27.0
E094L2BMLL,4.0,80.0,86.0,10.666666666666666,,,5,2.0,82.0,82.0,11.5,,,2.0,1.0,60.57000000000001,78.5,,,,5.0,21.429999999999993,-2.0
E094L2BMLM,4.0,,84.25,10.0,,,2,2.0,82.0,82.0,11.5,,,2.0,1.0,60.57000000000001,78.5,,,,5.0,21.429999999999993,
E094L2BNLC,4.0,,75.0,14.0,,,4,2.0,78.0,78.0,17.0,,,4.0,1.0,60.57000000000001,78.5,,,,5.0,17.429999999999993,
E094L2BNLD,4.0,,77.5,10.0,,,4,2.0,78.0,78.0,17.0,,,4.0,1.0,60.57000000000001,78.5,,,,5.0,17.429999999999993,
E094L2BNLE,4.0,,74.5,16.0,,,4,2.0,78.0,78.0,17.0,,,4.0,1.0,60.57000000000001,78.5,,,,5.0,17.429999999999993,
E094L2BPLD,4.0,86.5,73.0,11.75,,,7,2.0,75.5,75.5,19.5,,,4.0,1.0,60.57000000000001,78.5,,,,5.0,14.929999999999993,11.0
E094L2BPLE,4.0,,79.0,11.5,,,4,2.0,75.5,75.5,19.5,,,4.0,1.0,60.57000000000001,78.5,,,,5.0,14.929999999999993,
E094L2BPLH,4.0,,77.0,10.0,,,4,2.0,75.5,75.5,19.5,,,4.0,1.0,60.57000000000001,78.5,,,,5.0,14.929999999999993,
E094L2BQLC,4.0,,85.5,10.5,,,2,2.0,74.5,74.5,15.5,,,4.0,1.0,60.57000000000001,78.5,,,,5.0,13.929999999999993,
E094L2BQLD,4.0,86.0,79.0,10.875,,,7,2.0,74.5,74.5,15.5,,,4.0,1.0,60.57000000000001,78.5,,,,5.0,13.929999999999993,11.5
E094L2BRLA,4.0,,87.75,10.5,,,2,2.0,77.0,77.0,13.0,,,4.0,1.0,60.57000000000001,78.5,,,,5.0,16.429999999999993,
E094L2BRLB,4.0,,88.5,8.0,,,2,2.0,77.0,77.0,13.0,,,4.0,1.0,60.57000000000001,78.5,,,,5.0,16.429999999999993,
E094L2BSEA,4.0,,80.5,10.0,,,8,2.0,77.5,77.5,15.5,,,4.0,1.0,60.57000000000001,78.5,,,,5.0,16.929999999999993,
E094L2BSLA,4.0,84.0,80.0,13.166666666666666,,,5,2.0,77.5,77.5,15.5,,,4.0,1.0,60.57000000000001,78.5,,,,5.0,16.929999999999993,6.5
E094L2BSLB,4.0,,83.25,10.5,,,4,2.0,77.5,77.5,15.5,,,4.0,1.0,60.57000000000001,78.5,,,,5.0,16.929999999999993,
E094L2BTLC,4.0,,83.5,8.5,,,2,2.0,61.0,61.0,20.0,,,4.0,1.0,60.57000000000001,78.5,,,,5.0,0.4299999999999926,
E094L2BTLD,4.0,,82.75,10.5,,,4,2.0,61.0,61.0,20.0,,,4.0,1.0,60.57000000000001,78.5,,,,5.0,0.4299999999999926,
E094L2BULA,4.0,72.0,82.5,12.125,,,7,2.0,68.0,68.0,18.0,,,4.0,1.0,60.57000000000001,78.5,,,,5.0,7.429999999999993,4.0
E094L2BULB,4.0,,73.5,13.0,,,4,2.0,68.0,68.0,18.0,,,4.0,1.0,60.57000000000001,78.5,,,,5.0,7.429999999999993,
E094L2BVLC,4.0,,84.0,10.0,,,2,2.0,66.5,66.5,17.5,,,4.0,1.0,60.57000000000001,78.5,,,,5.0,5.929999999999993,
E094L2BVLD,4.0,,88.0,8.5,,,4,2.0,66.5,66.5,17.5,,,4.0,1.0,60.57000000000001,78.5,,,,5.0,5.929999999999993,
E094L2BWLG,4.0,,86.5,9.0,,,4,2.0,50.0,66.0,12.75,,,6.0,1.0,60.57000000000001,78.5,,,,5.0,-10.570000000000007,
E094L2BWLK,4.0,,83.0,12.0,,,2,2.0,50.0,66.0,12.75,,,6.0,1.0,60.57000000000001,78.5,,,,5.0,-10.570000000000007,
E094L2BWLL,4.0,,79.0,12.5,,,4,2.0,50.0,66.0,12.75,,,6.0,1.0,60.57000000000001,78.5,,,,5.0,-10.570000000000007,
E094L2BYLC,4.0,,77.5,12.5,,,4,2.0,53.5,72.0,13.0,,,6.0,1.0,60.57000000000001,78.5,,,,5.0,-7.070000000000007,
E094L2BYLD,4.0,,84.0,7.5,,,4,2.0,53.5,72.0,13.0,,,6.0,1.0,60.57000000000001,78.5,,,,5.0,-7.070000000000007,
E094L2BZLC,4.0,,79.0,11.5,,,2,2.0,70.0,70.0,20.0,,,2.0,1.0,60.57000000000001,78.5,,,,5.0,9.429999999999993,
E094L2BZLD,4.0,,84.0,6.0,,,2,2.0,70.0,70.0,20.0,,,2.0,1.0,60.57000000000001,78.5,,,,5.0,9.429999999999993,
E094L2CALA,4.0,,81.5,13.5,,,4,2.0,58.0,69.0,12.0,,,3.0,1.0,60.57000000000001,78.5,,,,5.0,-2.5700000000000074,
E095L1CNLB,4.0,79.0,80.5,18.6,,,9,2.0,56.0,65.0,16.25,,,6.0,1.0,75.5,75.5,,,,4.0,-19.5,23.0
E095L1CNLC,4.0,84.0,82.5,16.3,,,9,2.0,56.0,65.0,16.25,,,6.0,1.0,75.5,75.5,,,,4.0,-19.5,28.0
E095L1CPLA,4.0,79.5,79.5,21.166666666666668,,,5,2.0,63.5,63.5,25.0,,,4.0,1.0,75.5,75.5,,,,4.0,-12.0,16.0
E095L1CPLB,4.0,80.0,82.0,13.0,,,9,2.0,63.5,63.5,25.0,,,4.0,1.0,75.5,75.5,,,,4.0,-12.0,16.5
E095L1CQLA,4.0,81.5,86.5,21.0,,,10,2.0,51.0,65.5,19.25,,,6.0,1.0,75.5,75.5,,,,4.0,-24.5,30.5
E095L1CQLB,4.0,87.5,74.5,16.25,,,10,2.0,51.0,65.5,19.25,,,6.0,1.0,75.5,75.5,,,,4.0,-24.5,36.5
E095L1CRLA,4.0,88.5,73.5,14.166666666666666,,,6,2.0,56.5,73.0,8.75,,,6.0,1.0,75.5,75.5,,,,4.0,-19.0,32.0
E095L1CRLB,4.0,86.5,67.0,12.833333333333334,,,6,2.0,56.5,73.0,8.75,,,6.0,1.0,75.5,75.5,,,,4.0,-19.0,30.0
E095L1CSLA,4.0,87.0,77.5,16.375,,,7,2.0,64.0,64.0,15.0,,,4.0,1.0,75.5,75.5,,,,4.0,-11.5,23.0
E095L1CSLB,4.0,85.0,86.5,12.3,,,9,2.0,64.0,64.0,15.0,,,4.0,1.0,75.5,75.5,,,,4.0,-11.5,21.0
E095L1CTLA,4.0,86.5,84.0,15.166666666666666,,,10,2.0,70.5,70.5,16.5,,,2.0,1.0,75.5,75.5,,,,4.0,-5.0,16.0
E096B2MJLA,4.0,83.0,78.5,12.0,,,7,2.0,71.0,71.0,21.0,,,2.0,1.0,65.5,80.0,1.5,,,5.0,5.5,12.0
E096B2MJLB,4.0,,67.5,15.5,,,2,2.0,71.0,71.0,21.0,,,2.0,1.0,65.5,80.0,1.5,,,5.0,5.5,
E096B2MKLA,4.0,,64.5,19.0,,,4,2.0,54.0,54.0,17.5,,,4.0,1.0,65.5,80.0,1.5,,,5.0,-11.5,
E096B2MKLB,4.0,,71.5,14.0,,,4,2.0,54.0,54.0,17.5,,,4.0,1.0,65.5,80.0,1.5,,,5.0,-11.5,
E096B2MLLA,4.0,,76.0,13.5,,,4,2.0,59.0,59.0,15.5,,,2.0,1.0,65.5,80.0,1.5,,,5.0,-6.5,
E096B2MLLB,4.0,,70.0,12.5,,,4,2.0,59.0,59.0,15.5,,,2.0,1.0,65.5,80.0,1.5,,,5.0,-6.5,
E096B2MLLC,4.0,,71.0,16.0,,,4,2.0,59.0,59.0,15.5,,,2.0,1.0,65.5,80.0,1.5,,,5.0,-6.5,
E096B2MMLA,4.0,,70.0,14.5,,,2,2.0,71.5,71.5,14.0,,,4.0,1.0,65.5,80.0,1.5,,,5.0,6.0,
E096B2MMLB,4.0,,66.5,17.0,,,2,2.0,71.5,71.5,14.0,,,4.0,1.0,65.5,80.0,1.5,,,5.0,6.0,
E096B2MNLA,4.0,,66.5,16.5,,,4,2.0,67.0,67.0,20.0,,,2.0,1.0,65.5,80.0,1.5,,,5.0,1.5,
E096B2MNLB,4.0,82.0,68.5,12.625,,,7,2.0,67.0,67.0,20.0,,,2.0,1.0,65.5,80.0,1.5,,,5.0,1.5,15.0
E096B2MPLA,4.0,,72.5,15.5,,,2,2.0,73.0,73.0,11.0,,,4.0,1.0,65.5,80.0,1.5,,,5.0,7.5,
E096B2MPLB,4.0,,82.0,8.5,,,2,2.0,73.0,73.0,11.0,,,4.0,1.0,65.5,80.0,1.5,,,5.0,7.5,
E097L1FN,4.0,77.0,77.0,8.0,,,2,2.0,77.0,77.0,8.0,,,2.0,1.0,69.25,69.25,16.88,,,2.0,7.75,0.0
E097L1FNLA,4.0,83.0,83.0,19.25,,,4,2.0,77.0,77.0,8.0,,,2.0,1.0,69.25,69.25,16.88,,,2.0,7.75,6.0
E097L1FNLB,4.0,80.5,80.5,11.0,,,6,2.0,77.0,77.0,8.0,,,2.0,1.0,69.25,69.25,16.88,,,2.0,7.75,3.5
E097L1FNLC,4.0,76.0,76.0,10.0,,,6,2.0,77.0,77.0,8.0,,,2.0,1.0,69.25,69.25,16.88,,,2.0,7.75,-1.0
E097L1FP,4.0,70.5,70.5,11.5,,,2,2.0,73.75,73.75,9.75,,,4.0,1.0,69.25,69.25,16.88,,,2.0,4.5,-3.25
E097L1FPLA,4.0,86.0,86.0,21.833333333333332,,,5,2.0,70.5,70.5,11.5,,,2.0,1.0,69.25,69.25,16.88,,,2.0,1.25,15.5
E097L1FPLB,4.0,82.5,80.5,21.333333333333332,,,10,2.0,70.5,70.5,11.5,,,2.0,1.0,69.25,69.25,16.88,,,2.0,1.25,12.0
E097L1FPLC,4.0,84.0,84.0,25.9,,,8,2.0,70.5,70.5,11.5,,,2.0,1.0,69.25,69.25,16.88,,,2.0,1.25,13.5
E097Q04WEB,4.0,,83.5,10.5,,,4,2.0,68.0,16.0,10.558823529411764,,,26.0,1.0,69.25,69.25,16.88,,,2.0,-1.25,
E097Q04WEK,4.0,23.0,23.0,24.666666666666668,,,8,2.0,68.0,16.0,10.558823529411764,,,26.0,1.0,69.25,69.25,16.88,,,2.0,-1.25,-45.0
E097Q04WEL,4.0,23.0,23.0,24.666666666666668,,,8,2.0,68.0,16.0,10.558823529411764,,,26.0,1.0,69.25,69.25,16.88,,,2.0,-1.25,-45.0
E097Q04WEM,4.0,56.5,9.5,16.555555555555557,,,23,2.0,68.0,16.0,10.558823529411764,,,26.0,1.0,69.25,69.25,16.88,,,2.0,-1.25,-11.5
E097Q04WEN,4.0,56.5,65.5,16.625,,,10,2.0,68.0,16.0,10.558823529411764,,,26.0,1.0,69.25,69.25,16.88,,,2.0,-1.25,-11.5
E097Q04WEP,4.0,23.0,23.0,24.666666666666668,,,8,2.0,68.0,16.0,10.558823529411764,,,26.0,1.0,69.25,69.25,16.88,,,2.0,-1.25,-45.0
E097Q04XEA,4.0,,90.0,5.0,,,4,2.0,73.0,53.5,8.4,,,24.0,1.0,69.25,69.25,16.88,,,2.0,3.75,
E097Q04YEA,4.0,80.5,78.0,15.375,,,14,2.0,73.5,83.5,9.272727272727273,,,18.0,1.0,69.25,69.25,16.88,,,2.0,4.25,7.0
E099H1VMLB,4.0,,61.0,,,,4,2.0,57.0,57.0,34.0,,,4.0,1.0,73.0,73.0,,,,2.0,-16.0,
E09AL1ERLA,4.0,81.5,81.5,22.666666666666668,,,6,2.0,85.5,85.5,8.0,,,4.0,1.0,76.31,76.31,,,,2.0,9.189999999999998,-4.0
E09AL1ERLB,4.0,93.5,93.5,13.0,,,5,2.0,85.5,85.5,8.0,,,4.0,1.0,76.31,76.31,,,,2.0,9.189999999999998,8.0
E09AL1ESLA,4.0,87.5,81.5,14.5,,,8,2.0,78.0,78.0,11.5,,,2.0,1.0,76.31,76.31,,,,2.0,1.6899999999999977,9.5
E09AL1ESLB,4.0,87.0,89.5,24.214285714285715,,,11,2.0,78.0,78.0,11.5,,,2.0,1.0,76.31,76.31,,,,2.0,1.6899999999999977,9.0
E09AL1ESLC,4.0,89.0,84.0,14.0,,,6,2.0,78.0,78.0,11.5,,,2.0,1.0,76.31,76.31,,,,2.0,1.6899999999999977,11.0
E09AL1ETLA,4.0,83.0,90.0,14.4,,,9,2.0,77.5,77.5,13.0,,,2.0,1.0,76.31,76.31,,,,2.0,1.1899999999999977,5.5
E09AL1ETLB,4.0,91.0,87.5,21.875,,,8,2.0,77.5,77.5,13.0,,,2.0,1.0,76.31,76.31,,,,2.0,1.1899999999999977,13.5
E09AL1EULA,4.0,82.5,82.5,24.166666666666668,,,6,2.0,72.0,72.0,15.5,,,2.0,1.0,76.31,76.31,,,,2.0,-4.310000000000002,10.5
E09AL1EULB,4.0,88.5,88.5,13.5,,,5,2.0,72.0,72.0,15.5,,,2.0,1.0,76.31,76.31,,,,2.0,-4.310000000000002,16.5
E09AL1EVLA,4.0,75.5,91.0,12.1875,,,13,2.0,76.5,76.5,8.5,,,4.0,1.0,76.31,76.31,,,,2.0,0.18999999999999773,-1.0
E09AL1EVLB,4.0,,76.0,20.0,,,4,2.0,76.5,76.5,8.5,,,4.0,1.0,76.31,76.31,,,,2.0,0.18999999999999773,
E09AL1EVLC,4.0,89.0,89.0,19.833333333333332,,,6,2.0,76.5,76.5,8.5,,,4.0,1.0,76.31,76.31,,,,2.0,0.18999999999999773,12.5
E09AL1EWLA,4.0,87.0,87.0,22.666666666666668,,,6,2.0,79.5,79.5,10.0,,,4.0,1.0,76.31,76.31,,,,2.0,3.1899999999999977,7.5
E09AL1EWLB,4.0,85.0,85.0,13.75,,,4,2.0,79.5,79.5,10.0,,,4.0,1.0,76.31,76.31,,,,2.0,3.1899999999999977,5.5
E09AL1EXLA,4.0,90.5,85.0,14.5,,,6,2.0,74.0,74.0,13.5,,,2.0,1.0,76.31,76.31,,,,2.0,-2.3100000000000023,16.5
E09AL1EXLB,4.0,89.0,89.0,19.333333333333332,,,6,2.0,74.0,74.0,13.5,,,2.0,1.0,76.31,76.31,,,,2.0,-2.3100000000000023,15.0
E09AL1EXLC,4.0,82.5,82.5,14.666666666666666,,,6,2.0,74.0,74.0,13.5,,,2.0,1.0,76.31,76.31,,,,2.0,-2.3100000000000023,8.5
E09AL1EYLA,4.0,85.0,85.0,15.75,,,4,2.0,67.5,67.5,9.5,,,2.0,1.0,76.31,76.31,,,,2.0,-8.810000000000002,17.5
E09AL1EZLA,4.0,,76.0,22.5,,,4,2.0,61.5,61.5,14.5,,,2.0,1.0,76.31,76.31,,,,2.0,-14.810000000000002,
E09AL1FALA,4.0,85.0,85.0,16.6,,,8,2.0,67.5,67.5,14.5,,,2.0,1.0,76.31,76.31,,,,2.0,-8.810000000000002,17.5
E09AL1FBLA,4.0,86.0,86.0,9.5,,,4,2.0,65.0,65.0,12.5,,,2.0,1.0,76.31,76.31,,,,2.0,-11.310000000000002,21.0
E09AL1FCLA,4.0,87.0,87.0,20.833333333333332,,,6,2.0,71.0,71.0,13.5,,,2.0,1.0,76.31,76.31,,,,2.0,-5.310000000000002,16.0
E09AL1FDLA,4.0,92.0,92.0,14.166666666666666,,,6,2.0,80.0,80.0,9.0,,,4.0,1.0,76.31,76.31,,,,2.0,3.6899999999999977,12.0
E09AL1FDLB,4.0,82.0,82.0,22.3,,,10,2.0,80.0,80.0,9.0,,,4.0,1.0,76.31,76.31,,,,2.0,3.6899999999999977,2.0
E09BB2LRLC,4.0,,76.5,14.0,,,4,2.0,72.0,72.0,11.0,,,4.0,1.0,67.5,71.5,1.33,,,5.0,4.5,
E09BB2LRLD,4.0,,74.0,10.5,,,4,2.0,72.0,72.0,11.0,,,4.0,1.0,67.5,71.5,1.33,,,5.0,4.5,
E09BB2LSLC,4.0,,84.5,10.5,,,2,2.0,75.5,75.5,19.0,,,4.0,1.0,67.5,71.5,1.33,,,5.0,8.0,
E09BB2LSLD,4.0,,70.0,15.5,,,2,2.0,75.5,75.5,19.0,,,4.0,1.0,67.5,71.5,1.33,,,5.0,8.0,
E09BB2LTLA,4.0,,81.0,9.5,,,4,2.0,73.5,73.5,13.0,,,4.0,1.0,67.5,71.5,1.33,,,5.0,6.0,
E09BB2LTLB,4.0,,77.0,12.5,,,2,2.0,73.5,73.5,13.0,,,4.0,1.0,67.5,71.5,1.33,,,5.0,6.0,
E09BB2LULB,4.0,,82.75,7.0,,,2,2.0,76.5,76.5,15.0,,,4.0,1.0,67.5,71.5,1.33,,,5.0,9.0,
E09ZB1MGLA,4.0,65.0,78.5,22.25,,,7,2.0,57.0,57.0,17.5,,,2.0,1.0,69.5,69.5,,,,2.0,-12.5,8.0
E09ZB1MGLB,4.0,78.0,76.5,27.5,,,13,2.0,57.0,57.0,17.5,,,2.0,1.0,69.5,69.5,,,,2.0,-12.5,21.0
E09ZB1MGLC,4.0,82.0,61.5,20.333333333333332,,,16,2.0,57.0,57.0,17.5,,,2.0,1.0,69.5,69.5,,,,2.0,-12.5,25.0
E0A2B1LGLA,4.0,79.5,79.0,20.125,,,27,2.0,71.0,71.0,12.5,,,4.0,1.0,38.88,46.5,20.5,,,8.0,32.12,8.5
E0A2B1LGLB,4.0,86.0,80.5,23.115384615384617,,,26,2.0,71.0,71.0,12.5,,,4.0,1.0,38.88,46.5,20.5,,,8.0,32.12,15.0
E0A2B1LHLA,4.0,71.5,71.5,25.25,,,4,2.0,62.0,62.0,20.0,,,4.0,1.0,38.88,46.5,20.5,,,8.0,23.119999999999997,9.5
E0A2B1LHLB,4.0,80.0,80.0,20.0,,,5,2.0,62.0,62.0,20.0,,,4.0,1.0,38.88,46.5,20.5,,,8.0,23.119999999999997,18.0
E0A2B1LHLC,4.0,73.5,73.5,43.5,,,5,2.0,62.0,62.0,20.0,,,4.0,1.0,38.88,46.5,20.5,,,8.0,23.119999999999997,11.5
E0A2B1LJLA,4.0,77.5,74.0,22.5,,,15,2.0,74.0,74.0,12.5,,,4.0,1.0,38.88,46.5,20.5,,,8.0,35.12,3.5
E0A2B1LJLB,4.0,76.5,79.5,10.192307692307692,,,21,2.0,74.0,74.0,12.5,,,4.0,1.0,38.88,46.5,20.5,,,8.0,35.12,2.5
E0A2B1LJLC,4.0,68.5,82.0,14.875,,,12,2.0,74.0,74.0,12.5,,,4.0,1.0,38.88,46.5,20.5,,,8.0,35.12,-5.5
E0A2B1LJLD,4.0,75.0,78.5,14.3,,,25,2.0,74.0,74.0,12.5,,,4.0,1.0,38.88,46.5,20.5,,,8.0,35.12,1.0
E0A3L1CYLA,4.0,84.5,84.5,17.0,,,8,2.0,72.0,72.0,10.5,,,2.0,1.0,79.4,79.4,,,,2.0,-7.400000000000006,12.5
E0A3L1CYLB,4.0,89.5,92.5,6.625,,,15,2.0,72.0,72.0,10.5,,,2.0,1.0,79.4,79.4,,,,2.0,-7.400000000000006,17.5
E0A3L1CYLC,4.0,95.5,95.5,15.75,,,12,2.0,72.0,72.0,10.5,,,2.0,1.0,79.4,79.4,,,,2.0,-7.400000000000006,23.5
E0A3L1CZLA,4.0,,79.5,15.5,,,2,2.0,81.5,81.5,9.0,,,4.0,1.0,79.4,79.4,,,,2.0,2.0999999999999943,
E0A3L1CZLB,4.0,92.0,92.0,10.5,,,17,2.0,81.5,81.5,9.0,,,4.0,1.0,79.4,79.4,,,,2.0,2.0999999999999943,10.5
E0A3L1CZLC,4.0,91.0,90.0,18.1875,,,16,2.0,81.5,81.5,9.0,,,4.0,1.0,79.4,79.4,,,,2.0,2.0999999999999943,9.5
E0A3L1DALA,4.0,87.0,87.0,20.833333333333332,,,6,2.0,84.5,84.5,11.0,,,2.0,1.0,79.4,79.4,,,,2.0,5.099999999999994,2.5
E0A3L1DBLA,4.0,80.0,80.0,16.9,,,8,2.0,85.0,85.0,7.5,,,4.0,1.0,79.4,79.4,,,,2.0,5.599999999999994,-5.0
E0A3L1DBLB,4.0,84.0,84.0,23.5,,,6,2.0,85.0,85.0,7.5,,,4.0,1.0,79.4,79.4,,,,2.0,5.599999999999994,-1.0
E0A3L1DBLC,4.0,91.0,90.0,13.0,,,8,2.0,85.0,85.0,7.5,,,4.0,1.0,79.4,79.4,,,,2.0,5.599999999999994,6.0
E0A3L1DCLA,4.0,91.5,87.5,6.575,,,31,2.0,80.0,80.0,11.0,,,4.0,1.0,79.4,79.4,,,,2.0,0.5999999999999943,11.5
E0A3L1DCLB,4.0,88.0,89.5,13.0,,,8,2.0,80.0,80.0,11.0,,,4.0,1.0,79.4,79.4,,,,2.0,0.5999999999999943,8.0
E0A3L1DDLA,4.0,91.0,91.0,14.0,,,4,2.0,81.5,81.5,10.0,,,2.0,1.0,79.4,79.4,,,,2.0,2.0999999999999943,9.5
E0A5Q08JEA,4.0,88.0,88.0,7.0,,,10,2.0,53.0,51.5,19.375,,,10.0,1.0,68.5,68.5,,,,2.0,-15.5,35.0
E0A5Q08JEB,4.0,75.0,75.0,7.666666666666667,,,29,2.0,53.0,51.5,19.375,,,10.0,1.0,68.5,68.5,,,,2.0,-15.5,22.0
E0A5Q08JEC,4.0,,61.0,,,,4,2.0,53.0,51.5,19.375,,,10.0,1.0,68.5,68.5,,,,2.0,-15.5,
E0A5Q08JED,4.0,,61.0,,,,4,2.0,53.0,51.5,19.375,,,10.0,1.0,68.5,68.5,,,,2.0,-15.5,
E0A5Q08JEE,4.0,90.0,90.0,5.0,,,12,2.0,53.0,51.5,19.375,,,10.0,1.0,68.5,68.5,,,,2.0,-15.5,37.0
E0A5Q08JEF,4.0,75.0,67.0,7.875,,,13,2.0,53.0,51.5,19.375,,,10.0,1.0,68.5,68.5,,,,2.0,-15.5,22.0
E0A5Q08JEG,4.0,38.5,38.5,14.0,,,8,2.0,53.0,51.5,19.375,,,10.0,1.0,68.5,68.5,,,,2.0,-15.5,-14.5
E0A5Q08JEH,4.0,,62.0,,,,4,2.0,53.0,51.5,19.375,,,10.0,1.0,68.5,68.5,,,,2.0,-15.5,
E0A5Q08JEJ,4.0,88.5,72.0,8.25,,,9,2.0,53.0,51.5,19.375,,,10.0,1.0,68.5,68.5,,,,2.0,-15.5,35.5
E0A5Q08KEA,4.0,81.0,86.0,7.25,,,7,2.0,49.5,59.5,19.0,,,18.0,1.0,68.5,68.5,,,,2.0,-19.0,31.5
E0A5Q08KEB,4.0,,63.0,20.0,,,2,2.0,49.5,59.5,19.0,,,18.0,1.0,68.5,68.5,,,,2.0,-19.0,
E0A5Q08KEC,4.0,,63.5,21.5,,,6,2.0,49.5,59.5,19.0,,,18.0,1.0,68.5,68.5,,,,2.0,-19.0,
E0A5Q08LEA,4.0,87.5,64.0,7.0,,,10,2.0,48.0,70.5,16.05,,,16.0,1.0,68.5,68.5,,,,2.0,-20.5,39.5
E0A5Q08LEB,4.0,,66.5,22.5,,,2,2.0,48.0,70.5,16.05,,,16.0,1.0,68.5,68.5,,,,2.0,-20.5,
E0A9Q03UEC,4.0,71.5,23.0,15.9,,,25,2.0,39.0,39.0,51.5,,,4.0,1.0,51.75,82.0,18.666666666666668,,,21.0,-12.75,32.5
E0ACL1AYLA,4.0,69.5,69.5,17.9,,,8,2.0,35.0,49.5,23.166666666666668,,,8.0,1.0,74.56,74.56,,,,2.0,-39.56,34.5
E0ACL1AYLB,4.0,60.5,60.5,21.2,,,8,2.0,35.0,49.5,23.166666666666668,,,8.0,1.0,74.56,74.56,,,,2.0,-39.56,25.5
E0ACL1AZLA,4.0,76.0,76.0,18.0,,,4,2.0,45.5,38.0,25.5,,,4.0,1.0,74.56,74.56,,,,2.0,-29.060000000000002,30.5
E0ACL1AZLB,4.0,81.0,74.0,18.875,,,8,2.0,45.5,38.0,25.5,,,4.0,1.0,74.56,74.56,,,,2.0,-29.060000000000002,35.5
E0ACL1AZLC,4.0,63.5,63.5,23.0,,,4,2.0,45.5,38.0,25.5,,,4.0,1.0,74.56,74.56,,,,2.0,-29.060000000000002,18.0
E0ACL1BALA,4.0,56.0,50.0,20.321428571428573,,,13,2.0,57.0,59.5,13.833333333333334,,,8.0,1.0,74.56,74.56,,,,2.0,-17.560000000000002,-1.0
E0ACL1BALB,4.0,58.5,58.5,21.5,,,5,2.0,57.0,59.5,13.833333333333334,,,8.0,1.0,74.56,74.56,,,,2.0,-17.560000000000002,1.5
E0ACL1BBLA,4.0,33.5,33.5,29.833333333333332,,,6,2.0,46.0,52.0,20.333333333333332,,,8.0,1.0,74.56,74.56,,,,2.0,-28.560000000000002,-12.5
E0ACL1BBLB,4.0,60.5,60.5,23.0,,,10,2.0,46.0,52.0,20.333333333333332,,,8.0,1.0,74.56,74.56,,,,2.0,-28.560000000000002,14.5
E0ACL1BBLC,4.0,69.5,75.0,19.4,,,8,2.0,46.0,52.0,20.333333333333332,,,8.0,1.0,74.56,74.56,,,,2.0,-28.560000000000002,23.5
E0ACL1BCLA,4.0,57.5,60.0,15.75,,,9,2.0,43.0,63.0,12.25,,,3.0,1.0,74.56,74.56,,,,2.0,-31.560000000000002,14.5
E0ACL1BCLB,4.0,65.0,48.5,20.785714285714285,,,11,2.0,43.0,63.0,12.25,,,3.0,1.0,74.56,74.56,,,,2.0,-31.560000000000002,22.0
E0ACL1BCLC,4.0,68.5,52.5,19.5,,,8,2.0,43.0,63.0,12.25,,,3.0,1.0,74.56,74.56,,,,2.0,-31.560000000000002,25.5
E0ACL1BDLA,4.0,52.5,48.5,17.634615384615383,,,20,2.0,36.0,40.5,23.5,,,8.0,1.0,74.56,74.56,,,,2.0,-38.56,16.5
E0ACL1BDLB,4.0,46.0,53.5,17.958333333333332,,,17,2.0,36.0,40.5,23.5,,,8.0,1.0,74.56,74.56,,,,2.0,-38.56,10.0
E0ACL1BELA,4.0,59.0,59.0,18.4,,,8,2.0,45.0,44.5,24.0,,,8.0,1.0,74.56,74.56,,,,2.0,-29.560000000000002,14.0
E0ACL1BELB,4.0,54.0,54.0,26.0,,,10,2.0,45.0,44.5,24.0,,,8.0,1.0,74.56,74.56,,,,2.0,-29.560000000000002,9.0
E0ACL1BELC,4.0,,56.0,42.5,,,4,2.0,45.0,44.5,24.0,,,8.0,1.0,74.56,74.56,,,,2.0,-29.560000000000002,
E0ACL1BFLA,4.0,52.5,60.5,20.4375,,,13,2.0,58.5,55.0,17.833333333333332,,,8.0,1.0,74.56,74.56,,,,2.0,-16.060000000000002,-6.0
E0ADL1AFLA,4.0,80.0,75.5,15.25,,,7,2.0,67.5,67.5,16.5,,,4.0,1.0,80.5,80.5,,,,2.0,-13.0,12.5
E0ADL1AFLB,4.0,79.0,71.0,11.375,,,8,2.0,67.5,67.5,16.5,,,4.0,1.0,80.5,80.5,,,,2.0,-13.0,11.5
E0ADL1AGLA,4.0,87.5,87.5,23.3,,,8,2.0,70.0,76.5,46.5,,,6.0,1.0,80.5,80.5,,,,2.0,-10.5,17.5
E0ADL1AGLB,4.0,73.5,73.5,15.0,,,6,2.0,70.0,76.5,46.5,,,6.0,1.0,80.5,80.5,,,,2.0,-10.5,3.5
E0ADL1AGLH,4.0,86.0,78.5,10.083333333333334,,,19,2.0,70.0,76.5,46.5,,,6.0,1.0,80.5,80.5,,,,2.0,-10.5,16.0
E0ADL1AHLA,4.0,77.5,82.5,12.7,,,9,2.0,83.5,83.5,11.0,,,4.0,1.0,80.5,80.5,,,,2.0,3.0,-6.0
E0ADL1AHLB,4.0,74.5,83.5,9.7,,,9,2.0,83.5,83.5,11.0,,,4.0,1.0,80.5,80.5,,,,2.0,3.0,-9.0
E0ADL1AJLA,4.0,81.5,81.0,13.9,,,9,2.0,59.5,59.5,22.0,,,4.0,1.0,80.5,80.5,,,,2.0,-21.0,22.0
E0ADL1AJLB,4.0,87.0,78.0,15.5,,,10,2.0,59.5,59.5,22.0,,,4.0,1.0,80.5,80.5,,,,2.0,-21.0,27.5
E0ADL1AKLA,4.0,73.5,73.5,20.1,,,8,2.0,69.0,69.0,16.0,,,2.0,1.0,80.5,80.5,,,,2.0,-11.5,4.5
E0ADL1AKLB,4.0,75.0,75.0,17.25,,,4,2.0,69.0,69.0,16.0,,,2.0,1.0,80.5,80.5,,,,2.0,-11.5,6.0
E0ADL1ALLA,4.0,84.5,87.5,10.125,,,7,2.0,77.0,77.0,14.5,,,4.0,1.0,80.5,80.5,,,,2.0,-3.5,7.5
E0ADL1ALLB,4.0,74.5,74.5,13.0,,,4,2.0,77.0,77.0,14.5,,,4.0,1.0,80.5,80.5,,,,2.0,-3.5,-2.5
E0ADL1AMLA,4.0,73.0,73.0,13.666666666666666,,,6,2.0,72.0,72.0,15.0,,,2.0,1.0,80.5,80.5,,,,2.0,-8.5,1.0
E0ADL1AMLB,4.0,63.5,63.5,24.9,,,8,2.0,72.0,72.0,15.0,,,2.0,1.0,80.5,80.5,,,,2.0,-8.5,-8.5
E0AEL1CFLA,4.0,79.0,81.0,17.642857142857142,,,13,2.0,62.0,62.0,23.0,,,2.0,1.0,79.44,79.44,,,,4.0,-17.439999999999998,17.0
E0AEL1CFLB,4.0,80.5,76.5,19.928571428571427,,,13,2.0,62.0,62.0,23.0,,,2.0,1.0,79.44,79.44,,,,4.0,-17.439999999999998,18.5
E0AEL1CGLA,4.0,84.5,67.5,13.9,,,9,2.0,52.0,64.5,14.25,,,6.0,1.0,79.44,79.44,,,,4.0,-27.439999999999998,32.5
E0AEL1CGLB,4.0,82.5,76.0,15.25,,,11,2.0,52.0,64.5,14.25,,,6.0,1.0,79.44,79.44,,,,4.0,-27.439999999999998,30.5
E0AEL1CHLA,4.0,82.5,75.5,25.357142857142858,,,14,2.0,65.5,65.5,17.0,,,4.0,1.0,79.44,79.44,,,,4.0,-13.939999999999998,17.0
E0AEL1CHLB,4.0,83.5,77.0,41.4,,,11,2.0,65.5,65.5,17.0,,,4.0,1.0,79.44,79.44,,,,4.0,-13.939999999999998,18.0
E0AEL1CJLA,4.0,77.0,85.5,13.75,,,7,2.0,72.5,72.5,16.0,,,4.0,1.0,79.44,79.44,,,,4.0,-6.939999999999998,4.5
E0AEL1CJLB,4.0,75.5,75.5,21.5,,,4,2.0,72.5,72.5,16.0,,,4.0,1.0,79.44,79.44,,,,4.0,-6.939999999999998,3.0
E0AEL1CKLA,4.0,66.0,83.5,14.875,,,7,2.0,72.0,72.0,12.0,,,4.0,1.0,79.44,79.44,,,,4.0,-7.439999999999998,-6.0
E0AEL1CKLB,4.0,74.0,74.0,18.0,,,5,2.0,72.0,72.0,12.0,,,4.0,1.0,79.44,79.44,,,,4.0,-7.439999999999998,2.0
E0AEL1CLLA,4.0,81.0,81.0,15.1,,,9,2.0,57.0,66.0,14.0,,,6.0,1.0,79.44,79.44,,,,4.0,-22.439999999999998,24.0
E0AEL1CLLB,4.0,67.5,67.5,16.333333333333332,,,6,2.0,57.0,66.0,14.0,,,6.0,1.0,79.44,79.44,,,,4.0,-22.439999999999998,10.5
E0AEL1CMLA,4.0,76.5,67.0,16.7,,,9,2.0,69.5,69.5,17.0,,,4.0,1.0,79.44,79.44,,,,4.0,-9.939999999999998,7.0
E0AEL1CMLB,4.0,86.5,82.0,21.3,,,9,2.0,69.5,69.5,17.0,,,4.0,1.0,79.44,79.44,,,,4.0,-9.939999999999998,17.0
E0AFL1DTLA,4.0,87.0,84.0,8.75,,,7,2.0,61.0,61.0,22.0,,,2.0,1.0,72.4,72.4,,,,2.0,-11.400000000000006,26.0
E0AFL1DTLB,4.0,88.5,85.5,9.9,,,10,2.0,61.0,61.0,22.0,,,2.0,1.0,72.4,72.4,,,,2.0,-11.400000000000006,27.5
E0AFL1DTLC,4.0,81.5,81.5,13.0,,,6,2.0,61.0,61.0,22.0,,,2.0,1.0,72.4,72.4,,,,2.0,-11.400000000000006,20.5
E0AFL1DULA,4.0,78.5,78.5,16.666666666666668,,,6,2.0,49.0,49.0,22.5,,,2.0,1.0,72.4,72.4,,,,2.0,-23.400000000000006,29.5
E0AFL1DULB,4.0,79.5,79.5,14.8,,,8,2.0,49.0,49.0,22.5,,,2.0,1.0,72.4,72.4,,,,2.0,-23.400000000000006,30.5
E0AFL1DULC,4.0,74.0,74.0,19.333333333333332,,,6,2.0,49.0,49.0,22.5,,,2.0,1.0,72.4,72.4,,,,2.0,-23.400000000000006,25.0
E0AFL1DVLA,4.0,,77.0,17.5,,,4,2.0,55.0,55.0,22.0,,,2.0,1.0,72.4,72.4,,,,2.0,-17.400000000000006,
E0AFL1DVLB,4.0,58.5,58.5,23.166666666666668,,,6,2.0,55.0,55.0,22.0,,,2.0,1.0,72.4,72.4,,,,2.0,-17.400000000000006,3.5
E0AFL1DWLA,4.0,71.5,71.5,14.333333333333334,,,6,2.0,42.5,42.5,33.5,,,2.0,1.0,72.4,72.4,,,,2.0,-29.900000000000006,29.0
E0AFL1DWLB,4.0,62.0,62.0,19.5,,,6,2.0,42.5,42.5,33.5,,,2.0,1.0,72.4,72.4,,,,2.0,-29.900000000000006,19.5
E0AGL1AULA,4.0,82.0,82.0,30.166666666666668,,,5,2.0,88.0,88.0,7.0,,,4.0,1.0,80.75,80.75,,,,2.0,7.25,-6.0
E0AGL1AULB,4.0,91.5,91.5,36.0,,,8,2.0,88.0,88.0,7.0,,,4.0,1.0,80.75,80.75,,,,2.0,7.25,3.5
E0AGL1AULC,4.0,90.5,75.0,10.382352941176471,,,27,2.0,88.0,88.0,7.0,,,4.0,1.0,80.75,80.75,,,,2.0,7.25,2.5
E0AGL1AULD,4.0,,78.0,17.0,,,2,2.0,88.0,88.0,7.0,,,4.0,1.0,80.75,80.75,,,,2.0,7.25,
E0AGL1AULE,4.0,,86.0,34.5,,,6,2.0,88.0,88.0,7.0,,,4.0,1.0,80.75,80.75,,,,2.0,7.25,
E0AGL1AVLB,4.0,92.5,90.0,6.119047619047619,,,33,2.0,82.0,82.0,7.5,,,4.0,1.0,80.75,80.75,,,,2.0,1.25,10.5
E0AGL1AVLC,4.0,88.5,88.5,6.642857142857143,,,14,2.0,82.0,82.0,7.5,,,4.0,1.0,80.75,80.75,,,,2.0,1.25,6.5
E0AGL1AWLA,4.0,82.5,82.5,17.5,,,8,2.0,91.5,91.5,4.5,,,4.0,1.0,80.75,80.75,,,,2.0,10.75,-9.0
E0AGL1AWLB,4.0,61.5,61.5,15.666666666666666,,,6,2.0,91.5,91.5,4.5,,,4.0,1.0,80.75,80.75,,,,2.0,10.75,-30.0
E0AGL1AWLC,4.0,92.5,92.5,15.5,,,14,2.0,91.5,91.5,4.5,,,4.0,1.0,80.75,80.75,,,,2.0,10.75,1.0
E0AGL1AWLD,4.0,92.5,92.5,19.5,,,5,2.0,91.5,91.5,4.5,,,4.0,1.0,80.75,80.75,,,,2.0,10.75,1.0
E0AGL1AXLA,4.0,89.0,93.5,7.78125,,,26,2.0,89.0,89.0,5.0,,,2.0,1.0,80.75,80.75,,,,2.0,8.25,0.0
E0AGL1AXLB,4.0,94.5,95.5,11.125,,,14,2.0,89.0,89.0,5.0,,,2.0,1.0,80.75,80.75,,,,2.0,8.25,5.5
E0ALL1MJLA,4.0,,86.5,8.0,,,2,2.0,52.5,75.5,23.125,,,8.0,1.0,46.83,29.28,31.0665,,,39.0,5.670000000000002,
E0ALL1MJLB,4.0,,86.5,9.5,,,4,2.0,52.5,75.5,23.125,,,8.0,1.0,46.83,29.28,31.0665,,,39.0,5.670000000000002,
E0ALL1MLLA,4.0,,71.5,11.5,,,2,2.0,71.5,64.0,15.5,,,7.0,1.0,46.83,29.28,31.0665,,,39.0,24.67,
E0ALL1MLLB,4.0,,81.0,14.5,,,4,2.0,71.5,64.0,15.5,,,7.0,1.0,46.83,29.28,31.0665,,,39.0,24.67,
E0ALL1MLLC,4.0,74.5,75.5,10.666666666666666,,,10,2.0,71.5,64.0,15.5,,,7.0,1.0,46.83,29.28,31.0665,,,39.0,24.67,3.0
E0ALL1MLLF,4.0,,68.0,10.0,,,4,2.0,70.0,69.5,14.5,,,17.0,1.0,46.83,29.28,31.0665,,,39.0,23.17,
E0ALL1MLLG,4.0,,81.0,10.5,,,4,2.0,70.0,69.5,14.5,,,17.0,1.0,46.83,29.28,31.0665,,,39.0,23.17,
E0ALL1MLLH,4.0,,72.0,20.5,,,2,2.0,70.0,69.5,14.5,,,17.0,1.0,46.83,29.28,31.0665,,,39.0,23.17,
E0ALL1MLLJ,4.0,,77.0,11.5,,,3,2.0,70.0,69.5,14.5,,,17.0,1.0,46.83,29.28,31.0665,,,39.0,23.17,
E0ALL1MMLA,4.0,,80.0,10.5,,,2,2.0,71.5,64.0,15.5,,,7.0,1.0,46.83,29.28,31.0665,,,39.0,24.67,
E0AML1CALA,4.0,80.5,59.5,13.6,,,10,2.0,27.0,28.5,22.25,,,6.0,1.0,66.7,66.7,,,,2.0,-39.7,53.5
E0AML1CALB,4.0,67.0,67.0,10.6,,,8,2.0,27.0,28.5,22.25,,,6.0,1.0,66.7,66.7,,,,2.0,-39.7,40.0
E0AML1CALC,4.0,12.0,12.0,16.333333333333332,,,6,2.0,27.0,28.5,22.25,,,6.0,1.0,66.7,66.7,,,,2.0,-39.7,-15.0
E0AML1CBLA,4.0,,63.0,22.5,,,4,2.0,26.0,34.5,27.25,,,6.0,1.0,66.7,66.7,,,,2.0,-40.7,
E0AML1CBLB,4.0,36.0,63.5,12.5,,,5,2.0,26.0,34.5,27.25,,,6.0,1.0,66.7,66.7,,,,2.0,-40.7,10.0
E0AML1CBLC,4.0,19.5,19.5,19.0,,,4,2.0,26.0,34.5,27.25,,,6.0,1.0,66.7,66.7,,,,2.0,-40.7,-6.5
E0AML1CBLD,4.0,55.5,65.0,13.0,,,7,2.0,26.0,34.5,27.25,,,6.0,1.0,66.7,66.7,,,,2.0,-40.7,29.5
E0AML1CCLA,4.0,74.5,55.5,17.357142857142858,,,14,2.0,45.5,45.0,14.0,,,8.0,1.0,66.7,66.7,,,,2.0,-21.200000000000003,29.0
E0AML1CCLB,4.0,65.5,60.5,28.09090909090909,,,18,2.0,45.5,45.0,14.0,,,8.0,1.0,66.7,66.7,,,,2.0,-21.200000000000003,20.0
E0AML1CCLC,4.0,81.5,52.5,18.1,,,9,2.0,45.5,45.0,14.0,,,8.0,1.0,66.7,66.7,,,,2.0,-21.200000000000003,36.0
E0AML1CCLD,4.0,57.0,62.0,16.8125,,,13,2.0,45.5,45.0,14.0,,,8.0,1.0,66.7,66.7,,,,2.0,-21.200000000000003,11.5
E0AML1CDLA,4.0,43.0,52.0,9.75,,,7,2.0,32.0,33.5,22.5,,,6.0,1.0,66.7,66.7,,,,2.0,-34.7,11.0
E0AQB2NELA,4.0,75.0,71.0,17.4,,,8,2.0,59.5,59.5,19.0,,,4.0,1.0,52.88,66.0,29.80372549019608,,,109.0,6.619999999999997,15.5
E0AQB2NELB,4.0,73.5,64.0,13.5,,,10,2.0,59.5,59.5,19.0,,,4.0,1.0,52.88,66.0,29.80372549019608,,,109.0,6.619999999999997,14.0
E0AQB2NELC,4.0,76.5,74.0,15.166666666666666,,,10,2.0,59.5,59.5,19.0,,,4.0,1.0,52.88,66.0,29.80372549019608,,,109.0,6.619999999999997,17.0
E0AQB2NFLA,4.0,,74.0,12.0,,,4,2.0,65.5,65.5,16.0,,,2.0,1.0,52.88,66.0,29.80372549019608,,,109.0,12.619999999999997,
E0AQB2NFLB,4.0,76.5,71.0,12.5,,,9,2.0,65.5,65.5,16.0,,,2.0,1.0,52.88,66.0,29.80372549019608,,,109.0,12.619999999999997,11.0
E0AQB2NFLC,4.0,77.5,77.0,14.375,,,7,2.0,65.5,65.5,16.0,,,2.0,1.0,52.88,66.0,29.80372549019608,,,109.0,12.619999999999997,12.0
E0AQB2NFLD,4.0,88.5,75.0,10.5,,,5,2.0,65.5,65.5,16.0,,,2.0,1.0,52.88,66.0,29.80372549019608,,,109.0,12.619999999999997,23.0
E0AQL2AGLA,4.0,86.0,75.0,10.75,,,13,2.0,71.5,71.5,19.5,,,4.0,1.0,52.88,66.0,29.80372549019608,,,109.0,18.619999999999997,14.5
E0AQL2AHLA,4.0,,69.0,13.0,,,2,2.0,73.0,73.0,16.0,,,4.0,1.0,52.88,66.0,29.80372549019608,,,109.0,20.119999999999997,
E0AQL2AYLA,4.0,,76.5,12.0,,,4,2.0,69.5,72.5,14.5,,,6.0,1.0,52.88,66.0,29.80372549019608,,,109.0,16.619999999999997,
E0AQL3BULA,4.0,,82.0,13.0,,,4,2.0,69.0,69.0,15.5,,,2.0,1.0,52.88,66.0,29.80372549019608,,,109.0,16.119999999999997,
E0AQL3BULB,4.0,61.0,45.5,13.1875,,,11,2.0,69.0,69.0,15.5,,,2.0,1.0,52.88,66.0,29.80372549019608,,,109.0,16.119999999999997,-8.0
E0AQL3BVLA,4.0,,78.5,12.0,,,6,2.0,74.0,74.0,20.5,,,2.0,1.0,52.88,66.0,29.80372549019608,,,109.0,21.119999999999997,
E0AQL3BVLC,4.0,80.0,70.0,14.125,,,7,2.0,74.0,74.0,20.5,,,2.0,1.0,52.88,66.0,29.80372549019608,,,109.0,21.119999999999997,6.0
E0AQL3BVLD,4.0,80.0,74.5,10.75,,,7,2.0,74.0,74.0,20.5,,,2.0,1.0,52.88,66.0,29.80372549019608,,,109.0,21.119999999999997,6.0
E0AQL3BWLA,4.0,81.0,69.5,11.875,,,7,2.0,73.5,73.5,16.5,,,4.0,1.0,52.88,66.0,29.80372549019608,,,109.0,20.619999999999997,7.5
E0ATB1NULA,4.0,85.0,85.0,10.5,,,6,2.0,77.5,77.5,14.5,,,4.0,1.0,77.0,77.0,9.5,,,2.0,0.5,7.5
E0ATB1NULB,4.0,82.0,82.0,11.5,,,8,2.0,77.5,77.5,14.5,,,4.0,1.0,77.0,77.0,9.5,,,2.0,0.5,4.5
E0AUL1LULA,4.0,79.0,86.5,7.333333333333333,,,21,2.0,46.5,46.5,24.0,,,4.0,1.0,59.0,71.0,9.0,,,7.0,-12.5,32.5
E0AUL1LULB,4.0,78.0,78.0,9.5,,,6,2.0,46.5,46.5,24.0,,,4.0,1.0,59.0,71.0,9.0,,,7.0,-12.5,31.5
E0AUL1LULC,4.0,80.0,80.0,8.5,,,8,2.0,46.5,46.5,24.0,,,4.0,1.0,59.0,71.0,9.0,,,7.0,-12.5,33.5
E0AUL1LULD,4.0,67.5,67.5,12.0,,,6,2.0,46.5,46.5,24.0,,,4.0,1.0,59.0,71.0,9.0,,,7.0,-12.5,21.0
E0AUQ08YEA,4.0,,48.5,41.0,,,4,2.0,56.0,56.0,21.0,,,4.0,1.0,59.0,71.0,9.0,,,7.0,-3.0,
E0AUQ08YEB,4.0,70.0,70.0,32.5,,,8,2.0,56.0,56.0,21.0,,,4.0,1.0,59.0,71.0,9.0,,,7.0,-3.0,14.0
E0AVB1LFLA,4.0,,64.0,19.5,,,3,2.0,59.0,59.0,18.0,,,4.0,1.0,46.75,44.0,18.25,,,5.0,12.25,
E0AVB1LFLB,4.0,,86.0,21.25,,,20,2.0,59.0,59.0,18.0,,,4.0,1.0,46.75,44.0,18.25,,,5.0,12.25,
E0AXL1EYLA,4.0,85.5,68.0,18.642857142857142,,,22,2.0,68.5,68.5,14.0,,,4.0,1.0,65.9,65.9,,,,2.0,2.5999999999999943,17.0
E0AXL1EYLB,4.0,,88.5,25.75,,,9,2.0,68.5,68.5,14.0,,,4.0,1.0,65.9,65.9,,,,2.0,2.5999999999999943,
E0AXL1EYLC,4.0,79.5,79.5,27.666666666666668,,,8,2.0,68.5,68.5,14.0,,,4.0,1.0,65.9,65.9,,,,2.0,2.5999999999999943,11.0
E0AXL1EYLD,4.0,,78.5,22.166666666666668,,,9,2.0,68.5,68.5,14.0,,,4.0,1.0,65.9,65.9,,,,2.0,2.5999999999999943,
E0AXL1EYLE,4.0,,64.0,28.5,,,6,2.0,68.5,68.5,14.0,,,4.0,1.0,65.9,65.9,,,,2.0,2.5999999999999943,
E0AXL1EYLF,4.0,84.5,84.5,6.25,,,8,2.0,68.5,68.5,14.0,,,4.0,1.0,65.9,65.9,,,,2.0,2.5999999999999943,16.0
E0AXL1EYLG,4.0,89.5,89.5,4.5,,,8,2.0,68.5,68.5,14.0,,,4.0,1.0,65.9,65.9,,,,2.0,2.5999999999999943,21.0
E0AXL1EZLA,4.0,83.5,79.5,13.785714285714286,,,13,2.0,70.5,70.5,14.0,,,4.0,1.0,65.9,65.9,,,,2.0,4.599999999999994,13.0
E0AXL1EZLB,4.0,77.5,77.5,12.416666666666666,,,12,2.0,70.5,70.5,14.0,,,4.0,1.0,65.9,65.9,,,,2.0,4.599999999999994,7.0
E0AXL1FALA,4.0,84.0,84.0,8.5,,,5,2.0,47.5,38.5,22.666666666666668,,,4.0,1.0,65.9,65.9,,,,2.0,-18.400000000000006,36.5
E0AXL1FALB,4.0,79.0,79.0,10.5,,,5,2.0,47.5,38.5,22.666666666666668,,,4.0,1.0,65.9,65.9,,,,2.0,-18.400000000000006,31.5
E0AXL1FALC,4.0,87.0,82.5,8.5,,,9,2.0,47.5,38.5,22.666666666666668,,,4.0,1.0,65.9,65.9,,,,2.0,-18.400000000000006,39.5
E0AXL1FBLA,4.0,72.5,72.5,16.5,,,8,2.0,47.5,38.5,24.0,,,10.0,1.0,65.9,65.9,,,,2.0,-18.400000000000006,25.0
E0AXL1FBLB,4.0,68.0,68.0,14.5,,,6,2.0,47.5,38.5,24.0,,,10.0,1.0,65.9,65.9,,,,2.0,-18.400000000000006,20.5
E0AXL1FBLC,4.0,76.5,76.5,15.5,,,13,2.0,47.5,38.5,24.0,,,10.0,1.0,65.9,65.9,,,,2.0,-18.400000000000006,29.0
E0AXL1FBLD,4.0,85.5,71.5,14.875,,,18,2.0,47.5,38.5,24.0,,,10.0,1.0,65.9,65.9,,,,2.0,-18.400000000000006,38.0
E0AXL1FCLA,4.0,77.5,77.5,13.5,,,5,2.0,48.0,53.5,12.166666666666666,,,8.0,1.0,65.9,65.9,,,,2.0,-17.900000000000006,29.5
E0AYQ09ZEA,4.0,,6.5,64.5,,,4,2.0,42.5,42.5,21.0,,,4.0,1.0,48.625,42.5,15.628962857142856,,,66.0,-6.125,
E0CAQ09AEB,4.0,34.0,50.0,52.5,,,12,2.0,8.5,33.0,48.25,,,12.0,1.0,65.75,65.75,33.625,,,4.0,-57.25,25.5
E0CAQ09AEC,4.0,43.5,60.5,44.2,,,7,2.0,8.5,33.0,48.25,,,12.0,1.0,65.75,65.75,33.625,,,4.0,-57.25,35.0
E0CAQ09AEE,4.0,54.0,69.0,35.7,,,14,2.0,8.5,33.0,48.25,,,12.0,1.0,65.75,65.75,33.625,,,4.0,-57.25,45.5
E0CAQ09AEF,4.0,54.5,54.0,41.833333333333336,,,10,2.0,8.5,33.0,48.25,,,12.0,1.0,65.75,65.75,33.625,,,4.0,-57.25,46.0
E0CAQ09AEG,4.0,49.0,45.5,43.666666666666664,,,11,2.0,8.5,33.0,48.25,,,12.0,1.0,65.75,65.75,33.625,,,4.0,-57.25,40.5
E0CAQ09BEA,4.0,18.0,44.5,62.1,,,7,2.0,20.5,48.0,35.0,,,9.0,1.0,65.75,65.75,33.625,,,4.0,-45.25,-2.5
E0CAQ09CEA,4.0,32.5,53.0,52.75,,,8,2.0,27.5,41.5,34.0,,,12.0,1.0,65.75,65.75,33.625,,,4.0,-38.25,5.0
E0CAQ09DEA,4.0,40.5,39.0,42.333333333333336,,,10,2.0,22.5,38.0,39.25,,,12.0,1.0,65.75,65.75,33.625,,,4.0,-43.25,18.0
E0CAQ09HEA,4.0,49.0,55.0,34.1875,,,13,2.0,12.5,33.0,38.75,,,12.0,1.0,65.75,65.75,33.625,,,4.0,-53.25,36.5
E0CAQ09JEA,4.0,36.5,11.5,26.0625,,,34,2.0,23.0,28.5,30.75,,,14.0,1.0,65.75,65.75,33.625,,,4.0,-42.75,13.5
E0CAQ09JEB,4.0,23.0,28.5,48.75,,,10,2.0,23.0,28.5,30.75,,,14.0,1.0,65.75,65.75,33.625,,,4.0,-42.75,0.0
E0CAQ09NEA,4.0,41.5,49.5,52.8125,,,11,2.0,30.0,36.0,27.0,,,12.0,1.0,65.75,65.75,33.625,,,4.0,-35.75,11.5
E0G4L1DJLA,4.0,81.5,81.5,8.666666666666666,,,6,2.0,44.0,55.0,17.75,,,6.0,1.0,75.08,75.08,,,,2.0,-31.08,37.5
E0G4L1DJLC,4.0,88.5,88.5,8.333333333333334,,,6,2.0,44.0,55.0,17.75,,,6.0,1.0,75.08,75.08,,,,2.0,-31.08,44.5
E0G4L1DKLA,4.0,,79.0,17.0,,,6,2.0,55.5,57.0,14.25,,,6.0,1.0,75.08,75.08,,,,2.0,-19.58,
E0G4L1DKLB,4.0,70.0,70.0,13.7,,,8,2.0,55.5,57.0,14.25,,,6.0,1.0,75.08,75.08,,,,2.0,-19.58,14.5
E0G4L1DKLC,4.0,66.0,66.0,12.333333333333334,,,6,2.0,55.5,57.0,14.25,,,6.0,1.0,75.08,75.08,,,,2.0,-19.58,10.5
E0G4L1DKLD,4.0,,62.5,20.0,,,4,2.0,55.5,57.0,14.25,,,6.0,1.0,75.08,75.08,,,,2.0,-19.58,
E0G4L1DLLD,4.0,81.5,81.5,9.0,,,4,2.0,54.5,54.0,13.5,,,6.0,1.0,75.08,75.08,,,,2.0,-20.58,27.0
E0G4L1DLLE,4.0,89.5,84.0,8.125,,,8,2.0,54.5,54.0,13.5,,,6.0,1.0,75.08,75.08,,,,2.0,-20.58,35.0
E0G4L1DLLG,4.0,88.5,88.5,9.5,,,4,2.0,54.5,54.0,13.5,,,6.0,1.0,75.08,75.08,,,,2.0,-20.58,34.0
E0G4L1DMLE,4.0,83.5,65.5,12.285714285714286,,,14,2.0,70.5,70.5,12.0,,,2.0,1.0,75.08,75.08,,,,2.0,-4.579999999999998,13.0
E0G4L1DMLF,4.0,66.0,66.0,15.5,,,8,2.0,70.5,70.5,12.0,,,2.0,1.0,75.08,75.08,,,,2.0,-4.579999999999998,-4.5
E0G4L1DMLG,4.0,,74.0,17.0,,,2,2.0,70.5,70.5,12.0,,,2.0,1.0,75.08,75.08,,,,2.0,-4.579999999999998,
E0G4L1DMLH,4.0,73.0,73.0,9.833333333333334,,,10,2.0,70.5,70.5,12.0,,,2.0,1.0,75.08,75.08,,,,2.0,-4.579999999999998,2.5
E0G4L1DNLD,4.0,58.0,58.0,15.333333333333334,,,6,2.0,66.5,66.5,18.5,,,4.0,1.0,75.08,75.08,,,,2.0,-8.579999999999998,-8.5
E0G4L1DNLE,4.0,74.5,80.0,10.916666666666666,,,11,2.0,66.5,66.5,18.5,,,4.0,1.0,75.08,75.08,,,,2.0,-8.579999999999998,8.0
E0G4L1DNLF,4.0,79.0,77.0,14.375,,,14,2.0,66.5,66.5,18.5,,,4.0,1.0,75.08,75.08,,,,2.0,-8.579999999999998,12.5
E0G4L1DPLD,4.0,74.5,74.5,13.666666666666666,,,6,2.0,77.0,77.0,15.5,,,4.0,1.0,75.08,75.08,,,,2.0,1.9200000000000017,-2.5
E0G4L1DPLE,4.0,,62.5,19.0,,,6,2.0,77.0,77.0,15.5,,,4.0,1.0,75.08,75.08,,,,2.0,1.9200000000000017,
E0G4L1DPLF,4.0,83.5,83.5,13.25,,,8,2.0,77.0,77.0,15.5,,,4.0,1.0,75.08,75.08,,,,2.0,1.9200000000000017,6.5
E0G5L1DELA,4.0,85.0,85.0,13.625,,,8,2.0,62.0,62.0,20.0,,,4.0,1.0,73.75,73.75,,,,2.0,-11.75,23.0
E0G5L1DELB,4.0,80.0,77.0,20.545454545454547,,,17,2.0,62.0,62.0,20.0,,,4.0,1.0,73.75,73.75,,,,2.0,-11.75,18.0
E0G5L1DFLD,4.0,,70.0,30.0,,,3,2.0,59.0,68.5,10.75,,,6.0,1.0,73.75,73.75,,,,2.0,-14.75,
E0G5L1DFLE,4.0,55.5,55.5,23.666666666666668,,,6,2.0,59.0,68.5,10.75,,,6.0,1.0,73.75,73.75,,,,2.0,-14.75,-3.5
E0G5L1DFLK,4.0,69.5,69.5,34.4,,,8,2.0,59.0,68.5,10.75,,,6.0,1.0,73.75,73.75,,,,2.0,-14.75,10.5
E0G5L1DGLA,4.0,71.5,71.5,25.5,,,8,2.0,62.0,62.0,14.5,,,4.0,1.0,73.75,73.75,,,,2.0,-11.75,9.5
E0G5L1DGLB,4.0,81.0,81.0,16.6,,,8,2.0,62.0,62.0,14.5,,,4.0,1.0,73.75,73.75,,,,2.0,-11.75,19.0
E0G9L1GJLD,4.0,58.0,61.5,16.333333333333332,,,15,2.0,61.5,61.5,16.0,,,4.0,1.0,54.125,54.13,26.880000000000003,,,2.0,7.375,-3.5
E0G9L1GJLE,4.0,71.5,60.0,16.333333333333332,,,11,2.0,61.5,61.5,16.0,,,4.0,1.0,54.125,54.13,26.880000000000003,,,2.0,7.375,10.0
E0G9L1GKLC,4.0,76.0,74.0,18.0,,,10,2.0,57.0,57.0,19.5,,,4.0,1.0,54.125,54.13,26.880000000000003,,,2.0,2.875,19.0
E0G9L1GKLD,4.0,71.5,73.0,12.75,,,13,2.0,57.0,57.0,19.5,,,4.0,1.0,54.125,54.13,26.880000000000003,,,2.0,2.875,14.5
E0G9L1GLLD,4.0,73.5,67.5,12.833333333333334,,,9,2.0,45.5,27.0,16.5,,,4.0,1.0,54.125,54.13,26.880000000000003,,,2.0,-8.625,28.0
E0G9L1GLLE,4.0,76.0,72.5,15.25,,,6,2.0,45.5,27.0,16.5,,,4.0,1.0,54.125,54.13,26.880000000000003,,,2.0,-8.625,30.5
E0G9L1GMLD,4.0,54.0,65.0,14.6,,,14,2.0,45.5,22.5,14.25,,,6.0,1.0,54.125,54.13,26.880000000000003,,,2.0,-8.625,8.5
E0G9L1GMLE,4.0,,69.0,,,,2,2.0,45.5,22.5,14.25,,,6.0,1.0,54.125,54.13,26.880000000000003,,,2.0,-8.625,
E0G9L1GNLC,4.0,70.5,62.0,19.0,,,7,2.0,53.5,21.5,12.25,,,3.0,1.0,54.125,54.13,26.880000000000003,,,2.0,-0.625,17.0
E0G9L1GNLD,4.0,77.0,77.0,14.5,,,6,2.0,53.5,21.5,12.25,,,3.0,1.0,54.125,54.13,26.880000000000003,,,2.0,-0.625,23.5
E0G9L1GNLE,4.0,73.0,79.0,17.25,,,8,2.0,53.5,21.5,12.25,,,3.0,1.0,54.125,54.13,26.880000000000003,,,2.0,-0.625,19.5
E0G9L1GPLA,4.0,75.5,75.5,16.5,,,8,2.0,48.0,33.5,14.75,,,6.0,1.0,54.125,54.13,26.880000000000003,,,2.0,-6.125,27.5
E0G9L1GPLB,4.0,55.0,67.0,24.0,,,12,2.0,48.0,33.5,14.75,,,6.0,1.0,54.125,54.13,26.880000000000003,,,2.0,-6.125,7.0
E0G9L1GPLC,4.0,47.0,66.0,23.0,,,12,2.0,48.0,33.5,14.75,,,6.0,1.0,54.125,54.13,26.880000000000003,,,2.0,-6.125,-1.0
E1AAL2BWLA,4.0,86.5,79.0,9.75,,,7,2.0,71.5,71.5,8.5,,,2.0,1.0,72.2,72.2,15.299999999999999,,,2.0,-0.7000000000000028,15.0
E1AAL2BWLB,4.0,88.0,69.0,9.0,,,10,2.0,71.5,71.5,8.5,,,2.0,1.0,72.2,72.2,15.299999999999999,,,2.0,-0.7000000000000028,16.5
E1AAL2BXLA,4.0,,71.0,10.5,,,2,2.0,77.0,77.0,10.0,,,4.0,1.0,72.2,72.2,15.299999999999999,,,2.0,4.799999999999997,
E1AAL2BXLD,4.0,,75.0,12.0,,,4,2.0,77.0,77.0,10.0,,,4.0,1.0,72.2,72.2,15.299999999999999,,,2.0,4.799999999999997,
E1AAL2BXLE,4.0,,76.0,11.5,,,4,2.0,77.0,77.0,10.0,,,4.0,1.0,72.2,72.2,15.299999999999999,,,2.0,4.799999999999997,
E1AAL2BYLA,4.0,,79.0,11.5,,,4,2.0,85.5,85.5,5.5,,,4.0,1.0,72.2,72.2,15.299999999999999,,,2.0,13.299999999999997,
E1AAL2BYLB,4.0,,77.5,8.0,,,4,2.0,85.5,85.5,5.5,,,4.0,1.0,72.2,72.2,15.299999999999999,,,2.0,13.299999999999997,
E1AAL2BYLC,4.0,78.0,75.5,14.0,,,7,2.0,85.5,85.5,5.5,,,4.0,1.0,72.2,72.2,15.299999999999999,,,2.0,13.299999999999997,-7.5
E1AAL2BZLA,4.0,,80.0,10.5,,,2,2.0,63.5,63.5,17.5,,,4.0,1.0,72.2,72.2,15.299999999999999,,,2.0,-8.700000000000003,
E1AAL2BZLB,4.0,,75.5,5.5,,,4,2.0,63.5,63.5,17.5,,,4.0,1.0,72.2,72.2,15.299999999999999,,,2.0,-8.700000000000003,
E1AAL2CALA,4.0,,86.0,6.0,,,2,2.0,66.0,66.0,12.5,,,2.0,1.0,72.2,72.2,15.299999999999999,,,2.0,-6.200000000000003,
E1ACL2CHLA,4.0,88.5,74.5,7.416666666666667,,,10,2.0,82.0,82.0,7.5,,,4.0,1.0,83.75,83.75,8.75,,,4.0,-1.75,6.5
E1ACL2CHLB,4.0,,77.0,10.5,,,2,2.0,82.0,82.0,7.5,,,4.0,1.0,83.75,83.75,8.75,,,4.0,-1.75,
E1ACL2CHLC,4.0,,85.5,9.5,,,2,2.0,82.0,82.0,7.5,,,4.0,1.0,83.75,83.75,8.75,,,4.0,-1.75,
E1ADL2CPLA,4.0,,80.0,7.5,,,4,2.0,87.5,87.5,4.0,,,6.0,1.0,79.5,79.5,12.350000000000001,,,2.0,8.0,
E1ADL2CPLB,4.0,,78.0,10.5,,,4,2.0,87.5,87.5,4.0,,,6.0,1.0,79.5,79.5,12.350000000000001,,,2.0,8.0,
E1ADL2CPLC,4.0,,80.0,7.0,,,4,2.0,87.5,87.5,4.0,,,6.0,1.0,79.5,79.5,12.350000000000001,,,2.0,8.0,
E1ADL2CQLA,4.0,,67.0,7.0,,,2,2.0,92.0,92.0,2.5,,,4.0,1.0,79.5,79.5,12.350000000000001,,,2.0,12.5,
E1ADL2CQLB,4.0,,75.5,8.5,,,4,2.0,92.0,92.0,2.5,,,4.0,1.0,79.5,79.5,12.350000000000001,,,2.0,12.5,
E1ADL2CRLC,4.0,,73.5,8.0,,,2,2.0,80.0,80.0,9.0,,,4.0,1.0,79.5,79.5,12.350000000000001,,,2.0,0.5,
E1ADL2CRLD,4.0,,83.0,2.0,,,2,2.0,80.0,80.0,9.0,,,4.0,1.0,79.5,79.5,12.350000000000001,,,2.0,0.5,
E1ADL2CSLA,4.0,,70.0,10.5,,,4,2.0,81.5,81.5,12.0,,,4.0,1.0,79.5,79.5,12.350000000000001,,,2.0,2.0,
E1ADL2CSLB,4.0,,80.0,12.0,,,4,2.0,81.5,81.5,12.0,,,4.0,1.0,79.5,79.5,12.350000000000001,,,2.0,2.0,
E1ADL2CSLC,4.0,,84.5,9.0,,,4,2.0,81.5,81.5,12.0,,,4.0,1.0,79.5,79.5,12.350000000000001,,,2.0,2.0,
E1ADL2CTLA,4.0,83.0,76.5,9.833333333333334,,,10,2.0,85.0,85.0,8.5,,,2.0,1.0,79.5,79.5,12.350000000000001,,,2.0,5.5,-2.0
E1ADL2CTLB,4.0,88.5,81.5,10.5,,,10,2.0,85.0,85.0,8.5,,,2.0,1.0,79.5,79.5,12.350000000000001,,,2.0,5.5,3.5
E1ADL2CULB,4.0,87.0,68.0,10.2,,,16,2.0,88.5,88.5,6.0,,,4.0,1.0,79.5,79.5,12.350000000000001,,,2.0,9.0,-1.5
E1ADL2CULC,4.0,,74.5,9.0,,,4,2.0,88.5,88.5,6.0,,,4.0,1.0,79.5,79.5,12.350000000000001,,,2.0,9.0,
E1ADL2CULH,4.0,79.0,78.5,12.0,,,10,2.0,88.5,88.5,6.0,,,4.0,1.0,79.5,79.5,12.350000000000001,,,2.0,9.0,-9.5
E1AEL2CALA,4.0,,85.0,9.5,,,2,2.0,86.5,86.5,5.5,,,4.0,1.0,89.1,89.1,7.9,,,2.0,-2.5999999999999943,
E1AEL2CALB,4.0,91.0,90.5,5.166666666666667,,,10,2.0,86.5,86.5,5.5,,,4.0,1.0,89.1,89.1,7.9,,,2.0,-2.5999999999999943,4.5
E1AEL2CBLA,4.0,,90.5,4.5,,,2,2.0,86.5,86.5,7.5,,,4.0,1.0,89.1,89.1,7.9,,,2.0,-2.5999999999999943,
E1AEL2CBLB,4.0,,90.5,3.0,,,2,2.0,86.5,86.5,7.5,,,4.0,1.0,89.1,89.1,7.9,,,2.0,-2.5999999999999943,
E1AEL2CBLC,4.0,,90.5,2.5,,,4,2.0,86.5,86.5,7.5,,,4.0,1.0,89.1,89.1,7.9,,,2.0,-2.5999999999999943,
E1AEL2CCLB,4.0,,90.0,4.5,,,4,2.0,87.0,87.0,6.0,,,2.0,1.0,89.1,89.1,7.9,,,2.0,-2.0999999999999943,
E1AEL2CCLC,4.0,,89.5,5.5,,,2,2.0,87.0,87.0,6.0,,,2.0,1.0,89.1,89.1,7.9,,,2.0,-2.0999999999999943,
E1AEL2CCLD,4.0,,85.0,4.5,,,4,2.0,87.0,87.0,6.0,,,2.0,1.0,89.1,89.1,7.9,,,2.0,-2.0999999999999943,
E1AEL2CDLA,4.0,91.25,88.5,6.0,,,5,2.0,93.0,93.0,4.5,,,4.0,1.0,89.1,89.1,7.9,,,2.0,3.9000000000000057,-1.75
E1AEL2CDLB,4.0,92.0,92.0,5.333333333333333,,,10,2.0,93.0,93.0,4.5,,,4.0,1.0,89.1,89.1,7.9,,,2.0,3.9000000000000057,-1.0
E1AEL2CELA,4.0,,89.5,6.0,,,4,2.0,93.5,93.5,3.5,,,4.0,1.0,89.1,89.1,7.9,,,2.0,4.400000000000006,
E1AEL2CELB,4.0,,87.0,7.0,,,2,2.0,93.5,93.5,3.5,,,4.0,1.0,89.1,89.1,7.9,,,2.0,4.400000000000006,
E1AEL2CELC,4.0,95.0,94.0,3.125,,,7,2.0,93.5,93.5,3.5,,,4.0,1.0,89.1,89.1,7.9,,,2.0,4.400000000000006,1.5
E1AEL2CFLA,4.0,78.0,80.5,7.2,,,8,2.0,89.5,89.5,7.0,,,2.0,1.0,89.1,89.1,7.9,,,2.0,0.4000000000000057,-11.5
E1AEL2CFLB,4.0,96.0,93.0,3.8333333333333335,,,5,2.0,89.5,89.5,7.0,,,2.0,1.0,89.1,89.1,7.9,,,2.0,0.4000000000000057,6.5
E1AEL2CGLA,4.0,,90.0,4.0,,,2,2.0,96.0,96.0,2.5,,,4.0,1.0,89.1,89.1,7.9,,,2.0,6.900000000000006,
E1AEL2CGLB,4.0,93.5,93.0,4.0,,,7,2.0,96.0,96.0,2.5,,,4.0,1.0,89.1,89.1,7.9,,,2.0,6.900000000000006,-2.5
E1AEL2CHLA,4.0,,90.5,4.5,,,4,2.0,95.0,95.0,2.5,,,4.0,1.0,89.1,89.1,7.9,,,2.0,5.900000000000006,
E1AEL2CHLB,4.0,91.0,89.5,6.083333333333333,,,5,2.0,95.0,95.0,2.5,,,4.0,1.0,89.1,89.1,7.9,,,2.0,5.900000000000006,-4.0
E1AFL2DALA,4.0,91.5,89.5,6.666666666666667,,,10,2.0,92.0,92.0,6.5,,,4.0,1.0,84.95,84.95,8.8,,,2.0,7.049999999999997,-0.5
E1AFL2DALB,4.0,90.5,92.5,5.333333333333333,,,10,2.0,92.0,92.0,6.5,,,4.0,1.0,84.95,84.95,8.8,,,2.0,7.049999999999997,-1.5
E1AFL2DBLA,4.0,92.0,88.5,4.833333333333333,,,10,2.0,88.5,88.5,7.0,,,4.0,1.0,84.95,84.95,8.8,,,2.0,3.549999999999997,3.5
E1AFL2DBLB,4.0,96.0,92.0,3.6666666666666665,,,10,2.0,88.5,88.5,7.0,,,4.0,1.0,84.95,84.95,8.8,,,2.0,3.549999999999997,7.5
E1AFL2DBLC,4.0,,85.5,5.5,,,4,2.0,88.5,88.5,7.0,,,4.0,1.0,84.95,84.95,8.8,,,2.0,3.549999999999997,
E1AFL2DCLA,4.0,,89.0,5.0,,,2,2.0,92.5,92.5,4.0,,,2.0,1.0,84.95,84.95,8.8,,,2.0,7.549999999999997,
E1AFL2DCLB,4.0,92.5,91.5,5.833333333333333,,,10,2.0,92.5,92.5,4.0,,,2.0,1.0,84.95,84.95,8.8,,,2.0,7.549999999999997,0.0
E1AFL2DDLA,4.0,,93.0,4.0,,,4,2.0,92.0,92.0,4.0,,,4.0,1.0,84.95,84.95,8.8,,,2.0,7.049999999999997,
E1AFL2DDLB,4.0,96.0,94.0,4.75,,,7,2.0,92.0,92.0,4.0,,,4.0,1.0,84.95,84.95,8.8,,,2.0,7.049999999999997,4.0
E1AFL2DELA,4.0,82.5,82.0,10.875,,,7,2.0,87.0,87.0,8.0,,,4.0,1.0,84.95,84.95,8.8,,,2.0,2.049999999999997,-4.5
E1AFL2DELB,4.0,,90.0,4.0,,,2,2.0,87.0,87.0,8.0,,,4.0,1.0,84.95,84.95,8.8,,,2.0,2.049999999999997,
E1AFL2DFLA,4.0,88.5,84.0,9.166666666666666,,,5,2.0,86.0,86.0,9.5,,,4.0,1.0,84.95,84.95,8.8,,,2.0,1.0499999999999972,2.5
E1AFL2DFLB,4.0,88.0,85.0,8.875,,,7,2.0,86.0,86.0,9.5,,,4.0,1.0,84.95,84.95,8.8,,,2.0,1.0499999999999972,2.0
E1AFL2DGLA,4.0,,82.5,9.0,,,4,2.0,84.0,84.0,9.5,,,2.0,1.0,84.95,84.95,8.8,,,2.0,-0.9500000000000028,
E1AFL2DGLB,4.0,85.0,75.5,8.5,,,5,2.0,84.0,84.0,9.5,,,2.0,1.0,84.95,84.95,8.8,,,2.0,-0.9500000000000028,1.0
E1AFL2DGLC,4.0,88.5,88.0,7.083333333333333,,,10,2.0,84.0,84.0,9.5,,,2.0,1.0,84.95,84.95,8.8,,,2.0,-0.9500000000000028,4.5
E1AFL2DHLA,4.0,,90.5,5.0,,,4,2.0,86.5,86.5,10.0,,,2.0,1.0,84.95,84.95,8.8,,,2.0,1.5499999999999972,
E1AFL2DHLB,4.0,,85.0,9.0,,,2,2.0,86.5,86.5,10.0,,,2.0,1.0,84.95,84.95,8.8,,,2.0,1.5499999999999972,
E1AFL2DJLA,4.0,,92.5,6.5,,,4,2.0,92.5,92.5,4.5,,,4.0,1.0,84.95,84.95,8.8,,,2.0,7.549999999999997,
E1AFL2DJLB,4.0,,92.0,4.0,,,4,2.0,92.5,92.5,4.5,,,4.0,1.0,84.95,84.95,8.8,,,2.0,7.549999999999997,
E1AFL2DKLA,4.0,93.0,92.5,5.125,,,7,2.0,90.0,90.0,7.5,,,4.0,1.0,84.95,84.95,8.8,,,2.0,5.049999999999997,3.0
E1AFL2DKLB,4.0,,91.0,4.0,,,4,2.0,90.0,90.0,7.5,,,4.0,1.0,84.95,84.95,8.8,,,2.0,5.049999999999997,
E1AFL2DLLE,4.0,,96.0,2.5,,,4,2.0,84.0,84.0,6.0,,,4.0,1.0,84.95,84.95,8.8,,,2.0,-0.9500000000000028,
E1AFL2DLLF,4.0,96.5,89.5,5.5,,,8,2.0,84.0,84.0,6.0,,,4.0,1.0,84.95,84.95,8.8,,,2.0,-0.9500000000000028,12.5
E1AFL2DMLE,4.0,,90.5,4.5,,,2,2.0,90.0,90.0,5.5,,,2.0,1.0,84.95,84.95,8.8,,,2.0,5.049999999999997,
E1AFL2DMLF,4.0,93.5,94.5,3.1666666666666665,,,5,2.0,90.0,90.0,5.5,,,2.0,1.0,84.95,84.95,8.8,,,2.0,5.049999999999997,3.5
E1AFL2DMLG,4.0,91.5,90.0,5.125,,,7,2.0,90.0,90.0,5.5,,,2.0,1.0,84.95,84.95,8.8,,,2.0,5.049999999999997,1.5
E1AFL2DNLA,4.0,,91.5,4.5,,,4,2.0,86.0,86.0,7.5,,,4.0,1.0,84.95,84.95,8.8,,,2.0,1.0499999999999972,
E1AFL2DNLB,4.0,,91.0,6.5,,,2,2.0,86.0,86.0,7.5,,,4.0,1.0,84.95,84.95,8.8,,,2.0,1.0499999999999972,
E1AFL2DPLA,4.0,,78.0,8.5,,,2,2.0,75.5,75.5,10.0,,,4.0,1.0,84.95,84.95,8.8,,,2.0,-9.450000000000003,
E1AFL2DPLB,4.0,,81.0,8.0,,,2,2.0,75.5,75.5,10.0,,,4.0,1.0,84.95,84.95,8.8,,,2.0,-9.450000000000003,
E1AGB2LPLA,4.0,,58.0,19.75,,,6,2.0,62.5,62.5,15.0,,,4.0,1.0,56.0,56.0,25.5,,,2.0,6.5,
E1AGB2LPLB,4.0,,59.5,17.5,,,3,2.0,62.5,62.5,15.0,,,4.0,1.0,56.0,56.0,25.5,,,2.0,6.5,
E1AGB2LPLC,4.0,54.5,54.5,19.2,,,14,2.0,62.5,62.5,15.0,,,4.0,1.0,56.0,56.0,25.5,,,2.0,6.5,-8.0
E1AGB2LQLA,4.0,,63.5,17.0,,,6,2.0,48.0,38.5,10.75,,,6.0,1.0,56.0,56.0,25.5,,,2.0,-8.0,
E1AJL2FXLH,4.0,,74.0,17.5,,,3,2.0,64.0,64.0,13.0,,,2.0,1.0,68.7,68.7,15.280000000000001,,,2.0,-4.700000000000003,
E1AJL2FXLJ,4.0,,65.0,16.5,,,3,2.0,64.0,64.0,13.0,,,2.0,1.0,68.7,68.7,15.280000000000001,,,2.0,-4.700000000000003,
E1AJL2FXLK,4.0,,67.5,16.5,,,4,2.0,64.0,64.0,13.0,,,2.0,1.0,68.7,68.7,15.280000000000001,,,2.0,-4.700000000000003,
E1AJL2FXLL,4.0,85.5,83.5,12.375,,,7,2.0,64.0,64.0,13.0,,,2.0,1.0,68.7,68.7,15.280000000000001,,,2.0,-4.700000000000003,21.5
E1AJL2FXLM,4.0,,68.0,18.25,,,6,2.0,64.0,64.0,13.0,,,2.0,1.0,68.7,68.7,15.280000000000001,,,2.0,-4.700000000000003,
E1AJL2FYLA,4.0,79.5,80.5,12.25,,,7,2.0,64.5,64.5,13.0,,,2.0,1.0,68.7,68.7,15.280000000000001,,,2.0,-4.200000000000003,15.0
E1AJL2FYLB,4.0,80.5,86.0,10.875,,,7,2.0,64.5,64.5,13.0,,,2.0,1.0,68.7,68.7,15.280000000000001,,,2.0,-4.200000000000003,16.0
E1AJL2FZLA,4.0,,72.0,14.0,,,4,2.0,77.5,77.5,8.5,,,4.0,1.0,68.7,68.7,15.280000000000001,,,2.0,8.799999999999997,
E1AJL2FZLB,4.0,87.5,80.5,9.0,,,10,2.0,77.5,77.5,8.5,,,4.0,1.0,68.7,68.7,15.280000000000001,,,2.0,8.799999999999997,10.0
E1AJL2GAEA,4.0,,83.5,10.5,,,4,2.0,74.5,74.5,15.5,,,4.0,1.0,68.7,68.7,15.280000000000001,,,2.0,5.799999999999997,
E1AJL2GAEB,4.0,,89.5,5.0,,,4,2.0,74.5,74.5,15.5,,,4.0,1.0,68.7,68.7,15.280000000000001,,,2.0,5.799999999999997,
E1AJL2GALA,4.0,80.5,80.0,12.5,,,7,2.0,74.5,74.5,15.5,,,4.0,1.0,68.7,68.7,15.280000000000001,,,2.0,5.799999999999997,6.0
E1AJL2GALB,4.0,81.5,82.0,11.166666666666666,,,5,2.0,74.5,74.5,15.5,,,4.0,1.0,68.7,68.7,15.280000000000001,,,2.0,5.799999999999997,7.0
E1AJL2GBLD,4.0,,89.0,4.5,,,2,2.0,87.5,87.5,6.5,,,2.0,1.0,68.7,68.7,15.280000000000001,,,2.0,18.799999999999997,
E1AJL2GBLE,4.0,,86.0,11.0,,,2,2.0,87.5,87.5,6.5,,,2.0,1.0,68.7,68.7,15.280000000000001,,,2.0,18.799999999999997,
E1AJL2GBLF,4.0,,92.0,6.5,,,4,2.0,87.5,87.5,6.5,,,2.0,1.0,68.7,68.7,15.280000000000001,,,2.0,18.799999999999997,
E1AJL2GCLA,4.0,,85.5,6.5,,,4,2.0,74.0,74.0,10.5,,,4.0,1.0,68.7,68.7,15.280000000000001,,,2.0,5.299999999999997,
E1AJL2GCLB,4.0,,89.0,8.0,,,2,2.0,74.0,74.0,10.5,,,4.0,1.0,68.7,68.7,15.280000000000001,,,2.0,5.299999999999997,
E1AKB3LHLB,4.0,,72.5,12.5,,,2,2.0,49.0,79.0,12.65,,,14.0,1.0,62.1875,60.9,23.2475,,,10.0,-13.1875,
E1AKB3LHLC,4.0,,76.5,9.0,,,2,2.0,49.0,79.0,12.65,,,14.0,1.0,62.1875,60.9,23.2475,,,10.0,-13.1875,
E1AKB3LHLD,4.0,,78.0,13.5,,,2,2.0,49.0,79.0,12.65,,,14.0,1.0,62.1875,60.9,23.2475,,,10.0,-13.1875,
E1AKB3LHLE,4.0,,68.5,12.5,,,2,2.0,49.0,79.0,12.65,,,14.0,1.0,62.1875,60.9,23.2475,,,10.0,-13.1875,
E1AKB3LHLF,4.0,,62.0,16.5,,,6,2.0,49.0,79.0,12.65,,,14.0,1.0,62.1875,60.9,23.2475,,,10.0,-13.1875,
E1AKB3LHLG,4.0,,67.0,15.5,,,6,2.0,49.0,79.0,12.65,,,14.0,1.0,62.1875,60.9,23.2475,,,10.0,-13.1875,
E1AKB3LJLA,4.0,,72.5,11.0,,,2,2.0,57.0,78.0,11.4375,,,11.0,1.0,62.1875,60.9,23.2475,,,10.0,-5.1875,
E1AKB3LJLB,4.0,,79.5,13.0,,,2,2.0,57.0,78.0,11.4375,,,11.0,1.0,62.1875,60.9,23.2475,,,10.0,-5.1875,
E1AKB3LLLA,4.0,83.5,84.5,11.833333333333334,,,5,2.0,66.0,74.0,13.0,,,3.0,1.0,62.1875,60.9,23.2475,,,10.0,3.8125,17.5
E1AKB3LLLB,4.0,,79.0,11.5,,,2,2.0,66.0,74.0,13.0,,,3.0,1.0,62.1875,60.9,23.2475,,,10.0,3.8125,
E1AKL3BGLA,4.0,,86.0,8.5,,,2,2.0,70.0,70.0,20.5,,,4.0,1.0,62.1875,60.9,23.2475,,,10.0,7.8125,
E1AKL3BGLC,4.0,,71.5,13.5,,,2,2.0,70.0,70.0,20.5,,,4.0,1.0,62.1875,60.9,23.2475,,,10.0,7.8125,
E1AKL3BGLD,4.0,,70.5,12.5,,,2,2.0,70.0,70.0,20.5,,,4.0,1.0,62.1875,60.9,23.2475,,,10.0,7.8125,
E1AKL3BGLE,4.0,,78.5,11.5,,,2,2.0,70.0,70.0,20.5,,,4.0,1.0,62.1875,60.9,23.2475,,,10.0,7.8125,
E1AKL3BGLF,4.0,,85.5,9.5,,,2,2.0,70.0,70.0,20.5,,,4.0,1.0,62.1875,60.9,23.2475,,,10.0,7.8125,
E1AKL3BHLB,4.0,,80.0,10.5,,,2,2.0,72.5,72.5,13.0,,,2.0,1.0,62.1875,60.9,23.2475,,,10.0,10.3125,
E1AKL3BHLC,4.0,,78.0,12.5,,,4,2.0,72.5,72.5,13.0,,,2.0,1.0,62.1875,60.9,23.2475,,,10.0,10.3125,
E1ALL2JALA,4.0,,64.5,18.0,,,4,2.0,64.0,64.0,15.5,,,4.0,1.0,67.81,67.81,18.7,,,2.0,-3.8100000000000023,
E1ALL2JALB,4.0,,64.5,16.0,,,4,2.0,64.0,64.0,15.5,,,4.0,1.0,67.81,67.81,18.7,,,2.0,-3.8100000000000023,
E1ALL2JALC,4.0,,75.0,12.0,,,4,2.0,64.0,64.0,15.5,,,4.0,1.0,67.81,67.81,18.7,,,2.0,-3.8100000000000023,
E1ALL2JBLA,4.0,83.5,79.0,11.666666666666666,,,5,2.0,75.0,75.0,15.0,,,4.0,1.0,67.81,67.81,18.7,,,2.0,7.189999999999998,8.5
E1ALL2JBLB,4.0,,70.5,18.5,,,4,2.0,75.0,75.0,15.0,,,4.0,1.0,67.81,67.81,18.7,,,2.0,7.189999999999998,
E1ALL2JCLA,4.0,93.0,83.5,8.625,,,13,2.0,73.0,73.0,16.0,,,4.0,1.0,67.81,67.81,18.7,,,2.0,5.189999999999998,20.0
E1ALL2JCLB,4.0,88.0,87.5,8.375,,,13,2.0,73.0,73.0,16.0,,,4.0,1.0,67.81,67.81,18.7,,,2.0,5.189999999999998,15.0
E1ALL2JDLA,4.0,91.5,90.5,7.833333333333333,,,5,2.0,79.5,79.5,10.0,,,4.0,1.0,67.81,67.81,18.7,,,2.0,11.689999999999998,12.0
E1ALL2JDLC,4.0,93.5,87.0,7.25,,,10,2.0,79.5,79.5,10.0,,,4.0,1.0,67.81,67.81,18.7,,,2.0,11.689999999999998,14.0
E1ALL2JDLD,4.0,88.0,85.0,9.875,,,7,2.0,79.5,79.5,10.0,,,4.0,1.0,67.81,67.81,18.7,,,2.0,11.689999999999998,8.5
E1ALL2JELA,4.0,,81.5,10.0,,,2,2.0,80.5,80.5,8.0,,,4.0,1.0,67.81,67.81,18.7,,,2.0,12.689999999999998,
E1ALL2JELB,4.0,,70.5,11.5,,,2,2.0,80.5,80.5,8.0,,,4.0,1.0,67.81,67.81,18.7,,,2.0,12.689999999999998,
E1ALL2JFLA,4.0,,69.5,13.5,,,4,2.0,79.0,79.0,10.5,,,4.0,1.0,67.81,67.81,18.7,,,2.0,11.189999999999998,
E1ALL2JFLB,4.0,,83.0,7.0,,,4,2.0,79.0,79.0,10.5,,,4.0,1.0,67.81,67.81,18.7,,,2.0,11.189999999999998,
E1ALL2JFLC,4.0,,82.0,9.5,,,2,2.0,79.0,79.0,10.5,,,4.0,1.0,67.81,67.81,18.7,,,2.0,11.189999999999998,
E1ALL2JGLA,4.0,89.0,89.5,8.75,,,7,2.0,79.5,79.5,13.5,,,4.0,1.0,67.81,67.81,18.7,,,2.0,11.689999999999998,9.5
E1ALL2JGLB,4.0,87.0,84.5,11.125,,,7,2.0,79.5,79.5,13.5,,,4.0,1.0,67.81,67.81,18.7,,,2.0,11.689999999999998,7.5
E1ALL2JHLA,4.0,90.0,93.0,6.75,,,19,2.0,82.5,82.5,5.5,,,2.0,1.0,67.81,67.81,18.7,,,2.0,14.689999999999998,7.5
E1ALL2JHLB,4.0,91.5,95.5,6.833333333333333,,,10,2.0,82.5,82.5,5.5,,,2.0,1.0,67.81,67.81,18.7,,,2.0,14.689999999999998,9.0
E1ALL2JHLC,4.0,90.0,88.5,7.375,,,7,2.0,82.5,82.5,5.5,,,2.0,1.0,67.81,67.81,18.7,,,2.0,14.689999999999998,7.5
E1AML2NPLC,4.0,,65.0,19.5,,,8,2.0,32.5,17.0,14.75,,,6.0,1.0,53.0,53.0,24.2,,,2.0,-20.5,
E1AML2NPLD,4.0,61.0,53.0,15.727272727272727,,,14,2.0,32.5,17.0,14.75,,,6.0,1.0,53.0,53.0,24.2,,,2.0,-20.5,28.5
E1AML2NQLA,4.0,51.0,71.0,15.75,,,8,2.0,43.5,39.5,20.666666666666668,,,4.0,1.0,53.0,53.0,24.2,,,2.0,-9.5,7.5
E1AML2NQLB,4.0,48.5,61.0,20.5,,,10,2.0,43.5,39.5,20.666666666666668,,,4.0,1.0,53.0,53.0,24.2,,,2.0,-9.5,5.0
E1AML2NRLA,4.0,84.5,58.0,10.0,,,14,2.0,24.5,22.5,16.0,,,6.0,1.0,53.0,53.0,24.2,,,2.0,-28.5,60.0
E1ANL2GFLA,4.0,95.5,92.0,3.5714285714285716,,,11,2.0,90.5,90.5,5.0,,,4.0,1.0,88.0,88.0,7.7,,,2.0,2.5,5.0
E1ANL2GFLC,4.0,94.0,88.0,6.333333333333333,,,10,2.0,90.5,90.5,5.0,,,4.0,1.0,88.0,88.0,7.7,,,2.0,2.5,3.5
E1ANL2GGLA,4.0,,91.5,3.0,,,6,2.0,93.5,93.5,3.5,,,4.0,1.0,88.0,88.0,7.7,,,2.0,5.5,
E1APL2DMLA,4.0,,61.0,18.5,,,4,2.0,63.5,63.5,22.0,,,4.0,1.0,63.5,63.5,22.44,,,2.0,0.0,
E1APL2DMLB,4.0,,60.5,14.0,,,4,2.0,63.5,63.5,22.0,,,4.0,1.0,63.5,63.5,22.44,,,2.0,0.0,
E1APL2DMLC,4.0,,60.0,18.5,,,2,2.0,63.5,63.5,22.0,,,4.0,1.0,63.5,63.5,22.44,,,2.0,0.0,
E1APL2DNLA,4.0,,60.0,16.5,,,4,2.0,56.5,56.5,27.0,,,4.0,1.0,63.5,63.5,22.44,,,2.0,-7.0,
E1APL2DNLB,4.0,68.0,68.0,19.333333333333332,,,8,2.0,56.5,56.5,27.0,,,4.0,1.0,63.5,63.5,22.44,,,2.0,-7.0,11.5
E1APL2DNLC,4.0,,64.5,18.5,,,2,2.0,56.5,56.5,27.0,,,4.0,1.0,63.5,63.5,22.44,,,2.0,-7.0,
E1APL2DPEA,4.0,,68.5,18.0,,,2,2.0,53.5,53.5,27.0,,,2.0,1.0,63.5,63.5,22.44,,,2.0,-10.0,
E1APL2DPLA,4.0,49.0,61.0,26.25,,,10,2.0,53.5,53.5,27.0,,,2.0,1.0,63.5,63.5,22.44,,,2.0,-10.0,-4.5
E1APL2DPLB,4.0,54.0,67.0,20.0,,,10,2.0,53.5,53.5,27.0,,,2.0,1.0,63.5,63.5,22.44,,,2.0,-10.0,0.5
E1APL2DPLC,4.0,45.0,60.0,23.875,,,5,2.0,53.5,53.5,27.0,,,2.0,1.0,63.5,63.5,22.44,,,2.0,-10.0,-8.5
E1APL2DPLD,4.0,52.5,63.0,25.875,,,5,2.0,53.5,53.5,27.0,,,2.0,1.0,63.5,63.5,22.44,,,2.0,-10.0,-1.0
E1APL2DQLA,4.0,,68.5,20.25,,,3,2.0,63.5,63.5,14.0,,,4.0,1.0,63.5,63.5,22.44,,,2.0,0.0,
E1APL2DQLB,4.0,47.5,66.5,19.0,,,10,2.0,63.5,63.5,14.0,,,4.0,1.0,63.5,63.5,22.44,,,2.0,0.0,-16.0
E1APL2DRLA,4.0,,64.0,16.5,,,4,2.0,55.5,55.5,19.0,,,2.0,1.0,63.5,63.5,22.44,,,2.0,-8.0,
E1APL2DRLB,4.0,66.5,66.5,21.333333333333332,,,8,2.0,55.5,55.5,19.0,,,2.0,1.0,63.5,63.5,22.44,,,2.0,-8.0,11.0
E1APL2DRLC,4.0,,76.5,11.5,,,4,2.0,55.5,55.5,19.0,,,2.0,1.0,63.5,63.5,22.44,,,2.0,-8.0,
E1APL2DSLA,4.0,,70.0,17.5,,,4,2.0,62.5,62.5,21.5,,,2.0,1.0,63.5,63.5,22.44,,,2.0,-1.0,
E1APL2DSLB,4.0,,68.0,18.5,,,6,2.0,62.5,62.5,21.5,,,2.0,1.0,63.5,63.5,22.44,,,2.0,-1.0,
E1APL2DTLA,4.0,,65.0,21.5,,,4,2.0,58.0,58.0,22.0,,,2.0,1.0,63.5,63.5,22.44,,,2.0,-5.5,
E1APL2DTLB,4.0,,65.0,22.5,,,4,2.0,58.0,58.0,22.0,,,2.0,1.0,63.5,63.5,22.44,,,2.0,-5.5,
E1APL2DTLC,4.0,,67.5,23.0,,,2,2.0,58.0,58.0,22.0,,,2.0,1.0,63.5,63.5,22.44,,,2.0,-5.5,
E1APL2DULA,4.0,,66.5,16.5,,,4,2.0,56.0,56.0,25.5,,,4.0,1.0,63.5,63.5,22.44,,,2.0,-7.5,
E1APL2DULB,4.0,,71.5,13.5,,,4,2.0,56.0,56.0,25.5,,,4.0,1.0,63.5,63.5,22.44,,,2.0,-7.5,
E1DLB2MGEA,4.0,86.5,86.5,11.0,,,6,,,,,,,,1.0,84.75,84.75,9.5,,,2.0,,
E1DLB2MGEB,4.0,88.0,88.0,9.5,,,8,,,,,,,,1.0,84.75,84.75,9.5,,,2.0,,
E1DLB2MHEB,4.0,91.5,91.5,4.7,,,10,,,,,,,,1.0,84.75,84.75,9.5,,,2.0,,
E1EKL2GALA,4.0,,73.5,11.5,,,4,2.0,59.5,69.5,17.333333333333332,,,6.0,1.0,63.125,63.1,25.616666666666664,,,6.0,-3.625,
E1EKL2GALB,4.0,,71.5,15.5,,,4,2.0,59.5,69.5,17.333333333333332,,,6.0,1.0,63.125,63.1,25.616666666666664,,,6.0,-3.625,
E1EKL2GALC,4.0,,78.5,11.0,,,4,2.0,59.5,69.5,17.333333333333332,,,6.0,1.0,63.125,63.1,25.616666666666664,,,6.0,-3.625,
E1EKL2GALD,4.0,,75.0,13.5,,,2,2.0,59.5,69.5,17.333333333333332,,,6.0,1.0,63.125,63.1,25.616666666666664,,,6.0,-3.625,
E1EKL2GBLA,4.0,,82.5,10.5,,,4,2.0,77.5,77.5,11.0,,,2.0,1.0,63.125,63.1,25.616666666666664,,,6.0,14.375,
E1EKL2GBLB,4.0,,85.0,10.0,,,2,2.0,77.5,77.5,11.0,,,2.0,1.0,63.125,63.1,25.616666666666664,,,6.0,14.375,
E1EKL2GBLE,4.0,,76.0,15.0,,,4,2.0,77.5,77.5,11.0,,,2.0,1.0,63.125,63.1,25.616666666666664,,,6.0,14.375,
E1EKL2GBLF,4.0,,70.5,13.5,,,4,2.0,77.5,77.5,11.0,,,2.0,1.0,63.125,63.1,25.616666666666664,,,6.0,14.375,
E1EKL2GBLG,4.0,86.0,85.0,11.0,,,13,2.0,77.5,77.5,11.0,,,2.0,1.0,63.125,63.1,25.616666666666664,,,6.0,14.375,8.5
E1EKL2GBLH,4.0,82.0,88.5,12.071428571428571,,,11,2.0,77.5,77.5,11.0,,,2.0,1.0,63.125,63.1,25.616666666666664,,,6.0,14.375,4.5
E1EKL2GBLJ,4.0,,76.0,13.0,,,6,2.0,77.5,77.5,11.0,,,2.0,1.0,63.125,63.1,25.616666666666664,,,6.0,14.375,
E1EKL2GCLA,4.0,,79.5,10.5,,,10,2.0,72.5,72.5,13.0,,,4.0,1.0,63.125,63.1,25.616666666666664,,,6.0,9.375,
E1HBL3EJLA,4.0,,61.0,16.75,,,9,2.0,51.0,51.0,26.0,,,4.0,1.0,45.0,55.5,43.44733333333333,,,26.0,6.0,
E1HBL3EJLB,4.0,,56.0,19.75,,,3,2.0,51.0,51.0,26.0,,,4.0,1.0,45.0,55.5,43.44733333333333,,,26.0,6.0,
E1HBL3EKLA,4.0,,72.5,15.5,,,2,2.0,51.5,51.5,31.5,,,2.0,1.0,45.0,55.5,43.44733333333333,,,26.0,6.5,
E1HBL3EKLB,4.0,,72.5,15.0,,,2,2.0,51.5,51.5,31.5,,,2.0,1.0,45.0,55.5,43.44733333333333,,,26.0,6.5,
E1HBL3ELLA,4.0,,67.5,18.0,,,2,2.0,64.0,64.0,23.5,,,2.0,1.0,45.0,55.5,43.44733333333333,,,26.0,19.0,
E1HBL3ELLB,4.0,,61.5,18.5,,,2,2.0,64.0,64.0,23.5,,,2.0,1.0,45.0,55.5,43.44733333333333,,,26.0,19.0,
E1HBL3EMLA,4.0,71.5,77.0,16.28125,,,25,2.0,51.5,51.5,36.5,,,2.0,1.0,45.0,55.5,43.44733333333333,,,26.0,6.5,20.0
E1HBL3EMLB,4.0,,68.0,14.0,,,2,2.0,51.5,51.5,36.5,,,2.0,1.0,45.0,55.5,43.44733333333333,,,26.0,6.5,
E1HBL3ENLA,4.0,,80.0,12.0,,,4,2.0,55.0,55.0,32.0,,,2.0,1.0,45.0,55.5,43.44733333333333,,,26.0,10.0,
E1HBL3ENLB,4.0,,73.0,12.0,,,8,2.0,55.0,55.0,32.0,,,2.0,1.0,45.0,55.5,43.44733333333333,,,26.0,10.0,
E1HBL3ENLC,4.0,,66.0,11.0,,,2,2.0,55.0,55.0,32.0,,,2.0,1.0,45.0,55.5,43.44733333333333,,,26.0,10.0,
E1HBQ32SLA,4.0,47.5,47.5,19.166666666666668,,,4,2.0,64.5,64.5,19.5,,,2.0,1.0,45.0,55.5,43.44733333333333,,,26.0,19.5,-17.0
E1HBQ32TEA,4.0,,63.5,17.0,,,2,2.0,68.5,68.5,14.5,,,2.0,1.0,45.0,55.5,43.44733333333333,,,26.0,23.5,
E1HBQ32TEB,4.0,,63.5,17.0,,,4,2.0,68.5,68.5,14.5,,,2.0,1.0,45.0,55.5,43.44733333333333,,,26.0,23.5,
E1HBQ32TEC,4.0,,67.5,12.0,,,2,2.0,68.5,68.5,14.5,,,2.0,1.0,45.0,55.5,43.44733333333333,,,26.0,23.5,
E1HBQ32TLB,4.0,,58.0,18.5,,,8,2.0,68.5,68.5,14.5,,,2.0,1.0,45.0,55.5,43.44733333333333,,,26.0,23.5,
E1HBQ32TLC,4.0,,63.0,21.5,,,2,2.0,68.5,68.5,14.5,,,2.0,1.0,45.0,55.5,43.44733333333333,,,26.0,23.5,
E1HBQ32TLD,4.0,,61.5,23.0,,,2,2.0,68.5,68.5,14.5,,,2.0,1.0,45.0,55.5,43.44733333333333,,,26.0,23.5,
E1HDB2MVEA,4.0,,67.0,26.5,,,4,2.0,72.0,72.0,,,,4.0,1.0,54.625,54.63,44.5,,,2.0,17.375,
E1HDB2MVEB,4.0,,71.0,24.0,,,2,2.0,72.0,72.0,,,,4.0,1.0,54.625,54.63,44.5,,,2.0,17.375,
E1HDB2MWEA,4.0,,66.0,,,,4,2.0,72.0,72.0,,,,4.0,1.0,54.625,54.63,44.5,,,2.0,17.375,
E1HDB2MWEB,4.0,,69.0,,,,4,2.0,72.0,72.0,,,,4.0,1.0,54.625,54.63,44.5,,,2.0,17.375,
E1HDB2MXEA,4.0,,55.0,,,,2,2.0,55.0,55.0,,,,4.0,1.0,54.625,54.63,44.5,,,2.0,0.375,
E1HDB2MXEB,4.0,,54.0,,,,4,2.0,55.0,55.0,,,,4.0,1.0,54.625,54.63,44.5,,,2.0,0.375,
E1HDB2MXEC,4.0,,61.0,32.0,,,3,2.0,55.0,55.0,,,,4.0,1.0,54.625,54.63,44.5,,,2.0,0.375,
E1HDB2MXED,4.0,,61.0,32.0,,,6,2.0,55.0,55.0,,,,4.0,1.0,54.625,54.63,44.5,,,2.0,0.375,
E1HDB2MXEE,4.0,69.5,69.5,25.0,,,4,2.0,55.0,55.0,,,,4.0,1.0,54.625,54.63,44.5,,,2.0,0.375,14.5
E1HDB2MXEF,4.0,74.5,74.5,26.5,,,5,2.0,55.0,55.0,,,,4.0,1.0,54.625,54.63,44.5,,,2.0,0.375,19.5
E1HDB2MXEG,4.0,59.0,59.0,42.75,,,8,2.0,55.0,55.0,,,,4.0,1.0,54.625,54.63,44.5,,,2.0,0.375,4.0
E1HDB2MXEH,4.0,59.0,59.0,42.75,,,8,2.0,55.0,55.0,,,,4.0,1.0,54.625,54.63,44.5,,,2.0,0.375,4.0
E1HDB2MZLA,4.0,,61.5,25.5,,,2,2.0,56.5,69.0,30.428571428571427,,,11.0,1.0,54.625,54.63,44.5,,,2.0,1.875,
E1JAL2QPLA,4.0,74.5,60.5,19.0,,,9,2.0,57.5,57.5,21.0,,,4.0,1.0,62.625,62.63,23.25,,,2.0,-5.125,17.0
E1JAL2QPLH,4.0,,68.0,24.0,,,6,2.0,57.5,57.5,21.0,,,4.0,1.0,62.625,62.63,23.25,,,2.0,-5.125,
E1JAL2QQLG,4.0,,66.0,19.5,,,4,2.0,66.5,66.5,15.5,,,2.0,1.0,62.625,62.63,23.25,,,2.0,3.875,
E1JAL2QQLH,4.0,71.0,60.5,15.9,,,16,2.0,66.5,66.5,15.5,,,2.0,1.0,62.625,62.63,23.25,,,2.0,3.875,4.5
E1JAL2QQLJ,4.0,78.0,77.0,17.166666666666668,,,10,2.0,66.5,66.5,15.5,,,2.0,1.0,62.625,62.63,23.25,,,2.0,3.875,11.5
E1JAL2QQLK,4.0,69.5,73.5,16.857142857142858,,,11,2.0,66.5,66.5,15.5,,,2.0,1.0,62.625,62.63,23.25,,,2.0,3.875,3.0
E1JAL2QQLN,4.0,,59.5,18.0,,,2,2.0,66.5,66.5,15.5,,,2.0,1.0,62.625,62.63,23.25,,,2.0,3.875,
E1JAL2QRLA,4.0,,76.0,9.0,,,4,2.0,61.5,61.5,16.0,,,2.0,1.0,62.625,62.63,23.25,,,2.0,-1.125,
E1JAL2QSLA,4.0,82.5,76.5,11.785714285714286,,,11,2.0,66.0,66.0,12.5,,,4.0,1.0,62.625,62.63,23.25,,,2.0,3.375,16.5
E1JAL2QSLB,4.0,,74.0,10.5,,,4,2.0,66.0,66.0,12.5,,,4.0,1.0,62.625,62.63,23.25,,,2.0,3.375,
E1JJH2J1LA,4.0,,76.5,10.0,,,4,2.0,84.5,84.5,6.5,,,2.0,1.0,64.0,64.0,9.0,,,2.0,20.5,
E1JJH2J1LB,4.0,83.0,81.0,9.821428571428571,,,22,2.0,84.5,84.5,6.5,,,2.0,1.0,64.0,64.0,9.0,,,2.0,20.5,-1.5
E1JJH2J1LC,4.0,,82.5,7.0,,,2,2.0,84.5,84.5,6.5,,,2.0,1.0,64.0,64.0,9.0,,,2.0,20.5,
E1JJH2J1LD,4.0,85.0,64.5,9.875,,,7,2.0,84.5,84.5,6.5,,,2.0,1.0,64.0,64.0,9.0,,,2.0,20.5,0.5
E1JJH2J1LE,4.0,,77.0,10.0,,,4,2.0,84.5,84.5,6.5,,,2.0,1.0,64.0,64.0,9.0,,,2.0,20.5,
E1JJH2J2EA,4.0,,88.0,10.0,,,2,2.0,73.5,76.0,9.944444444444445,,,14.0,1.0,64.0,64.0,9.0,,,2.0,9.5,
E1JJH2J2EE,4.0,,80.5,9.0,,,4,2.0,73.5,76.0,9.944444444444445,,,14.0,1.0,64.0,64.0,9.0,,,2.0,9.5,
E1JJH2J2EG,4.0,,70.5,15.5,,,4,2.0,73.5,76.0,9.944444444444445,,,14.0,1.0,64.0,64.0,9.0,,,2.0,9.5,
E1JJH2J2EH,4.0,,70.5,15.5,,,2,2.0,73.5,76.0,9.944444444444445,,,14.0,1.0,64.0,64.0,9.0,,,2.0,9.5,
E1JJH2J2LA,4.0,,88.5,4.0,,,4,2.0,73.5,76.0,9.944444444444445,,,14.0,1.0,64.0,64.0,9.0,,,2.0,9.5,
E1JJH2J2LB,4.0,,85.5,9.0,,,2,2.0,73.5,76.0,9.944444444444445,,,14.0,1.0,64.0,64.0,9.0,,,2.0,9.5,
E1JKB2MSEA,4.0,,63.5,29.5,,,4,2.0,56.0,56.0,37.0,,,6.0,1.0,54.375,54.38,28.0,,,4.0,1.625,
E1JKB2MSEB,4.0,,63.5,29.5,,,2,2.0,56.0,56.0,37.0,,,6.0,1.0,54.375,54.38,28.0,,,4.0,1.625,
E1JKB2MSEC,4.0,,63.5,29.5,,,4,2.0,56.0,56.0,37.0,,,6.0,1.0,54.375,54.38,28.0,,,4.0,1.625,
E1JKB2MSED,4.0,61.0,9.5,16.59090909090909,,,18,2.0,56.0,56.0,37.0,,,6.0,1.0,54.375,54.38,28.0,,,4.0,1.625,5.0
E1JKB2MTEC,4.0,51.0,64.5,42.57692307692308,,,18,2.0,59.0,59.0,32.0,,,4.0,1.0,54.375,54.38,28.0,,,4.0,4.625,-8.0
E1JKB2MTED,4.0,31.0,69.5,38.05555555555556,,,12,2.0,59.0,59.0,32.0,,,4.0,1.0,54.375,54.38,28.0,,,4.0,4.625,-28.0
E1JKB2MUEA,4.0,36.5,75.0,36.72222222222222,,,12,2.0,44.0,44.0,46.0,,,6.0,1.0,54.375,54.38,28.0,,,4.0,-10.375,-7.5
E1JKB2MUEB,4.0,41.5,62.0,36.6,,,7,2.0,44.0,44.0,46.0,,,6.0,1.0,54.375,54.38,28.0,,,4.0,-10.375,-2.5
E1JKB2MUEC,4.0,41.5,41.5,55.0,,,8,2.0,44.0,44.0,46.0,,,6.0,1.0,54.375,54.38,28.0,,,4.0,-10.375,-2.5
E1LCL2EJLA,4.0,84.5,80.5,11.1,,,8,2.0,78.5,78.5,11.5,,,4.0,1.0,80.75,80.75,12.375,,,2.0,-2.25,6.0
E1LCL2EJLB,4.0,88.5,82.0,10.0,,,7,2.0,78.5,78.5,11.5,,,4.0,1.0,80.75,80.75,12.375,,,2.0,-2.25,10.0
E1LCL2EKLA,4.0,85.5,89.5,7.5,,,7,2.0,53.5,76.5,7.25,,,3.0,1.0,80.75,80.75,12.375,,,2.0,-27.25,32.0
E1LCL2EKLB,4.0,85.0,87.5,9.333333333333334,,,5,2.0,53.5,76.5,7.25,,,3.0,1.0,80.75,80.75,12.375,,,2.0,-27.25,31.5
E1LCL2ELLA,4.0,78.5,88.0,10.125,,,7,2.0,67.5,67.5,16.5,,,4.0,1.0,80.75,80.75,12.375,,,2.0,-13.25,11.0
E1LCL2ELLB,4.0,,75.5,11.0,,,4,2.0,67.5,67.5,16.5,,,4.0,1.0,80.75,80.75,12.375,,,2.0,-13.25,
E1MQB4AULA,4.0,91.5,86.5,7.666666666666667,,,10,2.0,88.5,88.5,6.0,,,2.0,1.0,69.3,74.83,13.09,,,17.0,19.200000000000003,3.0
E1MQB4AULB,4.0,,92.5,3.0,,,4,2.0,88.5,88.5,6.0,,,2.0,1.0,69.3,74.83,13.09,,,17.0,19.200000000000003,
E1MQB4AWLA,4.0,91.0,88.5,6.125,,,7,2.0,83.5,83.5,7.0,,,4.0,1.0,69.3,74.83,13.09,,,17.0,14.200000000000003,7.5
E1MQB4AWLB,4.0,,88.5,9.0,,,2,2.0,83.5,83.5,7.0,,,4.0,1.0,69.3,74.83,13.09,,,17.0,14.200000000000003,
E1MQB4AXLA,4.0,90.5,93.0,8.25,,,7,2.0,84.0,72.0,9.5,,,8.0,1.0,69.3,74.83,13.09,,,17.0,14.700000000000003,6.5
E1MQB4AXLB,4.0,,84.5,8.0,,,4,2.0,84.0,72.0,9.5,,,8.0,1.0,69.3,74.83,13.09,,,17.0,14.700000000000003,
E1NGQ23BEA,4.0,,37.5,38.0,,,10,2.0,43.0,40.0,28.692307692307693,,,18.0,1.0,33.5,33.5,47.25,,,2.0,9.5,
E1NGQ23BEB,4.0,,44.0,36.0,,,4,2.0,43.0,40.0,28.692307692307693,,,18.0,1.0,33.5,33.5,47.25,,,2.0,9.5,
E1NGQ23BEC,4.0,,36.5,38.166666666666664,,,10,2.0,43.0,40.0,28.692307692307693,,,18.0,1.0,33.5,33.5,47.25,,,2.0,9.5,
E1NGQ23BED,4.0,,51.0,31.5,,,2,2.0,43.0,40.0,28.692307692307693,,,18.0,1.0,33.5,33.5,47.25,,,2.0,9.5,
E1NGQ23BEE,4.0,,51.0,31.5,,,2,2.0,43.0,40.0,28.692307692307693,,,18.0,1.0,33.5,33.5,47.25,,,2.0,9.5,
E1NGQ23CEA,4.0,,54.5,29.0,,,12,2.0,57.0,57.0,29.5,,,2.0,1.0,33.5,33.5,47.25,,,2.0,23.5,
E1NGQ23CEB,4.0,,54.5,29.0,,,6,2.0,57.0,57.0,29.5,,,2.0,1.0,33.5,33.5,47.25,,,2.0,23.5,
E1NGQ23CEC,4.0,,54.5,29.0,,,3,2.0,57.0,57.0,29.5,,,2.0,1.0,33.5,33.5,47.25,,,2.0,23.5,
E1NGQ23CED,4.0,,54.5,29.0,,,6,2.0,57.0,57.0,29.5,,,2.0,1.0,33.5,33.5,47.25,,,2.0,23.5,
E1NGQ23CEE,4.0,52.5,26.5,21.375,,,19,2.0,57.0,57.0,29.5,,,2.0,1.0,33.5,33.5,47.25,,,2.0,23.5,-4.5
E1NGQ23CEF,4.0,39.0,43.0,29.75,,,15,2.0,57.0,57.0,29.5,,,2.0,1.0,33.5,33.5,47.25,,,2.0,23.5,-18.0
E1NGQ23EEA,4.0,,49.5,26.5,,,2,2.0,46.0,39.0,19.533333333333335,,,20.0,1.0,33.5,33.5,47.25,,,2.0,12.5,
E1NGQ23EEB,4.0,,41.0,32.5,,,2,2.0,46.0,39.0,19.533333333333335,,,20.0,1.0,33.5,33.5,47.25,,,2.0,12.5,
E1NHQ25CEA,4.0,34.0,31.0,29.7,,,13,2.0,23.0,23.0,45.0,,,4.0,1.0,43.5,43.5,44.0,,,2.0,-20.5,11.0
E1NWL2PELA,4.0,,80.5,12.0,,,2,2.0,74.0,74.0,14.0,,,2.0,1.0,39.04736842105264,64.10000000000001,23.200000000000003,,,19.0,34.95263157894736,
E1NWL2PELB,4.0,,65.0,17.0,,,4,2.0,74.0,74.0,14.0,,,2.0,1.0,39.04736842105264,64.10000000000001,23.200000000000003,,,19.0,34.95263157894736,
E1NWL2PELC,4.0,,75.0,14.0,,,2,2.0,74.0,74.0,14.0,,,2.0,1.0,39.04736842105264,64.10000000000001,23.200000000000003,,,19.0,34.95263157894736,
E1NWL2PFLA,4.0,,67.0,18.5,,,4,2.0,75.5,75.5,12.5,,,4.0,1.0,39.04736842105264,64.10000000000001,23.200000000000003,,,19.0,36.45263157894736,
E1NWL2PFLB,4.0,,75.0,12.5,,,4,2.0,75.5,75.5,12.5,,,4.0,1.0,39.04736842105264,64.10000000000001,23.200000000000003,,,19.0,36.45263157894736,
E1NWL2PGLB,4.0,,74.5,13.5,,,4,2.0,76.5,76.5,13.5,,,2.0,1.0,39.04736842105264,64.10000000000001,23.200000000000003,,,19.0,37.45263157894736,
E1NWL2PGLD,4.0,,84.5,9.5,,,4,2.0,76.5,76.5,13.5,,,2.0,1.0,39.04736842105264,64.10000000000001,23.200000000000003,,,19.0,37.45263157894736,
E1NWL2PGLE,4.0,82.5,87.0,11.571428571428571,,,11,2.0,76.5,76.5,13.5,,,2.0,1.0,39.04736842105264,64.10000000000001,23.200000000000003,,,19.0,37.45263157894736,6.0
E1NWL2PGLF,4.0,,76.5,14.0,,,4,2.0,76.5,76.5,13.5,,,2.0,1.0,39.04736842105264,64.10000000000001,23.200000000000003,,,19.0,37.45263157894736,
E1NWL2PGLG,4.0,84.0,83.5,11.3,,,16,2.0,76.5,76.5,13.5,,,2.0,1.0,39.04736842105264,64.10000000000001,23.200000000000003,,,19.0,37.45263157894736,7.5
E1NWL2PHLA,4.0,,63.0,20.0,,,8,2.0,71.5,71.5,21.0,,,4.0,1.0,39.04736842105264,64.10000000000001,23.200000000000003,,,19.0,32.45263157894736,
E1NWL2PHLB,4.0,,71.5,14.0,,,4,2.0,71.5,71.5,21.0,,,4.0,1.0,39.04736842105264,64.10000000000001,23.200000000000003,,,19.0,32.45263157894736,
E1NWL2PHLC,4.0,,65.5,18.5,,,2,2.0,71.5,71.5,21.0,,,4.0,1.0,39.04736842105264,64.10000000000001,23.200000000000003,,,19.0,32.45263157894736,
E1NWL2PJLA,4.0,,65.5,23.0,,,2,2.0,75.5,75.5,18.0,,,4.0,1.0,39.04736842105264,64.10000000000001,23.200000000000003,,,19.0,36.45263157894736,
E1NWL2PJLB,4.0,,64.5,23.0,,,4,2.0,75.5,75.5,18.0,,,4.0,1.0,39.04736842105264,64.10000000000001,23.200000000000003,,,19.0,36.45263157894736,
E1NZL3KELA,4.0,,80.0,15.0,,,4,2.0,66.5,66.5,25.0,,,4.0,1.0,53.8,67.83,28.941304347826087,,,35.0,12.700000000000003,
E1NZL3KELB,4.0,,80.5,13.0,,,2,2.0,66.5,66.5,25.0,,,4.0,1.0,53.8,67.83,28.941304347826087,,,35.0,12.700000000000003,
E1NZL3KELC,4.0,,70.5,19.0,,,4,2.0,66.5,66.5,25.0,,,4.0,1.0,53.8,67.83,28.941304347826087,,,35.0,12.700000000000003,
E1NZL3KFLA,4.0,76.0,81.5,13.75,,,7,2.0,79.0,79.0,14.0,,,2.0,1.0,53.8,67.83,28.941304347826087,,,35.0,25.200000000000003,-3.0
E1NZL3KFLB,4.0,,75.5,14.0,,,2,2.0,79.0,79.0,14.0,,,2.0,1.0,53.8,67.83,28.941304347826087,,,35.0,25.200000000000003,
E1NZL3KGLA,4.0,63.0,63.0,22.666666666666668,,,10,2.0,69.5,69.5,19.0,,,4.0,1.0,53.8,67.83,28.941304347826087,,,35.0,15.700000000000003,-6.5
E1NZL3KGLB,4.0,71.0,73.5,17.666666666666668,,,5,2.0,69.5,69.5,19.0,,,4.0,1.0,53.8,67.83,28.941304347826087,,,35.0,15.700000000000003,1.5
E1NZL3KGLC,4.0,,74.5,11.0,,,4,2.0,69.5,69.5,19.0,,,4.0,1.0,53.8,67.83,28.941304347826087,,,35.0,15.700000000000003,
E1NZL3KHEE,4.0,,60.5,20.5,,,2,2.0,60.0,72.0,13.25,,,6.0,1.0,53.8,67.83,28.941304347826087,,,35.0,6.200000000000003,
E1NZL3KHEF,4.0,,61.5,15.0,,,2,2.0,60.0,72.0,13.25,,,6.0,1.0,53.8,67.83,28.941304347826087,,,35.0,6.200000000000003,
E1NZL3KHEG,4.0,,60.0,19.0,,,2,2.0,60.0,72.0,13.25,,,6.0,1.0,53.8,67.83,28.941304347826087,,,35.0,6.200000000000003,
E1NZL3KHEH,4.0,,60.0,19.0,,,2,2.0,60.0,72.0,13.25,,,6.0,1.0,53.8,67.83,28.941304347826087,,,35.0,6.200000000000003,
E1NZL3KHEJ,4.0,,66.5,19.5,,,6,2.0,60.0,72.0,13.25,,,6.0,1.0,53.8,67.83,28.941304347826087,,,35.0,6.200000000000003,
E1NZL3KHEK,4.0,,66.5,19.5,,,4,2.0,60.0,72.0,13.25,,,6.0,1.0,53.8,67.83,28.941304347826087,,,35.0,6.200000000000003,
E1NZL3KHLC,4.0,50.0,51.0,20.0,,,8,2.0,60.0,72.0,13.25,,,6.0,1.0,53.8,67.83,28.941304347826087,,,35.0,6.200000000000003,-10.0
E1NZL3KHLD,4.0,,59.5,20.0,,,4,2.0,60.0,72.0,13.25,,,6.0,1.0,53.8,67.83,28.941304347826087,,,35.0,6.200000000000003,
E1NZQ32ULA,4.0,,64.5,22.5,,,2,2.0,60.0,60.0,23.0,,,4.0,1.0,62.79999999999999,63.25,31.0525,,,9.0,-2.79999999999999,
E1NZQ32ULB,4.0,,65.5,21.0,,,4,2.0,62.5,62.5,23.5,,,2.0,1.0,53.8,67.83,28.941304347826087,,,35.0,8.700000000000003,
E1QCL2MHLA,4.0,47.0,61.5,14.0,,,5,2.0,24.5,39.0,24.75,,,6.0,1.0,43.9,43.9,34.2,,,2.0,-19.4,22.5
E1QCL2MHLB,4.0,47.5,40.5,17.875,,,10,2.0,24.5,39.0,24.75,,,6.0,1.0,43.9,43.9,34.2,,,2.0,-19.4,23.0
E1QCL2MJLA,4.0,,65.5,25.0,,,6,2.0,38.0,26.5,15.25,,,6.0,1.0,43.9,43.9,34.2,,,2.0,-5.899999999999999,
E1QCL2MJLB,4.0,51.5,25.0,19.0,,,9,2.0,38.0,26.5,15.25,,,6.0,1.0,43.9,43.9,34.2,,,2.0,-5.899999999999999,13.5
E1QCL2MKLA,4.0,,64.0,20.5,,,4,2.0,28.0,46.5,22.0,,,6.0,1.0,43.9,43.9,34.2,,,2.0,-15.899999999999999,
E1QCL2MKLB,4.0,48.0,70.5,18.178571428571427,,,19,2.0,28.0,46.5,22.0,,,6.0,1.0,43.9,43.9,34.2,,,2.0,-15.899999999999999,20.0
E1QCL2MLLA,4.0,46.5,59.0,19.75,,,10,2.0,36.5,52.5,15.75,,,6.0,1.0,43.9,43.9,34.2,,,2.0,-7.399999999999999,10.0
E1QCL2MLLB,4.0,54.5,77.0,13.333333333333334,,,8,2.0,36.5,52.5,15.75,,,6.0,1.0,43.9,43.9,34.2,,,2.0,-7.399999999999999,18.0
E1QCL2MLLC,4.0,70.5,62.5,14.2,,,15,2.0,36.5,52.5,15.75,,,6.0,1.0,43.9,43.9,34.2,,,2.0,-7.399999999999999,34.0
E1QCL2MLLD,4.0,55.5,55.5,20.125,,,10,2.0,36.5,52.5,15.75,,,6.0,1.0,43.9,43.9,34.2,,,2.0,-7.399999999999999,19.0
E1QCL2MLLE,4.0,50.5,65.5,20.375,,,10,2.0,36.5,52.5,15.75,,,6.0,1.0,43.9,43.9,34.2,,,2.0,-7.399999999999999,14.0
E1QCL2MMLA,4.0,58.0,57.5,14.75,,,10,2.0,40.5,27.5,17.0,,,4.0,1.0,43.9,43.9,34.2,,,2.0,-3.3999999999999986,17.5
E1QCL2MMLB,4.0,46.0,29.0,19.59090909090909,,,14,2.0,40.5,27.5,17.0,,,4.0,1.0,43.9,43.9,34.2,,,2.0,-3.3999999999999986,5.5
E1QGL2QHLC,4.0,77.0,66.0,16.333333333333332,,,10,2.0,63.5,63.5,14.0,,,2.0,1.0,42.875,42.88,31.5,,,2.0,20.625,13.5
E1QGL2QHLD,4.0,68.0,65.0,13.5,,,10,2.0,63.5,63.5,14.0,,,2.0,1.0,42.875,42.88,31.5,,,2.0,20.625,4.5
E1QGL2QJLA,4.0,74.5,53.0,12.357142857142858,,,10,2.0,67.5,67.5,12.0,,,4.0,1.0,42.875,42.88,31.5,,,2.0,24.625,7.0
E1QGL2QJLB,4.0,68.5,61.0,16.4,,,16,2.0,67.5,67.5,12.0,,,4.0,1.0,42.875,42.88,31.5,,,2.0,24.625,1.0
E1QGL2QKLA,4.0,,75.0,15.0,,,2,2.0,73.0,73.0,7.5,,,4.0,1.0,42.875,42.88,31.5,,,2.0,30.125,
E1QGL2QKLB,4.0,,68.0,14.5,,,4,2.0,73.0,73.0,7.5,,,4.0,1.0,42.875,42.88,31.5,,,2.0,30.125,
E1QGL2QKLC,4.0,79.0,76.0,12.833333333333334,,,10,2.0,73.0,73.0,7.5,,,4.0,1.0,42.875,42.88,31.5,,,2.0,30.125,6.0
E1QGL2QLLA,4.0,,77.0,16.0,,,2,2.0,60.0,60.0,17.0,,,2.0,1.0,42.875,42.88,31.5,,,2.0,17.125,
E1QJQ22VED,4.0,90.0,84.5,4.5,,,7,2.0,89.5,89.5,7.0,,,6.0,1.0,84.5,84.5,11.0,,,2.0,5.0,0.5
E1QJQ22VEE,4.0,,94.5,3.5,,,4,2.0,89.5,89.5,7.0,,,6.0,1.0,84.5,84.5,11.0,,,2.0,5.0,
E1QJQ22VEF,4.0,,89.5,6.5,,,4,2.0,89.5,89.5,7.0,,,6.0,1.0,84.5,84.5,11.0,,,2.0,5.0,
E1SBL2PLLA,4.0,,65.0,23.0,,,2,2.0,61.0,61.0,20.0,,,4.0,1.0,39.04736842105264,64.10000000000001,23.200000000000003,,,19.0,21.95263157894736,
E1SBL2PLLB,4.0,,62.0,21.0,,,2,2.0,61.0,61.0,20.0,,,4.0,1.0,39.04736842105264,64.10000000000001,23.200000000000003,,,19.0,21.95263157894736,
E1SQL2ZALA,4.0,,60.0,23.0,,,2,2.0,43.0,47.5,23.5,,,8.0,1.0,43.7,43.7,36.2,,,4.0,-0.7000000000000028,
E1SQL2ZALB,4.0,76.0,54.5,21.9,,,14,2.0,43.0,47.5,23.5,,,8.0,1.0,43.7,43.7,36.2,,,4.0,-0.7000000000000028,33.0
E1SQL2ZBLA,4.0,56.5,56.5,18.5,,,10,2.0,34.5,15.0,21.5,,,6.0,1.0,43.7,43.7,36.2,,,4.0,-9.200000000000003,22.0
E1SQL2ZBLB,4.0,63.5,63.5,19.375,,,10,2.0,34.5,15.0,21.5,,,6.0,1.0,43.7,43.7,36.2,,,4.0,-9.200000000000003,29.0
E1SQL2ZCLA,4.0,35.0,40.5,24.875,,,10,2.0,42.5,31.0,19.25,,,6.0,1.0,43.7,43.7,36.2,,,4.0,-1.2000000000000028,-7.5
E1SXQ22XEA,4.0,82.5,82.5,9.2,,,10,2.0,91.5,91.5,4.0,,,4.0,1.0,84.0,84.0,11.0,,,4.0,7.5,-9.0
E1SXQ22XEB,4.0,90.5,90.5,4.142857142857143,,,12,2.0,91.5,91.5,4.0,,,4.0,1.0,84.0,84.0,11.0,,,4.0,7.5,-1.0
E1SXQ22XEC,4.0,,80.0,10.5,,,4,2.0,91.5,91.5,4.0,,,4.0,1.0,84.0,84.0,11.0,,,4.0,7.5,
E1SXQ22XEE,4.0,86.0,89.5,7.375,,,14,2.0,91.5,91.5,4.0,,,4.0,1.0,84.0,84.0,11.0,,,4.0,7.5,-5.5
E1TPL2TDLA,4.0,,74.0,12.5,,,2,2.0,77.0,64.0,10.666666666666666,,,9.0,1.0,66.32,76.2,15.154,,,16.0,10.680000000000007,
E1TPL2TDLB,4.0,82.0,65.5,11.333333333333334,,,5,2.0,77.0,64.0,10.666666666666666,,,9.0,1.0,66.32,76.2,15.154,,,16.0,10.680000000000007,5.0
E1TPL2TELA,4.0,65.5,64.0,13.166666666666666,,,5,2.0,78.0,63.5,10.083333333333334,,,9.0,1.0,66.32,76.2,15.154,,,16.0,11.680000000000007,-12.5
E1TPL2TELB,4.0,,75.5,10.5,,,2,2.0,78.0,63.5,10.083333333333334,,,9.0,1.0,66.32,76.2,15.154,,,16.0,11.680000000000007,
E1TPL2TELC,4.0,,80.5,9.5,,,4,2.0,78.0,63.5,10.083333333333334,,,9.0,1.0,66.32,76.2,15.154,,,16.0,11.680000000000007,
E1TPL2TFLA,4.0,,78.0,8.5,,,4,2.0,76.0,76.0,9.5,,,4.0,1.0,66.32,76.2,15.154,,,16.0,9.680000000000007,
E1TPL2TFLB,4.0,,68.5,14.5,,,4,2.0,76.0,76.0,9.5,,,4.0,1.0,66.32,76.2,15.154,,,16.0,9.680000000000007,
E1TPL2TGLA,4.0,69.5,67.0,16.0,,,10,2.0,81.0,82.0,10.833333333333334,,,6.0,1.0,66.32,76.2,15.154,,,16.0,14.680000000000007,-11.5
E1TPL2TGLB,4.0,74.5,74.5,11.666666666666666,,,10,2.0,81.0,82.0,10.833333333333334,,,6.0,1.0,66.32,76.2,15.154,,,16.0,14.680000000000007,-6.5
E1TPL2THLA,4.0,81.0,80.0,8.9375,,,13,2.0,74.5,84.0,9.666666666666666,,,6.0,1.0,66.32,76.2,15.154,,,16.0,8.180000000000007,6.5
E1TPL2THLB,4.0,79.0,80.0,9.8,,,16,2.0,74.5,84.0,9.666666666666666,,,6.0,1.0,66.32,76.2,15.154,,,16.0,8.180000000000007,4.5
E1TPL2TJLA,4.0,,72.5,11.5,,,4,2.0,72.0,72.0,13.0,,,4.0,1.0,66.32,76.2,15.154,,,16.0,5.680000000000007,
E1TPL2TKLA,4.0,80.0,81.5,11.0,,,7,2.0,77.0,80.0,10.5,,,4.0,1.0,66.32,76.2,15.154,,,16.0,10.680000000000007,3.0
E1TPL2TKLB,4.0,69.5,69.5,15.333333333333334,,,10,2.0,77.0,80.0,10.5,,,4.0,1.0,66.32,76.2,15.154,,,16.0,10.680000000000007,-7.5
E1TPL2TKLC,4.0,77.5,65.0,11.4,,,8,2.0,77.0,80.0,10.5,,,4.0,1.0,66.32,76.2,15.154,,,16.0,10.680000000000007,0.5
E1TPL3BRLA,4.0,89.5,85.5,9.285714285714286,,,11,2.0,86.0,86.0,10.5,,,4.0,1.0,66.32,76.2,15.154,,,16.0,19.680000000000007,3.5
E1TPL3BRLB,4.0,76.5,77.0,11.7,,,8,2.0,86.0,86.0,10.5,,,4.0,1.0,66.32,76.2,15.154,,,16.0,19.680000000000007,-9.5
E1TPL3BRLC,4.0,,86.5,10.0,,,2,2.0,86.0,86.0,10.5,,,4.0,1.0,66.32,76.2,15.154,,,16.0,19.680000000000007,
E1TPL3BSLA,4.0,,73.0,13.5,,,4,2.0,82.0,82.0,14.5,,,2.0,1.0,66.32,76.2,15.154,,,16.0,15.680000000000007,
E1TTB2NGLA,4.0,,61.5,20.0,,,4,2.0,63.0,63.0,15.5,,,4.0,1.0,28.5,28.5,21.0,,,2.0,34.5,
E1TTB2NGLB,4.0,,76.5,16.5,,,6,2.0,63.0,63.0,15.5,,,4.0,1.0,28.5,28.5,21.0,,,2.0,34.5,
E1UJL3ECLA,4.0,,65.5,24.0,,,4,2.0,74.0,74.0,21.5,,,4.0,1.0,62.79999999999999,63.25,31.0525,,,9.0,11.20000000000001,
E1UJL3ECLB,4.0,69.5,77.0,21.125,,,7,2.0,74.0,74.0,21.5,,,4.0,1.0,62.79999999999999,63.25,31.0525,,,9.0,11.20000000000001,-4.5
E1UJL3EDLC,4.0,77.5,77.5,16.5,,,12,2.0,61.0,61.0,20.0,,,4.0,1.0,62.79999999999999,63.25,31.0525,,,9.0,-1.79999999999999,16.5
E1UJL3EDLD,4.0,78.5,73.5,17.6,,,8,2.0,61.0,61.0,20.0,,,4.0,1.0,62.79999999999999,63.25,31.0525,,,9.0,-1.79999999999999,17.5
E1UJL3EDLE,4.0,,70.0,19.0,,,2,2.0,61.0,61.0,20.0,,,4.0,1.0,62.79999999999999,63.25,31.0525,,,9.0,-1.79999999999999,
E1UJL3EFLA,4.0,,83.5,12.0,,,2,2.0,67.0,67.0,18.5,,,2.0,1.0,62.79999999999999,63.25,31.0525,,,9.0,4.20000000000001,
E1UJL3EGLA,4.0,,60.5,20.5,,,4,2.0,58.5,61.0,14.333333333333334,,,8.0,1.0,62.79999999999999,63.25,31.0525,,,9.0,-4.29999999999999,
E1UZL3DBLF,4.0,84.5,77.0,10.166666666666666,,,5,2.0,75.0,75.0,12.0,,,2.0,1.0,42.0,73.75,20.5875,,,10.0,33.0,9.5
E1UZL3DBLH,4.0,,77.5,12.0,,,2,2.0,75.0,75.0,12.0,,,2.0,1.0,42.0,73.75,20.5875,,,10.0,33.0,
E1VBL3AALC,4.0,,83.5,6.0,,,2,2.0,83.5,83.5,10.0,,,2.0,1.0,50.7,68.5,28.5,,,5.0,32.8,
E1VBL3AALD,4.0,,84.0,12.0,,,4,2.0,83.5,83.5,10.0,,,2.0,1.0,50.7,68.5,28.5,,,5.0,32.8,
E1VBL3AALE,4.0,,89.0,9.5,,,4,2.0,83.5,83.5,10.0,,,2.0,1.0,50.7,68.5,28.5,,,5.0,32.8,
E1VBL3ABED,4.0,,66.5,23.5,,,2,2.0,82.5,77.5,7.857142857142857,,,10.0,1.0,50.7,68.5,28.5,,,5.0,31.799999999999997,
E1VBL3ABEH,4.0,,74.5,12.0,,,4,2.0,82.5,77.5,7.857142857142857,,,10.0,1.0,50.7,68.5,28.5,,,5.0,31.799999999999997,
E1VBL3ABEJ,4.0,,74.5,12.0,,,2,2.0,82.5,77.5,7.857142857142857,,,10.0,1.0,50.7,68.5,28.5,,,5.0,31.799999999999997,
E1VBL3ABLA,4.0,76.0,86.5,11.0,,,16,2.0,82.5,77.5,7.857142857142857,,,10.0,1.0,50.7,68.5,28.5,,,5.0,31.799999999999997,-6.5
E1VBL3ABLF,4.0,,86.0,9.0,,,2,2.0,82.5,77.5,7.857142857142857,,,10.0,1.0,50.7,68.5,28.5,,,5.0,31.799999999999997,
E1VBL3ABLG,4.0,,81.0,9.5,,,4,2.0,82.5,77.5,7.857142857142857,,,10.0,1.0,50.7,68.5,28.5,,,5.0,31.799999999999997,
E1VBL3ABLH,4.0,,81.0,10.5,,,4,2.0,82.5,77.5,7.857142857142857,,,10.0,1.0,50.7,68.5,28.5,,,5.0,31.799999999999997,
E1VBL3ACLA,4.0,75.0,71.0,11.375,,,7,2.0,85.0,85.0,10.0,,,4.0,1.0,50.7,68.5,28.5,,,5.0,34.3,-10.0
E1VBL3ACLB,4.0,,74.0,15.5,,,2,2.0,85.0,85.0,10.0,,,4.0,1.0,50.7,68.5,28.5,,,5.0,34.3,
E1VBL3ADLA,4.0,74.5,74.0,10.125,,,7,2.0,82.0,82.0,9.0,,,4.0,1.0,50.7,68.5,28.5,,,5.0,31.299999999999997,-7.5
E1VBL3ADLB,4.0,,80.0,11.0,,,2,2.0,82.0,82.0,9.0,,,4.0,1.0,50.7,68.5,28.5,,,5.0,31.299999999999997,
E1WWQ22SEA,4.0,88.5,82.0,8.857142857142858,,,22,2.0,88.5,78.5,6.875,,,12.0,1.0,87.5,87.5,8.0,,,2.0,1.0,0.0
E1WWQ22SEB,4.0,88.0,81.0,8.972222222222221,,,28,2.0,88.5,78.5,6.875,,,12.0,1.0,87.5,87.5,8.0,,,2.0,1.0,-0.5
E1WWQ22SEC,4.0,,82.5,11.0,,,2,2.0,85.5,77.25,7.03125,,,24.0,1.0,87.5,87.5,8.0,,,2.0,-2.0,
E1WWQ22SED,4.0,,82.5,11.0,,,2,2.0,85.5,77.25,7.03125,,,24.0,1.0,87.5,87.5,8.0,,,2.0,-2.0,
E1WZL2HALA,4.0,,73.0,15.5,,,4,2.0,65.5,65.5,18.0,,,4.0,1.0,52.875,52.88,31.0,,,2.0,12.625,
E1WZL2HALB,4.0,,72.5,15.5,,,4,2.0,65.5,65.5,18.0,,,4.0,1.0,52.875,52.88,31.0,,,2.0,12.625,
E1WZL2HALC,4.0,,77.0,12.5,,,4,2.0,65.5,65.5,18.0,,,4.0,1.0,52.875,52.88,31.0,,,2.0,12.625,
E1WZL2HALG,4.0,,79.0,10.5,,,4,2.0,65.5,65.5,18.0,,,4.0,1.0,52.875,52.88,31.0,,,2.0,12.625,
E1WZL2HBLA,4.0,,77.0,14.0,,,4,2.0,65.5,65.5,21.5,,,4.0,1.0,52.875,52.88,31.0,,,2.0,12.625,
E1WZL2HBLB,4.0,,78.5,13.0,,,4,2.0,65.5,65.5,21.5,,,4.0,1.0,52.875,52.88,31.0,,,2.0,12.625,
E1WZL2HBLC,4.0,,70.0,17.0,,,4,2.0,65.5,65.5,21.5,,,4.0,1.0,52.875,52.88,31.0,,,2.0,12.625,
E1WZL2HCLA,4.0,,67.0,17.5,,,4,2.0,67.0,67.0,13.0,,,2.0,1.0,52.875,52.88,31.0,,,2.0,14.125,
E1WZL2HCLB,4.0,,69.0,17.0,,,2,2.0,67.0,67.0,13.0,,,2.0,1.0,52.875,52.88,31.0,,,2.0,14.125,
E1WZL2HCLC,4.0,,76.5,15.5,,,2,2.0,67.0,67.0,13.0,,,2.0,1.0,52.875,52.88,31.0,,,2.0,14.125,
E1XSL3CYLB,4.0,67.5,50.0,12.428571428571429,,,18,2.0,73.0,73.0,9.5,,,2.0,1.0,43.0,61.25,21.6625,,,10.0,30.0,-5.5
E1XSL3CYLC,4.0,,62.0,14.75,,,6,2.0,73.0,73.0,9.5,,,2.0,1.0,43.0,61.25,21.6625,,,10.0,30.0,
E1ZFL2TLLA,4.0,,80.0,13.0,,,2,2.0,71.5,55.0,16.75,,,4.0,1.0,58.5,40.5,28.46875,,,16.0,13.0,
E1ZFL2TLLB,4.0,,77.5,12.5,,,2,2.0,71.5,55.0,16.75,,,4.0,1.0,58.5,40.5,28.46875,,,16.0,13.0,
E1ZFL2TLLC,4.0,,67.5,12.5,,,2,2.0,71.5,55.0,16.75,,,4.0,1.0,58.5,40.5,28.46875,,,16.0,13.0,
E1ZFL2TMLA,4.0,87.5,73.5,11.214285714285714,,,11,2.0,71.5,71.5,15.5,,,6.0,1.0,58.5,40.5,28.46875,,,16.0,13.0,16.0
E1ZFL2TMLB,4.0,77.5,83.5,11.88888888888889,,,14,2.0,71.5,71.5,15.5,,,6.0,1.0,58.5,40.5,28.46875,,,16.0,13.0,6.0
E1ZFL2TMLC,4.0,77.0,70.5,14.8,,,8,2.0,71.5,71.5,15.5,,,6.0,1.0,58.5,40.5,28.46875,,,16.0,13.0,5.5
E1ZFL2TNEB,4.0,,80.5,14.0,,,2,2.0,65.5,73.5,13.166666666666666,,,13.0,1.0,58.5,40.5,28.46875,,,16.0,7.0,
E1ZFL2TNLA,4.0,70.5,79.0,14.9,,,8,2.0,65.5,73.5,13.166666666666666,,,13.0,1.0,58.5,40.5,28.46875,,,16.0,7.0,5.0
E1ZFL2TNLB,4.0,,82.0,9.0,,,2,2.0,65.5,73.5,13.166666666666666,,,13.0,1.0,58.5,40.5,28.46875,,,16.0,7.0,
E1ZFL2TNLC,4.0,,79.0,15.0,,,2,2.0,65.5,73.5,13.166666666666666,,,13.0,1.0,58.5,40.5,28.46875,,,16.0,7.0,
E1ZFL2TNLD,4.0,,70.5,18.0,,,4,2.0,65.5,73.5,13.166666666666666,,,13.0,1.0,58.5,40.5,28.46875,,,16.0,7.0,
E1ZFL2TPLA,4.0,,78.5,11.5,,,2,2.0,62.0,65.0,14.071428571428571,,,11.0,1.0,58.5,40.5,28.46875,,,16.0,3.5,
E1ZML2GHLC,4.0,,71.0,11.5,,,4,2.0,76.5,76.5,13.5,,,4.0,1.0,72.5,72.5,16.5,,,2.0,4.0,
E1ZML2GHLD,4.0,,77.0,7.0,,,2,2.0,76.5,76.5,13.5,,,4.0,1.0,72.5,72.5,16.5,,,2.0,4.0,
E1ZML2GHLE,4.0,,60.5,16.0,,,4,2.0,76.5,76.5,13.5,,,4.0,1.0,72.5,72.5,16.5,,,2.0,4.0,
E1ZML2GJLA,4.0,84.5,86.5,10.0,,,10,2.0,76.5,76.5,12.5,,,2.0,1.0,72.5,72.5,16.5,,,2.0,4.0,8.0
E1ZML2GJLB,4.0,,71.0,15.0,,,4,2.0,76.5,76.5,12.5,,,2.0,1.0,72.5,72.5,16.5,,,2.0,4.0,
E1ZML2GKLA,4.0,86.0,80.5,11.166666666666666,,,10,2.0,64.5,64.5,19.0,,,2.0,1.0,72.5,72.5,16.5,,,2.0,-8.0,21.5
E1ZML2GKLB,4.0,86.0,88.0,9.333333333333334,,,10,2.0,64.5,64.5,19.0,,,2.0,1.0,72.5,72.5,16.5,,,2.0,-8.0,21.5
E1ZML2GLLA,4.0,89.5,88.0,6.8,,,8,2.0,80.0,80.0,6.5,,,4.0,1.0,72.5,72.5,16.5,,,2.0,7.5,9.5
E1ZML2GLLB,4.0,92.0,82.0,8.0,,,10,2.0,80.0,80.0,6.5,,,4.0,1.0,72.5,72.5,16.5,,,2.0,7.5,12.0
E1ZML2GMLA,4.0,93.0,91.0,7.166666666666667,,,10,2.0,79.5,79.5,13.5,,,2.0,1.0,72.5,72.5,16.5,,,2.0,7.0,13.5
E1ZML2GMLB,4.0,93.0,87.0,6.833333333333333,,,10,2.0,79.5,79.5,13.5,,,2.0,1.0,72.5,72.5,16.5,,,2.0,7.0,13.5
E1ZML2GMLC,4.0,88.5,80.5,8.0,,,10,2.0,79.5,79.5,13.5,,,2.0,1.0,72.5,72.5,16.5,,,2.0,7.0,9.0
E1ZML2GNLA,4.0,,76.5,10.0,,,4,2.0,81.5,81.5,7.0,,,4.0,1.0,72.5,72.5,16.5,,,2.0,9.0,
E1ZML2GNLB,4.0,,82.0,8.5,,,4,2.0,81.5,81.5,7.0,,,4.0,1.0,72.5,72.5,16.5,,,2.0,9.0,
E1ZML2GPLA,4.0,,84.0,13.0,,,4,2.0,81.0,81.0,13.0,,,4.0,1.0,72.5,72.5,16.5,,,2.0,8.5,
E21AL3CNLA,4.0,,72.5,9.5,,,2,2.0,81.0,81.0,8.0,,,4.0,1.0,,72.29,,,,1.0,,
E21AL3CNLB,4.0,,79.0,7.5,,,2,2.0,81.0,81.0,8.0,,,4.0,1.0,,72.29,,,,1.0,,
E21AL3CNLC,4.0,,78.0,12.5,,,2,2.0,81.0,81.0,8.0,,,4.0,1.0,,72.29,,,,1.0,,
E21AL3CPLA,4.0,79.0,88.5,7.166666666666667,,,10,2.0,85.5,85.5,4.5,,,4.0,1.0,,72.29,,,,1.0,,-6.5
E21AL3CPLB,4.0,,83.0,8.5,,,4,2.0,85.5,85.5,4.5,,,4.0,1.0,,72.29,,,,1.0,,
E21AL3CQLA,4.0,,79.0,11.0,,,4,2.0,83.5,83.5,9.5,,,4.0,1.0,,72.29,,,,1.0,,
E21AL3CQLC,4.0,,84.0,9.5,,,4,2.0,83.5,83.5,9.5,,,4.0,1.0,,72.29,,,,1.0,,
E21AL3CRLA,4.0,89.0,83.5,6.5,,,5,2.0,83.0,83.0,6.0,,,2.0,1.0,,72.29,,,,1.0,,6.0
E21AL3CRLB,4.0,,83.5,10.5,,,4,2.0,83.0,83.0,6.0,,,2.0,1.0,,72.29,,,,1.0,,
E21AL3CSLA,4.0,84.5,84.0,7.875,,,7,2.0,83.0,83.0,7.5,,,4.0,1.0,,72.29,,,,1.0,,1.5
E21AL3CTLW,4.0,,87.0,5.5,,,4,2.0,82.5,82.5,11.0,,,2.0,1.0,,72.29,,,,1.0,,
E21AL3CTLX,4.0,,71.5,13.5,,,2,2.0,82.5,82.5,11.0,,,2.0,1.0,,72.29,,,,1.0,,
E226B3MD,4.0,42.5,62.0,15.083333333333334,,,9,2.0,42.5,62.0,15.083333333333334,,,9.0,1.0,56.86,56.86,,,,2.0,-14.36,0.0
E226B3MDLB,4.0,,65.5,15.0,,,2,2.0,42.5,62.0,15.083333333333334,,,9.0,1.0,56.86,56.86,,,,2.0,-14.36,
E226B3MDLC,4.0,,67.0,14.0,,,4,2.0,42.5,62.0,15.083333333333334,,,9.0,1.0,56.86,56.86,,,,2.0,-14.36,
E226B3MDLD,4.0,,60.5,20.0,,,2,2.0,42.5,62.0,15.083333333333334,,,9.0,1.0,56.86,56.86,,,,2.0,-14.36,
E226B3ME,4.0,63.5,63.5,18.0,,,2,2.0,63.5,63.5,18.0,,,2.0,1.0,56.86,56.86,,,,2.0,6.640000000000001,0.0
E226B3MELA,4.0,,74.0,21.25,,,3,2.0,63.5,63.5,18.0,,,2.0,1.0,56.86,56.86,,,,2.0,6.640000000000001,
E226B3MELB,4.0,,76.5,18.0,,,3,2.0,63.5,63.5,18.0,,,2.0,1.0,56.86,56.86,,,,2.0,6.640000000000001,
E226B3MELC,4.0,,74.0,23.75,,,6,2.0,63.5,63.5,18.0,,,2.0,1.0,56.86,56.86,,,,2.0,6.640000000000001,
E226B3MF,4.0,74.0,74.0,15.0,,,2,2.0,74.0,74.0,15.0,,,2.0,1.0,56.86,56.86,,,,2.0,17.14,0.0
E226B3MFLA,4.0,,72.5,15.5,,,4,2.0,74.0,74.0,15.0,,,2.0,1.0,56.86,56.86,,,,2.0,17.14,
E226B3MFLB,4.0,76.0,73.5,12.0,,,11,2.0,74.0,74.0,15.0,,,2.0,1.0,56.86,56.86,,,,2.0,17.14,2.0
E226B3MFLC,4.0,,65.0,17.0,,,6,2.0,74.0,74.0,15.0,,,2.0,1.0,56.86,56.86,,,,2.0,17.14,
E226B3MFLD,4.0,76.0,67.5,15.75,,,6,2.0,74.0,74.0,15.0,,,2.0,1.0,56.86,56.86,,,,2.0,17.14,2.0
E226B3MG,4.0,45.0,45.0,21.0,,,2,2.0,45.0,45.0,21.0,,,2.0,1.0,56.86,56.86,,,,2.0,-11.86,0.0
E226B3MGLD,4.0,,70.5,8.5,,,2,2.0,45.0,45.0,21.0,,,2.0,1.0,56.86,56.86,,,,2.0,-11.86,
E226B3MGLE,4.0,,62.5,18.0,,,2,2.0,45.0,45.0,21.0,,,2.0,1.0,56.86,56.86,,,,2.0,-11.86,
E226B3MH,4.0,10.0,64.5,18.75,,,6,2.0,10.0,64.5,18.75,,,6.0,1.0,56.86,56.86,,,,2.0,-46.86,0.0
E226B3MHLC,4.0,58.0,68.5,12.0,,,19,2.0,10.0,64.5,18.75,,,6.0,1.0,56.86,56.86,,,,2.0,-46.86,48.0
E226B3MHLD,4.0,,60.0,18.0,,,4,2.0,10.0,64.5,18.75,,,6.0,1.0,56.86,56.86,,,,2.0,-46.86,
E22CB3LSLA,4.0,,74.5,13.0,,,2,2.0,39.5,39.5,34.0,,,2.0,1.0,,64.5,,,,2.0,,
E22CB3LSLC,4.0,,76.0,10.0,,,4,2.0,39.5,39.5,34.0,,,2.0,1.0,,64.5,,,,2.0,,
E22CB3LTLA,4.0,,74.5,13.0,,,2,2.0,40.0,40.0,33.5,,,2.0,1.0,,64.5,,,,2.0,,
E22CB3LTLB,4.0,,73.0,12.5,,,6,2.0,40.0,40.0,33.5,,,2.0,1.0,,64.5,,,,2.0,,
E22GL3FNLD,4.0,,66.0,15.0,,,6,2.0,62.5,62.5,18.5,,,2.0,1.0,35.25,48.169999999999995,39.65,,,6.0,27.25,
E22GL3FNLE,4.0,,67.5,21.5,,,9,2.0,62.5,62.5,18.5,,,2.0,1.0,35.25,48.169999999999995,39.65,,,6.0,27.25,
E22GL3FNLF,4.0,,61.5,17.75,,,18,2.0,62.5,62.5,18.5,,,2.0,1.0,35.25,48.169999999999995,39.65,,,6.0,27.25,
E22GL3FNLG,4.0,,56.5,17.5,,,4,2.0,62.5,62.5,18.5,,,2.0,1.0,35.25,48.169999999999995,39.65,,,6.0,27.25,
E22GL3FNLH,4.0,,62.5,14.5,,,2,2.0,62.5,62.5,18.5,,,2.0,1.0,35.25,48.169999999999995,39.65,,,6.0,27.25,
E22GL3FPLE,4.0,,64.0,20.0,,,4,2.0,61.5,61.5,18.0,,,4.0,1.0,35.25,48.169999999999995,39.65,,,6.0,26.25,
E22GL3FPLF,4.0,60.5,60.5,20.333333333333332,,,4,2.0,61.5,61.5,18.0,,,4.0,1.0,35.25,48.169999999999995,39.65,,,6.0,26.25,-1.0
E22GL3FPLG,4.0,,61.0,20.75,,,3,2.0,61.5,61.5,18.0,,,4.0,1.0,35.25,48.169999999999995,39.65,,,6.0,26.25,
E22PB4AALB,4.0,,80.0,12.0,,,2,2.0,87.5,87.5,10.0,,,2.0,1.0,83.6,80.67,12.511111111111111,,,20.0,3.9000000000000057,
E22PB4AALC,4.0,,86.0,7.5,,,4,2.0,87.5,87.5,10.0,,,2.0,1.0,83.6,80.67,12.511111111111111,,,20.0,3.9000000000000057,
E22PB4AALD,4.0,,88.0,8.0,,,4,2.0,87.5,87.5,10.0,,,2.0,1.0,83.6,80.67,12.511111111111111,,,20.0,3.9000000000000057,
E22PB4ABLA,4.0,,91.0,5.5,,,4,2.0,88.0,88.0,7.5,,,2.0,1.0,83.6,80.67,12.511111111111111,,,20.0,4.400000000000006,
E22PB4ABLB,4.0,,85.5,8.5,,,4,2.0,88.0,88.0,7.5,,,2.0,1.0,83.6,80.67,12.511111111111111,,,20.0,4.400000000000006,
E22PB4ABLC,4.0,,90.0,8.0,,,2,2.0,88.0,88.0,7.5,,,2.0,1.0,83.6,80.67,12.511111111111111,,,20.0,4.400000000000006,
E22PB4ACLA,4.0,87.0,91.0,8.5,,,5,2.0,89.0,83.0,2.25,,,3.0,1.0,83.6,80.67,12.511111111111111,,,20.0,5.400000000000006,-2.0
E22PB4ACLB,4.0,91.5,78.0,7.75,,,7,2.0,89.0,83.0,2.25,,,3.0,1.0,83.6,80.67,12.511111111111111,,,20.0,5.400000000000006,2.5
E22PB4ADLA,4.0,,85.5,10.5,,,4,2.0,85.0,85.0,13.0,,,2.0,1.0,83.6,80.67,12.511111111111111,,,20.0,1.4000000000000057,
E22PB4ADLB,4.0,88.0,91.5,6.333333333333333,,,5,2.0,85.0,85.0,13.0,,,2.0,1.0,83.6,80.67,12.511111111111111,,,20.0,1.4000000000000057,3.0
E232B4AELA,4.0,76.0,31.0,11.833333333333334,,,5,2.0,71.0,64.5,7.75,,,3.0,1.0,50.75,77.0,14.05,,,8.0,20.25,5.0
E232B4AELB,4.0,71.5,74.5,10.666666666666666,,,5,2.0,71.0,64.5,7.75,,,3.0,1.0,50.75,77.0,14.05,,,8.0,20.25,0.5
E236L3FGLA,4.0,,60.5,15.0,,,4,2.0,58.5,43.5,10.75,,,3.0,1.0,43.7,43.7,29.8,,,2.0,14.799999999999997,
E236L3FGLB,4.0,61.5,64.5,13.05,,,15,2.0,58.5,43.5,10.75,,,3.0,1.0,43.7,43.7,29.8,,,2.0,14.799999999999997,3.0
E236L3FHLA,4.0,,69.5,16.5,,,6,2.0,62.0,62.0,16.5,,,4.0,1.0,43.7,43.7,29.8,,,2.0,18.299999999999997,
E236L3FHLB,4.0,,73.5,15.25,,,6,2.0,62.0,62.0,16.5,,,4.0,1.0,43.7,43.7,29.8,,,2.0,18.299999999999997,
E236L3FHLC,4.0,,60.5,17.0,,,2,2.0,62.0,62.0,16.5,,,4.0,1.0,43.7,43.7,29.8,,,2.0,18.299999999999997,
E236L3FHLE,4.0,,66.5,26.5,,,3,2.0,62.0,62.0,16.5,,,4.0,1.0,43.7,43.7,29.8,,,2.0,18.299999999999997,
E236L3FJLA,4.0,,59.5,20.0,,,3,2.0,47.0,47.0,28.0,,,4.0,1.0,43.7,43.7,29.8,,,2.0,3.299999999999997,
E236L3FJLB,4.0,,60.5,22.5,,,3,2.0,47.0,47.0,28.0,,,4.0,1.0,43.7,43.7,29.8,,,2.0,3.299999999999997,
E236L3FKLA,4.0,,65.0,15.5,,,2,2.0,53.0,53.0,22.5,,,4.0,1.0,43.7,43.7,29.8,,,2.0,9.299999999999997,
E236L3FKLB,4.0,,66.5,14.5,,,2,2.0,53.0,53.0,22.5,,,4.0,1.0,43.7,43.7,29.8,,,2.0,9.299999999999997,
E236L3FLLA,4.0,,73.0,17.25,,,6,2.0,49.0,59.5,14.0,,,6.0,1.0,43.7,43.7,29.8,,,2.0,5.299999999999997,
E236L3FLLB,4.0,,64.0,18.25,,,3,2.0,49.0,59.5,14.0,,,6.0,1.0,43.7,43.7,29.8,,,2.0,5.299999999999997,
E236L3FMLA,4.0,69.5,71.0,17.375,,,11,2.0,57.0,18.5,17.75,,,3.0,1.0,43.7,43.7,29.8,,,2.0,13.299999999999997,12.5
E236L3FMLB,4.0,70.5,63.5,17.555555555555557,,,12,2.0,57.0,18.5,17.75,,,3.0,1.0,43.7,43.7,29.8,,,2.0,13.299999999999997,13.5
E236L3FNLA,4.0,61.0,64.5,17.5,,,12,2.0,35.5,35.5,29.5,,,2.0,1.0,43.7,43.7,29.8,,,2.0,-8.200000000000003,25.5
E23NL4ECLA,4.0,,77.0,16.0,,,6,2.0,61.0,61.0,23.0,,,2.0,1.0,39.05,66.3,31.88695652173913,,,42.0,21.950000000000003,
E23NL4ECLB,4.0,,62.5,16.5,,,6,2.0,61.0,61.0,23.0,,,2.0,1.0,39.05,66.3,31.88695652173913,,,42.0,21.950000000000003,
E23NL4ECLC,4.0,,61.0,14.5,,,2,2.0,61.0,61.0,23.0,,,2.0,1.0,39.05,66.3,31.88695652173913,,,42.0,21.950000000000003,
E23NL4EDLA,4.0,53.5,27.5,12.9,,,8,2.0,58.0,58.0,20.5,,,2.0,1.0,39.05,66.3,31.88695652173913,,,42.0,18.950000000000003,-4.5
E23NL4EDLB,4.0,,64.5,17.0,,,4,2.0,58.0,58.0,20.5,,,2.0,1.0,39.05,66.3,31.88695652173913,,,42.0,18.950000000000003,
E23NL4EDLC,4.0,,82.5,9.0,,,2,2.0,58.0,58.0,20.5,,,2.0,1.0,39.05,66.3,31.88695652173913,,,42.0,18.950000000000003,
E23NL4EELA,4.0,,74.0,16.0,,,6,2.0,62.5,62.5,19.0,,,2.0,1.0,39.05,66.3,31.88695652173913,,,42.0,23.450000000000003,
E23NL4EELB,4.0,,66.5,10.5,,,4,2.0,62.5,62.5,19.0,,,2.0,1.0,39.05,66.3,31.88695652173913,,,42.0,23.450000000000003,
E23NL4EGLA,4.0,52.0,57.5,13.0,,,5,2.0,64.0,64.0,18.0,,,2.0,1.0,39.05,66.3,31.88695652173913,,,42.0,24.950000000000003,-12.0
E23NL4EGLB,4.0,73.0,57.5,13.25,,,8,2.0,64.0,64.0,18.0,,,2.0,1.0,39.05,66.3,31.88695652173913,,,42.0,24.950000000000003,9.0
E23NL4EGLC,4.0,66.5,69.5,15.166666666666666,,,8,2.0,64.0,64.0,18.0,,,2.0,1.0,39.05,66.3,31.88695652173913,,,42.0,24.950000000000003,2.5
E23NL4EJLA,4.0,,81.5,7.5,,,2,2.0,73.0,73.0,15.0,,,2.0,1.0,39.05,66.3,31.88695652173913,,,42.0,33.95,
E23XL3EWLA,4.0,,66.5,18.0,,,2,2.0,59.5,59.5,21.0,,,2.0,1.0,36.0,36.0,29.0,,,2.0,23.5,
E23XL3EWLB,4.0,,69.0,20.0,,,4,2.0,59.5,59.5,21.0,,,2.0,1.0,36.0,36.0,29.0,,,2.0,23.5,
E23XL3EWLD,4.0,,74.5,13.5,,,4,2.0,59.5,59.5,21.0,,,2.0,1.0,36.0,36.0,29.0,,,2.0,23.5,
E24JL3HTLA,4.0,,61.5,14.75,,,6,2.0,60.0,60.0,18.0,,,2.0,1.0,36.125,36.13,32.0,,,4.0,23.875,
E24JL3HTLB,4.0,,63.0,16.5,,,2,2.0,60.0,60.0,18.0,,,2.0,1.0,36.125,36.13,32.0,,,4.0,23.875,
E24JL3HTLC,4.0,70.0,77.5,17.25,,,6,2.0,60.0,60.0,18.0,,,2.0,1.0,36.125,36.13,32.0,,,4.0,23.875,10.0
E24JL3HTLD,4.0,,71.5,18.0,,,3,2.0,60.0,60.0,18.0,,,2.0,1.0,36.125,36.13,32.0,,,4.0,23.875,
E24JL3HWLA,4.0,67.0,67.0,17.0,,,8,2.0,30.5,42.5,19.125,,,5.0,1.0,36.125,36.13,32.0,,,4.0,-5.625,36.5
E24JL3HWLB,4.0,66.0,66.0,16.0,,,4,2.0,30.5,42.5,19.125,,,5.0,1.0,36.125,36.13,32.0,,,4.0,-5.625,35.5
E24PB4BBLA,4.0,73.0,69.0,10.833333333333334,,,5,2.0,68.5,68.5,12.0,,,2.0,1.0,51.3,77.0,15.292857142857143,,,22.0,17.200000000000003,4.5
E24PB4BBLB,4.0,68.0,64.0,16.625,,,7,2.0,68.5,68.5,12.0,,,2.0,1.0,51.3,77.0,15.292857142857143,,,22.0,17.200000000000003,-0.5
E24PB4BCLA,4.0,,70.5,16.0,,,6,2.0,70.0,71.5,9.916666666666666,,,8.0,1.0,51.3,77.0,15.292857142857143,,,22.0,18.700000000000003,
E24PB4BCLB,4.0,60.5,73.5,13.0,,,13,2.0,70.0,71.5,9.916666666666666,,,8.0,1.0,51.3,77.0,15.292857142857143,,,22.0,18.700000000000003,-9.5
E24PB4BCLC,4.0,65.5,68.0,14.5,,,13,2.0,70.0,71.5,9.916666666666666,,,8.0,1.0,51.3,77.0,15.292857142857143,,,22.0,18.700000000000003,-4.5
E24UL3DJLA,4.0,,61.5,13.5,,,2,2.0,63.5,63.5,18.5,,,2.0,1.0,56.1,56.1,26.4,,,2.0,7.399999999999999,
E24UL3DJLB,4.0,,70.0,19.25,,,3,2.0,63.5,63.5,18.5,,,2.0,1.0,56.1,56.1,26.4,,,2.0,7.399999999999999,
E24UL3DKLA,4.0,,67.5,18.0,,,2,2.0,48.0,48.0,24.0,,,2.0,1.0,56.1,56.1,26.4,,,2.0,-8.100000000000001,
E24UL3DKLB,4.0,,74.0,17.0,,,2,2.0,48.0,48.0,24.0,,,2.0,1.0,56.1,56.1,26.4,,,2.0,-8.100000000000001,
E24UL3DLLA,4.0,,74.0,15.5,,,2,2.0,65.5,65.5,20.0,,,2.0,1.0,56.1,56.1,26.4,,,2.0,9.399999999999999,
E24UL3DLLB,4.0,75.0,75.0,15.25,,,7,2.0,65.5,65.5,20.0,,,2.0,1.0,56.1,56.1,26.4,,,2.0,9.399999999999999,9.5
E24UL3DMLA,4.0,83.5,80.5,12.833333333333334,,,5,2.0,69.0,69.0,16.5,,,4.0,1.0,56.1,56.1,26.4,,,2.0,12.899999999999999,14.5
E24UL3DMLB,4.0,81.0,74.5,13.5,,,7,2.0,69.0,69.0,16.5,,,4.0,1.0,56.1,56.1,26.4,,,2.0,12.899999999999999,12.0
E24UL3DNLA,4.0,,63.5,21.0,,,2,2.0,58.5,58.5,30.5,,,2.0,1.0,56.1,56.1,26.4,,,2.0,2.3999999999999986,
E24UL3DNLB,4.0,,60.5,25.75,,,3,2.0,58.5,58.5,30.5,,,2.0,1.0,56.1,56.1,26.4,,,2.0,2.3999999999999986,
E24UL3DPLA,4.0,,69.5,17.0,,,2,2.0,65.0,65.0,19.5,,,4.0,1.0,56.1,56.1,26.4,,,2.0,8.899999999999999,
E24UL3DPLB,4.0,,65.0,19.0,,,4,2.0,65.0,65.0,19.5,,,4.0,1.0,56.1,56.1,26.4,,,2.0,8.899999999999999,
E25PL3GALA,4.0,71.5,73.5,14.833333333333334,,,9,2.0,31.5,42.5,20.5,,,5.0,1.0,36.0,70.0,22.5,,,8.0,-4.5,40.0
E25PL3GALB,4.0,75.0,69.5,14.916666666666666,,,9,2.0,31.5,42.5,20.5,,,5.0,1.0,36.0,70.0,22.5,,,8.0,-4.5,43.5
E25PL3GALC,4.0,,61.0,12.5,,,2,2.0,31.5,42.5,20.5,,,5.0,1.0,36.0,70.0,22.5,,,8.0,-4.5,
E25PL3GBLE,4.0,,73.5,12.75,,,6,2.0,62.5,62.5,17.0,,,2.0,1.0,36.0,70.0,22.5,,,8.0,26.5,
E25PL3GBLF,4.0,,67.0,12.5,,,6,2.0,62.5,62.5,17.0,,,2.0,1.0,36.0,70.0,22.5,,,8.0,26.5,
E25PL3GBLG,4.0,,66.0,11.0,,,4,2.0,62.5,62.5,17.0,,,2.0,1.0,36.0,70.0,22.5,,,8.0,26.5,
E25XL3GMLB,4.0,66.5,72.0,22.2,,,14,2.0,50.0,36.5,13.5,,,3.0,1.0,24.4,24.4,,,,4.0,25.6,16.5
E25XL3GNLA,4.0,,70.5,23.0,,,3,2.0,47.5,47.5,19.5,,,2.0,1.0,24.4,24.4,,,,4.0,23.1,
E25XL3GNLB,4.0,,62.5,18.5,,,9,2.0,47.5,47.5,19.5,,,2.0,1.0,24.4,24.4,,,,4.0,23.1,
E25XL3GQLA,4.0,,61.5,16.5,,,4,2.0,50.0,24.5,14.25,,,3.0,1.0,24.4,24.4,,,,4.0,25.6,
E25XL3GQLB,4.0,28.5,67.5,18.0,,,5,2.0,50.0,24.5,14.25,,,3.0,1.0,24.4,24.4,,,,4.0,25.6,-21.5
E25XL3GSLA,4.0,22.0,64.5,19.75,,,5,2.0,47.0,16.0,15.0,,,6.0,1.0,24.4,24.4,,,,4.0,22.6,-25.0
E25XL3GSLC,4.0,54.0,62.5,16.375,,,10,2.0,47.0,16.0,15.0,,,6.0,1.0,24.4,24.4,,,,4.0,22.6,7.0
E261L5BMLA,4.0,,17.0,18.0,,,3,2.0,57.0,59.0,5.625,,,6.0,1.0,82.64,78.0,12.634782608695653,,,42.0,-25.64,
E261L5BMLB,4.0,,25.5,11.25,,,3,2.0,57.0,59.0,5.625,,,6.0,1.0,82.64,78.0,12.634782608695653,,,42.0,-25.64,
E261L5BMLC,4.0,,21.5,11.25,,,3,2.0,57.0,59.0,5.625,,,6.0,1.0,82.64,78.0,12.634782608695653,,,42.0,-25.64,
E261L5BNLA,4.0,,60.0,11.75,,,3,2.0,65.0,61.0,7.5,,,9.0,1.0,82.64,78.0,12.634782608695653,,,42.0,-17.64,
E261L5BNLB,4.0,,60.0,15.25,,,3,2.0,65.0,61.0,7.5,,,9.0,1.0,82.64,78.0,12.634782608695653,,,42.0,-17.64,
E261L5BQLA,4.0,,69.5,16.0,,,2,2.0,49.0,72.5,9.25,,,3.0,1.0,82.64,78.0,12.634782608695653,,,42.0,-33.64,
E261L5BQLB,4.0,,60.5,14.5,,,2,2.0,49.0,72.5,9.25,,,3.0,1.0,82.64,78.0,12.634782608695653,,,42.0,-33.64,
E261L5BSLA,4.0,,18.5,11.5,,,6,2.0,75.0,40.5,6.75,,,11.0,1.0,82.64,78.0,12.634782608695653,,,42.0,-7.640000000000001,
E261L5BSLB,4.0,,21.5,10.75,,,6,2.0,75.0,40.5,6.75,,,11.0,1.0,82.64,78.0,12.634782608695653,,,42.0,-7.640000000000001,
E261L5BSLC,4.0,,56.0,12.5,,,6,2.0,75.0,40.5,6.75,,,11.0,1.0,82.64,78.0,12.634782608695653,,,42.0,-7.640000000000001,
E261L5BTLA,4.0,,60.0,10.0,,,2,2.0,54.5,62.5,8.25,,,9.0,1.0,82.64,78.0,12.634782608695653,,,42.0,-28.14,
E261L5BTLB,4.0,,52.0,13.0,,,2,2.0,54.5,62.5,8.25,,,9.0,1.0,82.64,78.0,12.634782608695653,,,42.0,-28.14,
E26DL3JPLA,4.0,,66.0,16.0,,,4,2.0,71.5,71.5,17.5,,,2.0,1.0,58.4,58.4,24.3,,,2.0,13.100000000000001,
E26DL3JPLB,4.0,,63.5,20.5,,,2,2.0,71.5,71.5,17.5,,,2.0,1.0,58.4,58.4,24.3,,,2.0,13.100000000000001,
E26DL3JQLA,4.0,82.0,84.0,12.166666666666666,,,5,2.0,72.5,72.5,15.0,,,2.0,1.0,58.4,58.4,24.3,,,2.0,14.100000000000001,9.5
E26DL3JQLB,4.0,,73.0,11.0,,,4,2.0,72.5,72.5,15.0,,,2.0,1.0,58.4,58.4,24.3,,,2.0,14.100000000000001,
E26DL3JRLA,4.0,,74.5,16.5,,,2,2.0,82.5,82.5,11.0,,,4.0,1.0,58.4,58.4,24.3,,,2.0,24.1,
E26DL3JRLB,4.0,,78.0,10.5,,,4,2.0,82.5,82.5,11.0,,,4.0,1.0,58.4,58.4,24.3,,,2.0,24.1,
E26DL3JRLC,4.0,,63.0,19.0,,,4,2.0,82.5,82.5,11.0,,,4.0,1.0,58.4,58.4,24.3,,,2.0,24.1,
E26DL3JSLA,4.0,,85.0,5.5,,,2,2.0,86.5,86.5,6.5,,,2.0,1.0,58.4,58.4,24.3,,,2.0,28.1,
E26DL3JSLB,4.0,,78.0,10.0,,,4,2.0,86.5,86.5,6.5,,,2.0,1.0,58.4,58.4,24.3,,,2.0,28.1,
E26DL3JSLC,4.0,,90.0,6.5,,,2,2.0,86.5,86.5,6.5,,,2.0,1.0,58.4,58.4,24.3,,,2.0,28.1,
E26DL3JSLD,4.0,,81.5,9.5,,,4,2.0,86.5,86.5,6.5,,,2.0,1.0,58.4,58.4,24.3,,,2.0,28.1,
E26DL3JSLE,4.0,,89.0,5.5,,,2,2.0,86.5,86.5,6.5,,,2.0,1.0,58.4,58.4,24.3,,,2.0,28.1,
E26DL3JTLA,4.0,,82.5,4.5,,,2,2.0,66.5,66.5,17.0,,,4.0,1.0,58.4,58.4,24.3,,,2.0,8.100000000000001,
E26DL3JTLB,4.0,,74.0,11.0,,,2,2.0,66.5,66.5,17.0,,,4.0,1.0,58.4,58.4,24.3,,,2.0,8.100000000000001,
E26DL3JTLF,4.0,84.5,86.0,9.166666666666666,,,5,2.0,66.5,66.5,17.0,,,4.0,1.0,58.4,58.4,24.3,,,2.0,8.100000000000001,18.0
E26DL3JTLK,4.0,,70.0,10.5,,,2,2.0,66.5,66.5,17.0,,,4.0,1.0,58.4,58.4,24.3,,,2.0,8.100000000000001,
E26DL3JULA,4.0,,76.0,12.0,,,2,2.0,77.0,77.0,10.0,,,2.0,1.0,58.4,58.4,24.3,,,2.0,18.6,
E26DL3JULB,4.0,86.0,82.0,9.833333333333334,,,5,2.0,77.0,77.0,10.0,,,2.0,1.0,58.4,58.4,24.3,,,2.0,18.6,9.0
E26DL3JWLA,4.0,,83.0,6.5,,,2,2.0,71.0,71.0,13.5,,,2.0,1.0,58.4,58.4,24.3,,,2.0,12.600000000000001,
E285B4AFLA,4.0,,81.5,10.5,,,2,2.0,70.0,70.0,16.5,,,4.0,1.0,81.67,82.67,11.627777777777778,,,16.0,-11.670000000000002,
E285B4AFLB,4.0,87.5,75.5,11.875,,,7,2.0,70.0,70.0,16.5,,,4.0,1.0,81.67,82.67,11.627777777777778,,,16.0,-11.670000000000002,17.5
E285B4AFLC,4.0,83.5,62.5,11.8,,,8,2.0,70.0,70.0,16.5,,,4.0,1.0,81.67,82.67,11.627777777777778,,,16.0,-11.670000000000002,13.5
E285B4AGLA,4.0,,76.5,10.0,,,4,2.0,70.5,70.5,14.5,,,4.0,1.0,81.67,82.67,11.627777777777778,,,16.0,-11.170000000000002,
E285B4AGLB,4.0,,80.0,8.0,,,4,2.0,70.5,70.5,14.5,,,4.0,1.0,81.67,82.67,11.627777777777778,,,16.0,-11.170000000000002,
E285B4AGLC,4.0,,67.5,10.0,,,4,2.0,70.5,70.5,14.5,,,4.0,1.0,81.67,82.67,11.627777777777778,,,16.0,-11.170000000000002,
E285B4ANLA,4.0,79.0,73.0,11.8,,,8,2.0,67.5,67.5,14.0,,,2.0,1.0,81.67,82.67,11.627777777777778,,,16.0,-14.170000000000002,11.5
E28AL3HALC,4.0,,62.0,15.0,,,4,2.0,70.0,70.0,15.5,,,2.0,1.0,59.0,68.0,16.450000000000003,,,3.0,11.0,
E28AL3HALD,4.0,,59.5,16.5,,,2,2.0,70.0,70.0,15.5,,,2.0,1.0,59.0,68.0,16.450000000000003,,,3.0,11.0,
E28AL3HALE,4.0,,76.5,9.0,,,6,2.0,70.0,70.0,15.5,,,2.0,1.0,59.0,68.0,16.450000000000003,,,3.0,11.0,
E28AL3HALF,4.0,,70.0,13.5,,,2,2.0,70.0,70.0,15.5,,,2.0,1.0,59.0,68.0,16.450000000000003,,,3.0,11.0,
E28AL3HBLC,4.0,86.5,83.5,9.785714285714286,,,12,2.0,79.0,79.0,10.5,,,4.0,1.0,59.0,68.0,16.450000000000003,,,3.0,20.0,7.5
E28AL3HBLD,4.0,,91.0,5.5,,,2,2.0,79.0,79.0,10.5,,,4.0,1.0,59.0,68.0,16.450000000000003,,,3.0,20.0,
E28AL3HBLF,4.0,,82.5,9.5,,,4,2.0,79.0,79.0,10.5,,,4.0,1.0,59.0,68.0,16.450000000000003,,,3.0,20.0,
E28AL3HBLH,4.0,,83.5,6.5,,,4,2.0,79.0,79.0,10.5,,,4.0,1.0,59.0,68.0,16.450000000000003,,,3.0,20.0,
E28AL3HCLB,4.0,,77.0,12.5,,,6,2.0,63.5,63.5,15.5,,,4.0,1.0,59.0,68.0,16.450000000000003,,,3.0,4.5,
E28AL3HCLC,4.0,,75.0,16.5,,,2,2.0,63.5,63.5,15.5,,,4.0,1.0,59.0,68.0,16.450000000000003,,,3.0,4.5,
E28AL3HDLA,4.0,85.0,85.0,8.166666666666666,,,10,2.0,62.0,62.0,17.0,,,2.0,1.0,59.0,68.0,16.450000000000003,,,3.0,3.0,23.0
E28HQ37EEA,4.0,56.5,64.0,23.4,,,7,2.0,54.0,54.0,28.5,,,2.0,1.0,45.875,50.8,31.378500000000003,,,33.0,8.125,2.5
E28HQ37EEB,4.0,56.5,56.5,23.8,,,7,2.0,54.0,54.0,28.5,,,2.0,1.0,45.875,50.8,31.378500000000003,,,33.0,8.125,2.5
E28HQ37EEC,4.0,48.0,56.5,27.833333333333332,,,18,2.0,54.0,54.0,28.5,,,2.0,1.0,45.875,50.8,31.378500000000003,,,33.0,8.125,-6.0
E293L3CVLA,4.0,86.0,85.0,9.7,,,8,2.0,81.5,81.5,9.0,,,2.0,1.0,73.6,73.6,12.8,,,2.0,7.900000000000006,4.5
E293L3CVLB,4.0,,85.0,8.0,,,4,2.0,81.5,81.5,9.0,,,2.0,1.0,73.6,73.6,12.8,,,2.0,7.900000000000006,
E293L3CWLG,4.0,,69.0,14.0,,,2,2.0,83.5,83.5,11.5,,,2.0,1.0,73.6,73.6,12.8,,,2.0,9.900000000000006,
E293L3CWLY,4.0,,81.0,7.0,,,2,2.0,83.5,83.5,11.5,,,2.0,1.0,73.6,73.6,12.8,,,2.0,9.900000000000006,
E293L3CWLZ,4.0,,84.5,8.5,,,2,2.0,83.5,83.5,11.5,,,2.0,1.0,73.6,73.6,12.8,,,2.0,9.900000000000006,
E29DQ4MAEB,4.0,,84.0,10.0,,,4,2.0,76.5,76.5,14.0,,,2.0,1.0,69.8,77.0,16.583333333333332,,,19.0,6.700000000000003,
E29KB4AHLA,4.0,,84.5,6.5,,,2,2.0,86.5,86.5,7.5,,,2.0,1.0,65.3,75.25,14.042857142857143,,,13.0,21.200000000000003,
E29KB4AHLB,4.0,,83.0,9.5,,,2,2.0,86.5,86.5,7.5,,,2.0,1.0,65.3,75.25,14.042857142857143,,,13.0,21.200000000000003,
E29KB4AJLA,4.0,,87.0,4.0,,,4,2.0,81.5,81.5,8.0,,,4.0,1.0,65.3,75.25,14.042857142857143,,,13.0,16.200000000000003,
E29KB4AJLB,4.0,,79.5,6.5,,,2,2.0,81.5,81.5,8.0,,,4.0,1.0,65.3,75.25,14.042857142857143,,,13.0,16.200000000000003,
E2A5L3GULD,4.0,44.5,48.5,19.6875,,,20,2.0,37.5,34.0,22.5,,,4.0,1.0,30.5,30.5,37.3,,,2.0,7.0,7.0
E2A5L3GULE,4.0,45.0,45.0,21.75,,,5,2.0,37.5,34.0,22.5,,,4.0,1.0,30.5,30.5,37.3,,,2.0,7.0,7.5
E2A5L3GULF,4.0,53.0,60.5,29.375,,,11,2.0,37.5,34.0,22.5,,,4.0,1.0,30.5,30.5,37.3,,,2.0,7.0,15.5
E2A5L3GULG,4.0,57.5,47.5,24.5,,,18,2.0,37.5,34.0,22.5,,,4.0,1.0,30.5,30.5,37.3,,,2.0,7.0,20.0
E2A5L3GULH,4.0,36.0,61.5,17.125,,,10,2.0,37.5,34.0,22.5,,,4.0,1.0,30.5,30.5,37.3,,,2.0,7.0,-1.5
E2A5L3GULK,4.0,46.5,49.5,22.875,,,10,2.0,37.5,34.0,22.5,,,4.0,1.0,30.5,30.5,37.3,,,2.0,7.0,9.0
E2F4L3FJLJ,4.0,,82.0,7.5,,,6,2.0,79.0,79.0,12.5,,,2.0,1.0,66.3,66.3,22.2,,,4.0,12.700000000000003,
E2F4L3FJLK,4.0,82.0,83.0,7.5,,,7,2.0,79.0,79.0,12.5,,,2.0,1.0,66.3,66.3,22.2,,,4.0,12.700000000000003,3.0
E2F4L3FJLL,4.0,,86.0,5.5,,,4,2.0,79.0,79.0,12.5,,,2.0,1.0,66.3,66.3,22.2,,,4.0,12.700000000000003,
E2F4L3FJLM,4.0,,81.0,9.5,,,2,2.0,79.0,79.0,12.5,,,2.0,1.0,66.3,66.3,22.2,,,4.0,12.700000000000003,
E2F4L3FKLQ,4.0,,82.0,5.0,,,4,2.0,86.5,86.5,5.0,,,4.0,1.0,66.3,66.3,22.2,,,4.0,20.200000000000003,
E2F4L3FKLR,4.0,94.5,88.0,4.666666666666667,,,5,2.0,86.5,86.5,5.0,,,4.0,1.0,66.3,66.3,22.2,,,4.0,20.200000000000003,8.0
E2F4L3FKLS,4.0,87.5,81.0,7.375,,,7,2.0,86.5,86.5,5.0,,,4.0,1.0,66.3,66.3,22.2,,,4.0,20.200000000000003,1.0
E2F4L3FKLT,4.0,,83.0,6.0,,,2,2.0,86.5,86.5,5.0,,,4.0,1.0,66.3,66.3,22.2,,,4.0,20.200000000000003,
E2F4L3FLLB,4.0,92.5,91.0,5.25,,,7,2.0,85.5,85.5,6.0,,,2.0,1.0,66.3,66.3,22.2,,,4.0,19.200000000000003,7.0
E2L7L3DDLC,4.0,,77.5,14.0,,,4,2.0,73.5,73.5,10.5,,,4.0,1.0,,64.75,,,,3.0,,
E2L7L3DELA,4.0,,73.0,13.5,,,2,2.0,57.0,57.0,17.0,,,2.0,1.0,,64.75,,,,3.0,,
E2L7L3DELB,4.0,,72.0,17.0,,,3,2.0,57.0,57.0,17.0,,,2.0,1.0,,64.75,,,,3.0,,
E2L7L3DFLA,4.0,,64.5,14.25,,,6,2.0,48.5,48.5,15.5,,,4.0,1.0,,64.75,,,,3.0,,
E2L7L3DFLF,4.0,,73.0,12.0,,,2,2.0,48.5,48.5,15.5,,,4.0,1.0,,64.75,,,,3.0,,
E2L7L3DFLG,4.0,,65.0,15.5,,,2,2.0,48.5,48.5,15.5,,,4.0,1.0,,64.75,,,,3.0,,
E2L7L3DGLC,4.0,71.5,75.5,12.416666666666666,,,9,2.0,62.5,62.5,20.0,,,2.0,1.0,,64.75,,,,3.0,,9.0
E2L7L3DGLD,4.0,,66.0,19.5,,,2,2.0,62.5,62.5,20.0,,,2.0,1.0,,64.75,,,,3.0,,
E2M3L3HQLA,4.0,52.5,46.0,18.875,,,5,2.0,61.5,61.5,16.0,,,2.0,1.0,25.0,25.0,48.5,,,2.0,36.5,-9.0
E2M3L3HQLB,4.0,36.5,47.5,19.875,,,10,2.0,61.5,61.5,16.0,,,2.0,1.0,25.0,25.0,48.5,,,2.0,36.5,-25.0
E2M3L3HQLC,4.0,58.0,53.0,20.125,,,10,2.0,61.5,61.5,16.0,,,2.0,1.0,25.0,25.0,48.5,,,2.0,36.5,-3.5
E2M8B4ALLA,4.0,92.0,81.5,6.9375,,,13,2.0,78.0,78.0,10.0,,,2.0,1.0,84.0,81.33,8.276363636363635,,,20.0,-6.0,14.0
E2M8B4ALLB,4.0,86.0,76.5,7.166666666666667,,,14,2.0,78.0,78.0,10.0,,,2.0,1.0,84.0,81.33,8.276363636363635,,,20.0,-6.0,8.0
E2M8B4AMLA,4.0,63.5,89.5,6.625,,,7,2.0,78.5,78.5,11.0,,,4.0,1.0,84.0,81.33,8.276363636363635,,,20.0,-5.5,-15.0
E2M8B4AMLB,4.0,,93.0,5.5,,,2,2.0,78.5,78.5,11.0,,,4.0,1.0,84.0,81.33,8.276363636363635,,,20.0,-5.5,
E2M8B4APLA,4.0,89.0,89.5,7.0,,,5,2.0,85.5,85.5,7.0,,,2.0,1.0,84.0,81.33,8.276363636363635,,,20.0,1.5,3.5
E2M8B4APLB,4.0,,85.0,9.5,,,2,2.0,85.5,85.5,7.0,,,2.0,1.0,84.0,81.33,8.276363636363635,,,20.0,1.5,
E2M8B4AQLA,4.0,,86.0,10.5,,,2,2.0,85.0,85.0,8.0,,,4.0,1.0,84.0,81.33,8.276363636363635,,,20.0,1.0,
E2M8B4AQLB,4.0,86.5,85.0,9.5,,,5,2.0,85.0,85.0,8.0,,,4.0,1.0,84.0,81.33,8.276363636363635,,,20.0,1.0,1.5
E2M8B4ATLB,4.0,,92.5,3.5,,,2,2.0,87.0,87.0,7.5,,,2.0,1.0,84.0,81.33,8.276363636363635,,,20.0,3.0,
E2U4B4ARLA,4.0,80.0,82.5,9.285714285714286,,,12,2.0,80.0,78.0,5.25,,,6.0,1.0,79.25,75.25,17.75,,,13.0,0.75,0.0
E2U4B4ARLB,4.0,77.5,70.5,11.666666666666666,,,10,2.0,80.0,78.0,5.25,,,6.0,1.0,79.25,75.25,17.75,,,13.0,0.75,-2.5
E2U4B4ASEA,4.0,,81.5,11.5,,,2,2.0,80.0,80.0,6.625,,,6.0,1.0,79.25,75.25,17.75,,,13.0,0.75,
E2U4B4ASEB,4.0,,78.0,13.5,,,2,2.0,80.0,80.0,6.625,,,6.0,1.0,79.25,75.25,17.75,,,13.0,0.75,
E2U4B4ASLA,4.0,83.0,64.5,10.333333333333334,,,10,2.0,80.0,80.0,6.625,,,6.0,1.0,79.25,75.25,17.75,,,13.0,0.75,3.0
E2U4B4ASLB,4.0,,84.5,7.0,,,6,2.0,80.0,80.0,6.625,,,6.0,1.0,79.25,75.25,17.75,,,13.0,0.75,
E2Y6L3FNLA,4.0,,63.0,11.0,,,4,2.0,75.5,75.5,11.0,,,4.0,1.0,62.0,62.0,26.0,,,2.0,13.5,
E2Y6L3FNLB,4.0,,65.0,13.0,,,2,2.0,75.5,75.5,11.0,,,4.0,1.0,62.0,62.0,26.0,,,2.0,13.5,
E2Y6L3FNLC,4.0,,71.5,11.0,,,2,2.0,75.5,75.5,11.0,,,4.0,1.0,62.0,62.0,26.0,,,2.0,13.5,
E2Y6L3FPLA,4.0,82.0,76.0,12.3,,,8,2.0,68.0,68.0,12.0,,,2.0,1.0,62.0,62.0,26.0,,,2.0,6.0,14.0
E2Y6L3FPLB,4.0,,76.5,19.25,,,3,2.0,68.0,68.0,12.0,,,2.0,1.0,62.0,62.0,26.0,,,2.0,6.0,
E2Y6L3FPLC,4.0,70.5,80.5,14.0,,,6,2.0,68.0,68.0,12.0,,,2.0,1.0,62.0,62.0,26.0,,,2.0,6.0,2.5
E2Y6L3FQLB,4.0,68.5,78.0,16.428571428571427,,,10,2.0,62.5,62.5,15.0,,,2.0,1.0,62.0,62.0,26.0,,,2.0,0.5,6.0
E2Y6L3FQLC,4.0,61.0,75.0,14.23076923076923,,,19,2.0,62.5,62.5,15.0,,,2.0,1.0,62.0,62.0,26.0,,,2.0,0.5,-1.5
E3AJL4TALA,4.0,87.0,78.0,8.6875,,,13,2.0,80.0,80.0,8.5,,,2.0,1.0,55.0,63.0,15.049999999999999,,,6.0,25.0,7.0
E3AJL4TALB,4.0,90.0,85.0,6.083333333333333,,,11,2.0,80.0,80.0,8.5,,,2.0,1.0,55.0,63.0,15.049999999999999,,,6.0,25.0,10.0
E3AJL4TBLA,4.0,,74.0,13.0,,,4,2.0,74.0,79.0,10.875,,,7.0,1.0,55.0,63.0,15.049999999999999,,,6.0,19.0,
E3AJL4TBLB,4.0,,79.0,8.5,,,2,2.0,74.0,79.0,10.875,,,7.0,1.0,55.0,63.0,15.049999999999999,,,6.0,19.0,
E3AJL4TBLC,4.0,85.0,80.5,10.0,,,5,2.0,74.0,79.0,10.875,,,7.0,1.0,55.0,63.0,15.049999999999999,,,6.0,19.0,11.0
E3AJL4TCLA,4.0,82.5,83.5,9.333333333333334,,,5,2.0,71.5,83.5,10.0,,,5.0,1.0,55.0,63.0,15.049999999999999,,,6.0,16.5,11.0
E3AJL4TCLB,4.0,,79.0,12.5,,,4,2.0,71.5,83.5,10.0,,,5.0,1.0,55.0,63.0,15.049999999999999,,,6.0,16.5,
E3AJL4TCLC,4.0,86.0,83.5,8.166666666666666,,,5,2.0,71.5,83.5,10.0,,,5.0,1.0,55.0,63.0,15.049999999999999,,,6.0,16.5,14.5
E3AJL4TDLA,4.0,,83.5,4.5,,,4,2.0,81.0,81.0,10.5,,,4.0,1.0,55.0,63.0,15.049999999999999,,,6.0,26.0,
E3AJL4TDLB,4.0,,70.0,15.5,,,2,2.0,81.0,81.0,10.5,,,4.0,1.0,55.0,63.0,15.049999999999999,,,6.0,26.0,
E3AJL4TELA,4.0,,73.0,7.0,,,2,2.0,78.0,78.0,11.0,,,2.0,1.0,55.0,63.0,15.049999999999999,,,6.0,23.0,
E3AJL4TELC,4.0,84.0,78.5,8.666666666666666,,,5,2.0,78.0,78.0,11.0,,,2.0,1.0,55.0,63.0,15.049999999999999,,,6.0,23.0,6.0
E3BQL4HSLE,4.0,51.0,61.5,18.833333333333332,,,16,2.0,38.5,38.5,37.5,,,2.0,1.0,44.0,62.0,16.7,,,3.0,-5.5,12.5
E3BQL4HSLF,4.0,,61.5,22.5,,,3,2.0,38.5,38.5,37.5,,,2.0,1.0,44.0,62.0,16.7,,,3.0,-5.5,
E3BQL4HSLG,4.0,51.0,52.0,21.352941176470587,,,23,2.0,38.5,38.5,37.5,,,2.0,1.0,44.0,62.0,16.7,,,3.0,-5.5,12.5
E3BQL4HSLH,4.0,55.0,75.5,17.75,,,13,2.0,38.5,38.5,37.5,,,2.0,1.0,44.0,62.0,16.7,,,3.0,-5.5,16.5
E3BQL4HTLA,4.0,59.0,57.5,17.7,,,13,2.0,30.5,30.5,36.5,,,4.0,1.0,44.0,62.0,16.7,,,3.0,-13.5,28.5
E3CAL5FDLA,4.0,,60.5,13.5,,,2,2.0,61.5,61.5,25.0,,,2.0,1.0,48.0,74.0,17.498333333333335,,,8.0,13.5,
E3CAL5FDLB,4.0,,60.5,17.5,,,2,2.0,61.5,61.5,25.0,,,2.0,1.0,48.0,74.0,17.498333333333335,,,8.0,13.5,
E3CAL5FELA,4.0,67.5,67.5,18.5,,,5,2.0,57.0,73.0,8.5,,,3.0,1.0,48.0,74.0,17.498333333333335,,,8.0,9.0,10.5
E3CAL5FELB,4.0,79.0,67.5,12.833333333333334,,,5,2.0,57.0,73.0,8.5,,,3.0,1.0,48.0,74.0,17.498333333333335,,,8.0,9.0,22.0
E3CAL5FELC,4.0,,73.0,16.5,,,4,2.0,57.0,73.0,8.5,,,3.0,1.0,48.0,74.0,17.498333333333335,,,8.0,9.0,
E3CAL5FELD,4.0,,74.0,15.0,,,4,2.0,57.0,73.0,8.5,,,3.0,1.0,48.0,74.0,17.498333333333335,,,8.0,9.0,
E3CAL5FFLA,4.0,74.5,74.0,15.333333333333334,,,10,2.0,76.5,76.5,17.0,,,2.0,1.0,48.0,74.0,17.498333333333335,,,8.0,28.5,-2.0
E3CAL5FFLB,4.0,,79.5,17.0,,,4,2.0,76.5,76.5,17.0,,,2.0,1.0,48.0,74.0,17.498333333333335,,,8.0,28.5,
E3CAL5FGLA,4.0,76.0,76.5,14.7,,,8,2.0,78.0,78.0,11.0,,,4.0,1.0,48.0,74.0,17.498333333333335,,,8.0,30.0,-2.0
E3CAL5FGLB,4.0,79.5,69.5,18.5,,,7,2.0,78.0,78.0,11.0,,,4.0,1.0,48.0,74.0,17.498333333333335,,,8.0,30.0,1.5
E3CAL5FHLA,4.0,74.5,77.0,14.5,,,8,2.0,72.0,72.0,14.5,,,4.0,1.0,48.0,74.0,17.498333333333335,,,8.0,24.0,2.5
E3CAL5FHLB,4.0,85.5,79.5,12.4,,,8,2.0,72.0,72.0,14.5,,,4.0,1.0,48.0,74.0,17.498333333333335,,,8.0,24.0,13.5
E3CAL5FJLA,4.0,71.5,80.0,13.3125,,,13,2.0,80.0,80.0,11.5,,,4.0,1.0,48.0,74.0,17.498333333333335,,,8.0,32.0,-8.5
E3CAL5FJLB,4.0,,82.0,12.0,,,2,2.0,80.0,80.0,11.5,,,4.0,1.0,48.0,74.0,17.498333333333335,,,8.0,32.0,
E3CGL4GLLA,4.0,,78.5,7.0,,,4,2.0,75.0,75.0,12.5,,,2.0,1.0,74.0,74.0,16.4,,,2.0,1.0,
E3CGL4GLLB,4.0,88.0,73.0,9.375,,,7,2.0,75.0,75.0,12.5,,,2.0,1.0,74.0,74.0,16.4,,,2.0,1.0,13.0
E3CGL4GLLC,4.0,,82.0,9.5,,,2,2.0,75.0,75.0,12.5,,,2.0,1.0,74.0,74.0,16.4,,,2.0,1.0,
E3CGL4GLLD,4.0,,83.5,9.5,,,8,2.0,75.0,75.0,12.5,,,2.0,1.0,74.0,74.0,16.4,,,2.0,1.0,
E3CGL4GMLA,4.0,,67.5,15.5,,,4,2.0,82.5,82.5,11.0,,,2.0,1.0,74.0,74.0,16.4,,,2.0,8.5,
E3CGL4GMLB,4.0,,83.0,10.0,,,2,2.0,82.5,82.5,11.0,,,2.0,1.0,74.0,74.0,16.4,,,2.0,8.5,
E3CGL4GNLA,4.0,,83.0,8.5,,,4,2.0,82.5,82.5,8.5,,,4.0,1.0,74.0,74.0,16.4,,,2.0,8.5,
E3CGL4GNLB,4.0,,69.0,13.0,,,4,2.0,82.5,82.5,8.5,,,4.0,1.0,74.0,74.0,16.4,,,2.0,8.5,
E3CGL4GPLA,4.0,,84.5,4.5,,,2,2.0,85.5,85.5,10.0,,,4.0,1.0,74.0,74.0,16.4,,,2.0,11.5,
E3CGL4GPLB,4.0,,85.5,6.0,,,4,2.0,85.5,85.5,10.0,,,4.0,1.0,74.0,74.0,16.4,,,2.0,11.5,
E3CGL4GPLC,4.0,,82.0,6.5,,,8,2.0,85.5,85.5,10.0,,,4.0,1.0,74.0,74.0,16.4,,,2.0,11.5,
E3CGL4GRLA,4.0,,87.5,7.5,,,4,2.0,85.0,85.0,10.0,,,2.0,1.0,74.0,74.0,16.4,,,2.0,11.0,
E3CPL4HMLA,4.0,,71.0,10.5,,,2,2.0,78.0,78.0,8.5,,,4.0,1.0,61.0,61.0,20.5,,,4.0,17.0,
E3CPL4HMLB,4.0,87.5,87.5,13.666666666666666,,,11,2.0,78.0,78.0,8.5,,,4.0,1.0,61.0,61.0,20.5,,,4.0,17.0,9.5
E3CPL4HMLC,4.0,,80.0,13.0,,,2,2.0,78.0,78.0,8.5,,,4.0,1.0,61.0,61.0,20.5,,,4.0,17.0,
E3CPL4HNLA,4.0,,85.5,8.0,,,4,2.0,78.0,78.0,11.0,,,2.0,1.0,61.0,61.0,20.5,,,4.0,17.0,
E3CPL4HNLB,4.0,,78.0,15.5,,,2,2.0,78.0,78.0,11.0,,,2.0,1.0,61.0,61.0,20.5,,,4.0,17.0,
E3CPL4HNLC,4.0,,85.5,7.0,,,2,2.0,78.0,78.0,11.0,,,2.0,1.0,61.0,61.0,20.5,,,4.0,17.0,
E3CPL4HPLA,4.0,,71.5,13.5,,,2,2.0,79.5,79.5,10.5,,,2.0,1.0,61.0,61.0,20.5,,,4.0,18.5,
E3CPL4HPLB,4.0,,72.0,17.5,,,4,2.0,79.5,79.5,10.5,,,2.0,1.0,61.0,61.0,20.5,,,4.0,18.5,
E3CPL4HPLC,4.0,,76.5,12.0,,,4,2.0,79.5,79.5,10.5,,,2.0,1.0,61.0,61.0,20.5,,,4.0,18.5,
E3CPL4HQLA,4.0,,69.5,13.0,,,4,2.0,61.0,61.0,17.0,,,4.0,1.0,61.0,61.0,20.5,,,4.0,0.0,
E3DAB4CALB,4.0,,75.0,13.5,,,2,2.0,81.0,81.0,11.0,,,2.0,1.0,36.0,36.0,32.9,,,2.0,45.0,
E3DAB4CBLA,4.0,,78.5,11.0,,,2,2.0,77.5,77.5,13.75,,,4.0,1.0,36.0,36.0,32.9,,,2.0,41.5,
E3DAB4CBLB,4.0,,77.0,14.0,,,4,2.0,77.5,77.5,13.75,,,4.0,1.0,36.0,36.0,32.9,,,2.0,41.5,
E3DAB4CBLC,4.0,86.5,84.5,9.833333333333334,,,5,2.0,74.0,74.0,16.5,,,2.0,1.0,36.0,36.0,32.9,,,2.0,38.0,12.5
E3DAB4CBLD,4.0,,73.0,15.5,,,2,2.0,74.0,74.0,16.5,,,2.0,1.0,36.0,36.0,32.9,,,2.0,38.0,
E3DAB4CCLA,4.0,,84.0,6.0,,,4,2.0,75.0,77.5,6.333333333333333,,,5.0,1.0,36.0,36.0,32.9,,,2.0,39.0,
E3DAB4CCLB,4.0,,82.0,9.5,,,4,2.0,75.0,77.5,6.333333333333333,,,5.0,1.0,36.0,36.0,32.9,,,2.0,39.0,
E3DAB4CCLC,4.0,,80.0,3.1666666666666665,,,6,2.0,75.0,77.5,6.333333333333333,,,5.0,1.0,36.0,36.0,32.9,,,2.0,39.0,
E3DBL4HELA,4.0,,63.0,19.5,,,2,2.0,66.5,66.5,14.5,,,2.0,1.0,48.0,48.0,29.0,,,2.0,18.5,
E3DBL4HELB,4.0,,64.0,16.5,,,2,2.0,66.5,66.5,14.5,,,2.0,1.0,48.0,48.0,29.0,,,2.0,18.5,
E3DBL4HFLA,4.0,,62.5,18.0,,,2,2.0,54.0,47.0,9.5,,,3.0,1.0,48.0,48.0,29.0,,,2.0,6.0,
E3DBL4HFLB,4.0,,60.5,21.5,,,4,2.0,54.0,47.0,9.5,,,3.0,1.0,48.0,48.0,29.0,,,2.0,6.0,
E3DBL4HGLA,4.0,77.5,74.0,15.333333333333334,,,9,2.0,59.5,59.5,19.5,,,4.0,1.0,48.0,48.0,29.0,,,2.0,11.5,18.0
E3DBL4HGLB,4.0,,62.0,18.5,,,2,2.0,59.5,59.5,19.5,,,4.0,1.0,48.0,48.0,29.0,,,2.0,11.5,
E3DBL4HHLA,4.0,,59.5,19.25,,,6,2.0,53.5,45.5,12.0,,,6.0,1.0,48.0,48.0,29.0,,,2.0,5.5,
E3DBL4HHLB,4.0,71.0,71.0,20.0,,,8,2.0,53.5,45.5,12.0,,,6.0,1.0,48.0,48.0,29.0,,,2.0,5.5,17.5
E3DBL4HHLC,4.0,,63.0,22.0,,,3,2.0,53.5,45.5,12.0,,,6.0,1.0,48.0,48.0,29.0,,,2.0,5.5,
E3DBL4HJLA,4.0,,68.0,19.5,,,3,2.0,66.0,66.0,15.0,,,4.0,1.0,48.0,48.0,29.0,,,2.0,18.0,
E3DBL4HJLB,4.0,70.0,69.5,9.6,,,9,2.0,66.0,66.0,15.0,,,4.0,1.0,48.0,48.0,29.0,,,2.0,18.0,4.0
E3DBL4HJLC,4.0,,64.0,14.5,,,2,2.0,66.0,66.0,15.0,,,4.0,1.0,48.0,48.0,29.0,,,2.0,18.0,
E3DBL4HKLA,4.0,,64.5,14.5,,,4,2.0,45.0,70.0,13.0625,,,11.0,1.0,48.0,48.0,29.0,,,2.0,-3.0,
E3DDL4RALA,4.0,83.0,80.0,10.0,,,5,2.0,60.0,60.0,16.5,,,2.0,1.0,41.0,19.25,30.203333333333333,,,8.0,19.0,23.0
E3DDL4RALB,4.0,79.5,85.5,7.625,,,7,2.0,60.0,60.0,16.5,,,2.0,1.0,41.0,19.25,30.203333333333333,,,8.0,19.0,19.5
E3DDL4RBLA,4.0,83.5,74.5,19.75,,,9,2.0,47.5,56.5,15.0,,,6.0,1.0,41.0,19.25,30.203333333333333,,,8.0,6.5,36.0
E3DDL4RBLB,4.0,71.5,83.5,11.5,,,7,2.0,47.5,56.5,15.0,,,6.0,1.0,41.0,19.25,30.203333333333333,,,8.0,6.5,24.0
E3DDL4RCLA,4.0,63.0,65.5,24.3125,,,11,2.0,52.0,60.5,13.75,,,3.0,1.0,41.0,19.25,30.203333333333333,,,8.0,11.0,11.0
E3GAL4EMLA,4.0,,67.5,11.5,,,4,2.0,64.0,64.0,13.0,,,2.0,1.0,61.0,61.0,20.5,,,2.0,3.0,
E3GAL4EMLB,4.0,,70.5,13.0,,,2,2.0,64.0,64.0,13.0,,,2.0,1.0,61.0,61.0,20.5,,,2.0,3.0,
E3GAL4ENLA,4.0,73.5,82.0,10.428571428571429,,,11,2.0,70.0,70.0,14.5,,,2.0,1.0,61.0,61.0,20.5,,,2.0,9.0,3.5
E3GAL4ENLB,4.0,87.5,76.5,5.785714285714286,,,13,2.0,70.0,70.0,14.5,,,2.0,1.0,61.0,61.0,20.5,,,2.0,9.0,17.5
E3GAL4ENLC,4.0,,73.0,11.5,,,4,2.0,70.0,70.0,14.5,,,2.0,1.0,61.0,61.0,20.5,,,2.0,9.0,
E3GAL4ENLD,4.0,,76.5,14.0,,,2,2.0,70.0,70.0,14.5,,,2.0,1.0,61.0,61.0,20.5,,,2.0,9.0,
E3GAL4EQLA,4.0,86.5,79.5,10.833333333333334,,,5,2.0,75.0,75.0,13.5,,,2.0,1.0,61.0,61.0,20.5,,,2.0,14.0,11.5
E3GAL4EQLB,4.0,,71.5,9.5,,,4,2.0,75.0,75.0,13.5,,,2.0,1.0,61.0,61.0,20.5,,,2.0,14.0,
E3GAL4EQLC,4.0,,84.5,10.5,,,4,2.0,75.0,75.0,13.5,,,2.0,1.0,61.0,61.0,20.5,,,2.0,14.0,
E3JFL4FPLA,4.0,,65.5,13.5,,,4,2.0,53.0,53.0,19.0,,,4.0,1.0,55.0,55.0,20.5,,,2.0,-2.0,
E3JFL4FPLB,4.0,,69.5,13.5,,,4,2.0,53.0,53.0,19.0,,,4.0,1.0,55.0,55.0,20.5,,,2.0,-2.0,
E3JHL4HALA,4.0,83.0,65.5,11.583333333333334,,,10,2.0,40.0,55.5,19.333333333333332,,,8.0,1.0,45.0,56.0,15.45,,,3.0,-5.0,43.0
E3JHL4HALB,4.0,71.5,61.0,18.083333333333332,,,9,2.0,40.0,55.5,19.333333333333332,,,8.0,1.0,45.0,56.0,15.45,,,3.0,-5.0,31.5
E3JHL4HBLA,4.0,75.5,70.0,17.7,,,7,2.0,27.5,53.0,20.333333333333332,,,8.0,1.0,45.0,56.0,15.45,,,3.0,-17.5,48.0
E3JHL4HBLB,4.0,82.5,77.5,11.944444444444445,,,14,2.0,27.5,53.0,20.333333333333332,,,8.0,1.0,45.0,56.0,15.45,,,3.0,-17.5,55.0
E3JHL4HBLC,4.0,79.0,65.5,20.375,,,6,2.0,27.5,53.0,20.333333333333332,,,8.0,1.0,45.0,56.0,15.45,,,3.0,-17.5,51.5
E3JHL4HCLA,4.0,81.0,78.5,13.35,,,14,2.0,47.5,51.0,24.8,,,8.0,1.0,45.0,56.0,15.45,,,3.0,2.5,33.5
E3JHL4HCLB,4.0,79.0,75.5,15.2,,,7,2.0,47.5,51.0,24.8,,,8.0,1.0,45.0,56.0,15.45,,,3.0,2.5,31.5
E3JQB4JALA,4.0,,89.0,8.0,,,4,2.0,72.0,87.5,7.0,,,5.0,1.0,50.199999999999996,50.199999999999996,39.233333333333334,,,6.0,21.800000000000004,
E3KAB4FALA,4.0,,83.5,9.0,,,2,2.0,73.5,80.0,8.125,,,7.0,1.0,44.0,44.0,30.6,,,2.0,29.5,
E3KAB4FALB,4.0,88.0,90.5,7.666666666666667,,,5,2.0,73.5,80.0,8.125,,,7.0,1.0,44.0,44.0,30.6,,,2.0,29.5,14.5
E3KAB4FALC,4.0,,83.5,7.0,,,4,2.0,73.5,80.0,8.125,,,7.0,1.0,44.0,44.0,30.6,,,2.0,29.5,
E3KAB4FALD,4.0,,81.0,10.5,,,2,2.0,73.5,80.0,8.125,,,7.0,1.0,44.0,44.0,30.6,,,2.0,29.5,
E3KAB4FBLA,4.0,86.0,86.5,7.25,,,17,2.0,73.0,73.0,17.5,,,4.0,1.0,44.0,44.0,30.6,,,2.0,29.0,13.0
E3KAB4FBLB,4.0,88.5,82.5,8.666666666666666,,,5,2.0,73.0,73.0,17.5,,,4.0,1.0,44.0,44.0,30.6,,,2.0,29.0,15.5
E3KAB4FBLE,4.0,86.0,84.0,11.375,,,7,2.0,73.0,73.0,17.5,,,4.0,1.0,44.0,44.0,30.6,,,2.0,29.0,13.0
E3KFL5AALA,4.0,80.5,82.0,9.166666666666666,,,10,2.0,78.0,78.0,8.0,,,4.0,1.0,62.0,80.13,10.484,,,7.0,16.0,2.5
E3KFL5AALB,4.0,84.0,79.0,8.333333333333334,,,5,2.0,78.0,78.0,8.0,,,4.0,1.0,62.0,80.13,10.484,,,7.0,16.0,6.0
E3KFL5ABLC,4.0,74.0,75.0,12.166666666666666,,,5,2.0,82.0,82.0,10.5,,,2.0,1.0,62.0,80.13,10.484,,,7.0,20.0,-8.0
E3KFL5ABLD,4.0,,80.0,11.0,,,2,2.0,82.0,82.0,10.5,,,2.0,1.0,62.0,80.13,10.484,,,7.0,20.0,
E3KFL5ACLA,4.0,77.5,72.0,12.75,,,7,2.0,81.0,81.0,11.0,,,2.0,1.0,62.0,80.13,10.484,,,7.0,19.0,-3.5
E3KFL5ACLB,4.0,75.0,74.0,8.166666666666666,,,5,2.0,81.0,81.0,11.0,,,2.0,1.0,62.0,80.13,10.484,,,7.0,19.0,-6.0
E3KFL5ACLC,4.0,,82.0,9.0,,,4,2.0,81.0,81.0,11.0,,,2.0,1.0,62.0,80.13,10.484,,,7.0,19.0,
E3KFL5ACLD,4.0,,70.5,17.5,,,2,2.0,81.0,81.0,11.0,,,2.0,1.0,62.0,80.13,10.484,,,7.0,19.0,
E3KFL5ACLE,4.0,,79.5,13.0,,,4,2.0,81.0,81.0,11.0,,,2.0,1.0,62.0,80.13,10.484,,,7.0,19.0,
E3KFL5ADLA,4.0,,75.5,16.5,,,2,2.0,82.5,82.5,7.5,,,4.0,1.0,62.0,80.13,10.484,,,7.0,20.5,
E3KFL5ADLB,4.0,,77.0,13.0,,,2,2.0,82.5,82.5,7.5,,,4.0,1.0,62.0,80.13,10.484,,,7.0,20.5,
E3KFL5AELA,4.0,,73.5,10.0,,,4,2.0,76.5,76.5,8.5,,,2.0,1.0,62.0,80.13,10.484,,,7.0,14.5,
E3KFL5AELB,4.0,,80.0,8.5,,,2,2.0,76.5,76.5,8.5,,,2.0,1.0,62.0,80.13,10.484,,,7.0,14.5,
E3KFL5AFLA,4.0,79.5,77.0,6.5,,,5,2.0,84.5,80.0,5.166666666666667,,,5.0,1.0,62.0,80.13,10.484,,,7.0,22.5,-5.0
E3KFL5AFLB,4.0,81.0,73.5,7.5,,,5,2.0,84.5,80.0,5.166666666666667,,,5.0,1.0,62.0,80.13,10.484,,,7.0,22.5,-3.5
E3KFL5AFLC,4.0,87.0,85.0,5.8,,,8,2.0,84.5,80.0,5.166666666666667,,,5.0,1.0,62.0,80.13,10.484,,,7.0,22.5,2.5
E3KFL5AFLD,4.0,,85.0,5.0,,,2,2.0,84.5,80.0,5.166666666666667,,,5.0,1.0,62.0,80.13,10.484,,,7.0,22.5,
E3KFL5AFLE,4.0,,74.0,9.5,,,2,2.0,84.5,80.0,5.166666666666667,,,5.0,1.0,62.0,80.13,10.484,,,7.0,22.5,
E3KFL5AGLA,4.0,,80.0,11.0,,,4,2.0,83.0,83.0,6.0,,,2.0,1.0,62.0,80.13,10.484,,,7.0,21.0,
E3LAB4SALA,4.0,,86.5,6.5,,,4,2.0,79.0,86.5,5.0,,,5.0,1.0,57.0,61.0,15.049999999999999,,,3.0,22.0,
E3LAB4SALB,4.0,85.5,89.5,6.5,,,10,2.0,79.0,86.5,5.0,,,5.0,1.0,57.0,61.0,15.049999999999999,,,3.0,22.0,6.5
E3LAB4SALC,4.0,,87.5,8.5,,,2,2.0,79.0,86.5,5.0,,,5.0,1.0,57.0,61.0,15.049999999999999,,,3.0,22.0,
E3LAB4SBLA,4.0,,89.0,7.5,,,4,2.0,82.5,82.5,11.0,,,4.0,1.0,57.0,61.0,15.049999999999999,,,3.0,25.5,
E3LAB4SBLB,4.0,90.0,90.5,6.666666666666667,,,5,2.0,82.5,82.5,11.0,,,4.0,1.0,57.0,61.0,15.049999999999999,,,3.0,25.5,7.5
E3LAB4SBLC,4.0,,83.5,6.0,,,2,2.0,82.5,82.5,11.0,,,4.0,1.0,57.0,61.0,15.049999999999999,,,3.0,25.5,
E3LAB4SBLD,4.0,,84.0,8.0,,,2,2.0,82.5,82.5,11.0,,,4.0,1.0,57.0,61.0,15.049999999999999,,,3.0,25.5,
E3LKL4EMLA,4.0,,68.5,12.0,,,6,2.0,55.0,48.0,9.25,,,6.0,1.0,53.0,53.0,26.9,,,2.0,2.0,
E3LKL4EMLB,4.0,,70.0,11.25,,,6,2.0,55.0,48.0,9.25,,,6.0,1.0,53.0,53.0,26.9,,,2.0,2.0,
E3LKL4ENLA,4.0,,62.5,13.25,,,3,2.0,52.0,52.0,15.0,,,2.0,1.0,53.0,53.0,26.9,,,2.0,-1.0,
E3LKL4ENLB,4.0,,61.5,18.75,,,6,2.0,52.0,52.0,15.0,,,2.0,1.0,53.0,53.0,26.9,,,2.0,-1.0,
E3LKL4EPLA,4.0,67.0,71.5,11.041666666666666,,,18,2.0,36.0,53.0,19.333333333333332,,,4.0,1.0,53.0,53.0,26.9,,,2.0,-17.0,31.0
E3LKL4EPLB,4.0,82.0,72.5,10.25,,,7,2.0,36.0,53.0,19.333333333333332,,,4.0,1.0,53.0,53.0,26.9,,,2.0,-17.0,46.0
E3LKL4EQLA,4.0,75.5,68.5,12.0,,,7,2.0,33.0,57.0,9.5,,,4.0,1.0,53.0,53.0,26.9,,,2.0,-20.0,42.5
E3LKL4EQLB,4.0,,60.5,15.5,,,2,2.0,33.0,57.0,9.5,,,4.0,1.0,53.0,53.0,26.9,,,2.0,-20.0,
E3LKL4EQLC,4.0,81.5,81.5,11.166666666666666,,,5,2.0,33.0,57.0,9.5,,,4.0,1.0,53.0,53.0,26.9,,,2.0,-20.0,48.5
E3LKL4EQLD,4.0,,70.5,14.0,,,3,2.0,33.0,57.0,9.5,,,4.0,1.0,53.0,53.0,26.9,,,2.0,-20.0,
E3LKL4EQLE,4.0,,73.0,14.25,,,6,2.0,33.0,57.0,9.5,,,4.0,1.0,53.0,53.0,26.9,,,2.0,-20.0,
E3LKL4ERLA,4.0,84.5,60.0,10.875,,,6,2.0,36.5,53.5,16.0,,,8.0,1.0,53.0,53.0,26.9,,,2.0,-16.5,48.0
E3LKL4ERLB,4.0,90.0,66.0,8.25,,,10,2.0,36.5,53.5,16.0,,,8.0,1.0,53.0,53.0,26.9,,,2.0,-16.5,53.5
E3LKL4ESLA,4.0,,64.0,12.0,,,2,2.0,27.0,64.5,18.083333333333332,,,8.0,1.0,53.0,53.0,26.9,,,2.0,-26.0,
E3LKL4ESLB,4.0,73.5,69.5,14.0,,,5,2.0,27.0,64.5,18.083333333333332,,,8.0,1.0,53.0,53.0,26.9,,,2.0,-26.0,46.5
E3MHL4GYLA,4.0,,66.5,11.0,,,2,2.0,46.0,53.5,19.0,,,6.0,1.0,57.0,57.0,17.5,,,2.0,-11.0,
E3MHL4GYLB,4.0,83.0,64.5,8.75,,,7,2.0,46.0,53.5,19.0,,,6.0,1.0,57.0,57.0,17.5,,,2.0,-11.0,37.0
E3NBL4DLLA,4.0,,79.5,7.0,,,2,2.0,86.0,86.0,7.5,,,4.0,1.0,74.0,74.0,13.0,,,2.0,12.0,
E3NBL4DLLB,4.0,95.0,85.0,6.9,,,8,2.0,86.0,86.0,7.5,,,4.0,1.0,74.0,74.0,13.0,,,2.0,12.0,9.0
E3NBL4DLLC,4.0,,79.5,3.0,,,2,2.0,86.0,86.0,7.5,,,4.0,1.0,74.0,74.0,13.0,,,2.0,12.0,
E3NBL4DMLA,4.0,92.0,71.5,6.333333333333333,,,10,2.0,85.5,85.5,7.0,,,2.0,1.0,74.0,74.0,13.0,,,2.0,11.5,6.5
E3NBL4DMLB,4.0,87.0,85.0,5.416666666666667,,,10,2.0,85.5,85.5,7.0,,,2.0,1.0,74.0,74.0,13.0,,,2.0,11.5,1.5
E3NBL4DMLF,4.0,,83.0,7.0,,,4,2.0,85.5,85.5,7.0,,,2.0,1.0,74.0,74.0,13.0,,,2.0,11.5,
E3PGB4EALA,4.0,88.0,69.5,10.333333333333334,,,5,2.0,68.5,68.5,16.5,,,4.0,1.0,31.0,51.0,22.65,,,6.0,37.5,19.5
E3PGB4EALB,4.0,,80.5,8.0,,,4,2.0,68.5,68.5,16.5,,,4.0,1.0,31.0,51.0,22.65,,,6.0,37.5,
E3QBL4WBLA,4.0,,63.5,20.5,,,3,2.0,42.0,61.0,17.9375,,,11.0,1.0,21.0,34.0,26.1,,,6.0,21.0,
E3QBL4WBLB,4.0,,61.0,23.0,,,3,2.0,42.0,61.0,17.9375,,,11.0,1.0,21.0,34.0,26.1,,,6.0,21.0,
E3QBL4WBLD,4.0,,73.0,19.0,,,2,2.0,42.0,61.0,17.9375,,,11.0,1.0,21.0,34.0,26.1,,,6.0,21.0,
E3QBL4WELA,4.0,,69.0,11.0,,,4,2.0,56.0,73.0,10.625,,,6.0,1.0,21.0,34.0,26.1,,,6.0,35.0,
E3SDL4DHLC,4.0,85.0,85.0,12.3,,,9,2.0,69.5,69.5,22.0,,,2.0,1.0,65.0,65.0,16.900000000000002,,,2.0,4.5,15.5
E3SDL4DHLD,4.0,80.5,81.5,11.0,,,9,2.0,69.5,69.5,22.0,,,2.0,1.0,65.0,65.0,16.900000000000002,,,2.0,4.5,11.0
E3SDL4DJLA,4.0,,81.5,8.5,,,2,2.0,72.0,72.0,15.5,,,2.0,1.0,65.0,65.0,16.900000000000002,,,2.0,7.0,
E3SDL4DJLB,4.0,83.5,69.0,9.333333333333334,,,11,2.0,72.0,72.0,15.5,,,2.0,1.0,65.0,65.0,16.900000000000002,,,2.0,7.0,11.5
E3SDL4DJLC,4.0,,82.0,10.0,,,4,2.0,72.0,72.0,15.5,,,2.0,1.0,65.0,65.0,16.900000000000002,,,2.0,7.0,
E3SDL4DJLD,4.0,,68.0,8.5,,,4,2.0,72.0,72.0,15.5,,,2.0,1.0,65.0,65.0,16.900000000000002,,,2.0,7.0,
E3TDL4GQLC,4.0,52.5,60.0,17.25,,,10,2.0,68.5,68.5,10.5,,,4.0,1.0,36.0,38.0,21.449999999999996,,,6.0,32.5,-16.0
E3TDL4GQLD,4.0,81.0,54.0,13.35,,,16,2.0,68.5,68.5,10.5,,,4.0,1.0,36.0,38.0,21.449999999999996,,,6.0,32.5,12.5
E3TDL4GSLA,4.0,,68.5,9.5,,,4,2.0,55.0,55.0,25.0,,,4.0,1.0,36.0,38.0,21.449999999999996,,,6.0,19.0,
E3TDL4GSLB,4.0,72.5,72.5,13.666666666666666,,,8,2.0,55.0,55.0,25.0,,,4.0,1.0,36.0,38.0,21.449999999999996,,,6.0,19.0,17.5
E3TDL4GTLC,4.0,,64.5,17.75,,,6,2.0,51.0,51.0,25.0,,,2.0,1.0,36.0,38.0,21.449999999999996,,,6.0,15.0,
E3TDL4GTLD,4.0,,59.5,22.5,,,6,2.0,51.0,51.0,25.0,,,2.0,1.0,36.0,38.0,21.449999999999996,,,6.0,15.0,
E3TDL4GTLE,4.0,,63.5,12.0,,,4,2.0,51.0,51.0,25.0,,,2.0,1.0,36.0,38.0,21.449999999999996,,,6.0,15.0,
E3TDL4GULA,4.0,63.0,63.0,15.5,,,4,2.0,53.5,53.5,24.5,,,4.0,1.0,36.0,38.0,21.449999999999996,,,6.0,17.5,9.5
E3TDL4GULB,4.0,,71.0,16.5,,,6,2.0,53.5,53.5,24.5,,,4.0,1.0,36.0,38.0,21.449999999999996,,,6.0,17.5,
E3TDL4GVLA,4.0,,63.0,20.0,,,2,2.0,60.0,60.0,26.5,,,2.0,1.0,36.0,38.0,21.449999999999996,,,6.0,24.0,
E3TDL4GVLB,4.0,,70.0,15.5,,,9,2.0,60.0,60.0,26.5,,,2.0,1.0,36.0,38.0,21.449999999999996,,,6.0,24.0,
E3ULL4FWLA,4.0,,79.5,14.75,,,6,2.0,59.0,59.0,22.0,,,4.0,1.0,51.0,51.0,28.7,,,4.0,8.0,
E3ULL4FWLB,4.0,,82.0,17.5,,,3,2.0,59.0,59.0,22.0,,,4.0,1.0,51.0,51.0,28.7,,,4.0,8.0,
E3ULL4FXLA,4.0,,60.0,18.5,,,2,2.0,59.5,59.5,24.5,,,2.0,1.0,51.0,51.0,28.7,,,4.0,8.5,
E3ULL4FXLB,4.0,,63.5,18.5,,,4,2.0,59.5,59.5,24.5,,,2.0,1.0,51.0,51.0,28.7,,,4.0,8.5,
E3ULL4FXLC,4.0,80.0,78.0,16.5,,,6,2.0,59.5,59.5,24.5,,,2.0,1.0,51.0,51.0,28.7,,,4.0,8.5,20.5
E3ULL4FYLA,4.0,,79.5,18.0,,,3,2.0,55.5,55.5,29.5,,,2.0,1.0,51.0,51.0,28.7,,,4.0,4.5,
E3ULL4FYLB,4.0,,63.5,20.0,,,2,2.0,55.5,55.5,29.5,,,2.0,1.0,51.0,51.0,28.7,,,4.0,4.5,
E3ULL4FZLA,4.0,,64.0,26.5,,,2,2.0,72.0,72.0,13.0,,,4.0,1.0,51.0,51.0,28.7,,,4.0,21.0,
E3ULL4FZLB,4.0,86.0,66.5,12.222222222222221,,,16,2.0,72.0,72.0,13.0,,,4.0,1.0,51.0,51.0,28.7,,,4.0,21.0,14.0
E3ULL4FZLC,4.0,,72.0,17.5,,,6,2.0,72.0,72.0,13.0,,,4.0,1.0,51.0,51.0,28.7,,,4.0,21.0,
E3ULL4FZLD,4.0,,72.0,13.5,,,4,2.0,72.0,72.0,13.0,,,4.0,1.0,51.0,51.0,28.7,,,4.0,21.0,
E3ULL4FZLE,4.0,,68.5,17.0,,,4,2.0,72.0,72.0,13.0,,,4.0,1.0,51.0,51.0,28.7,,,4.0,21.0,
E3ULL4GALA,4.0,,67.5,17.0,,,2,2.0,60.5,60.5,18.0,,,2.0,1.0,51.0,51.0,28.7,,,4.0,9.5,
E3ULL4GALB,4.0,,62.0,16.0,,,2,2.0,60.5,60.5,18.0,,,2.0,1.0,51.0,51.0,28.7,,,4.0,9.5,
E3VQL5FPLA,4.0,80.0,87.5,6.166666666666667,,,5,2.0,85.0,85.0,6.0,,,4.0,1.0,72.0,87.0,6.487500000000001,,,6.0,13.0,-5.0
E3VQL5FPLB,4.0,87.5,75.5,7.166666666666667,,,10,2.0,85.0,85.0,6.0,,,4.0,1.0,72.0,87.0,6.487500000000001,,,6.0,13.0,2.5
E3VQL5FPLC,4.0,,88.5,5.5,,,2,2.0,85.0,85.0,6.0,,,4.0,1.0,72.0,87.0,6.487500000000001,,,6.0,13.0,
E3VQL5FQLA,4.0,75.0,71.0,9.0,,,5,2.0,87.0,87.0,6.0,,,2.0,1.0,72.0,87.0,6.487500000000001,,,6.0,15.0,-12.0
E3VQL5FQLB,4.0,80.5,70.0,8.166666666666666,,,5,2.0,87.0,87.0,6.0,,,2.0,1.0,72.0,87.0,6.487500000000001,,,6.0,15.0,-6.5
E3VQL5FQLC,4.0,85.5,77.0,4.333333333333333,,,5,2.0,87.0,87.0,6.0,,,2.0,1.0,72.0,87.0,6.487500000000001,,,6.0,15.0,-1.5
E3VQL5FSLA,4.0,,78.5,6.5,,,2,2.0,79.5,71.5,5.166666666666667,,,5.0,1.0,72.0,87.0,6.487500000000001,,,6.0,7.5,
E3VQL5FSLB,4.0,,74.0,11.5,,,2,2.0,79.5,71.5,5.166666666666667,,,5.0,1.0,72.0,87.0,6.487500000000001,,,6.0,7.5,
E3VQL5FTLA,4.0,,83.0,7.5,,,4,2.0,83.0,83.0,5.5,,,2.0,1.0,72.0,87.0,6.487500000000001,,,6.0,11.0,
E3VQL5FTLB,4.0,,83.0,6.0,,,4,2.0,83.0,83.0,5.5,,,2.0,1.0,72.0,87.0,6.487500000000001,,,6.0,11.0,
E3VQL5FUEA,4.0,,82.0,9.0,,,4,2.0,82.0,89.5,1.875,,,7.0,1.0,72.0,87.0,6.487500000000001,,,6.0,10.0,
E3VQL5FUEB,4.0,,87.0,5.0,,,2,2.0,82.0,89.5,1.875,,,7.0,1.0,72.0,87.0,6.487500000000001,,,6.0,10.0,
E3VQL5FULA,4.0,88.5,90.5,4.0,,,5,2.0,82.0,89.5,1.875,,,7.0,1.0,72.0,87.0,6.487500000000001,,,6.0,10.0,6.5
E3VQL5FULB,4.0,,87.0,4.0,,,2,2.0,82.0,89.5,1.875,,,7.0,1.0,72.0,87.0,6.487500000000001,,,6.0,10.0,
E3VQL5FVLA,4.0,91.5,83.0,4.833333333333333,,,5,2.0,88.0,88.0,4.5,,,4.0,1.0,72.0,87.0,6.487500000000001,,,6.0,16.0,3.5
E3VQL5FVLB,4.0,81.5,69.5,8.666666666666666,,,5,2.0,88.0,88.0,4.5,,,4.0,1.0,72.0,87.0,6.487500000000001,,,6.0,16.0,-6.5
E3WPL4GCLA,4.0,,65.5,18.0,,,4,2.0,59.0,59.0,22.0,,,4.0,1.0,40.0,40.0,35.8,,,4.0,19.0,
E3WPL4GCLB,4.0,,65.5,18.0,,,2,2.0,59.0,59.0,22.0,,,4.0,1.0,40.0,40.0,35.8,,,4.0,19.0,
E3WPL4GCLC,4.0,,66.0,20.5,,,4,2.0,59.0,59.0,22.0,,,4.0,1.0,40.0,40.0,35.8,,,4.0,19.0,
E3WPL4GDLA,4.0,,74.5,14.0,,,2,2.0,58.0,58.0,18.5,,,4.0,1.0,40.0,40.0,35.8,,,4.0,18.0,
E3WPL4GDLB,4.0,,67.5,20.5,,,4,2.0,58.0,58.0,18.5,,,4.0,1.0,40.0,40.0,35.8,,,4.0,18.0,
E3WPL4GELG,4.0,,64.5,18.25,,,6,2.0,66.0,66.0,13.5,,,2.0,1.0,40.0,40.0,35.8,,,4.0,26.0,
E3WPL4GELH,4.0,,69.5,18.25,,,6,2.0,66.0,66.0,13.5,,,2.0,1.0,40.0,40.0,35.8,,,4.0,26.0,
E3WPL4GELJ,4.0,,63.5,19.0,,,4,2.0,66.0,66.0,13.5,,,2.0,1.0,40.0,40.0,35.8,,,4.0,26.0,
E3WPL4GFLA,4.0,,61.5,18.25,,,6,2.0,65.0,65.0,20.5,,,4.0,1.0,40.0,40.0,35.8,,,4.0,25.0,
E3WPL4GHLA,4.0,,64.5,19.5,,,2,2.0,69.5,69.5,20.0,,,2.0,1.0,40.0,40.0,35.8,,,4.0,29.5,
E3WPL4GHLB,4.0,,65.0,19.5,,,4,2.0,69.5,69.5,20.0,,,2.0,1.0,40.0,40.0,35.8,,,4.0,29.5,
E3ZEL4DPLA,4.0,62.5,62.5,12.166666666666666,,,8,2.0,41.0,41.0,13.666666666666666,,,4.0,1.0,54.0,52.0,16.599999999999998,,,6.0,-13.0,21.5
E3ZEL4DPLB,4.0,53.5,57.0,11.772727272727273,,,14,2.0,41.0,41.0,13.666666666666666,,,4.0,1.0,54.0,52.0,16.599999999999998,,,6.0,-13.0,12.5
E3ZEL4DPLC,4.0,,63.0,12.75,,,6,2.0,41.0,41.0,13.666666666666666,,,4.0,1.0,54.0,52.0,16.599999999999998,,,6.0,-13.0,
E3ZEL4DQEA,4.0,,63.0,20.5,,,3,2.0,59.5,59.5,21.0,,,4.0,1.0,54.0,52.0,16.599999999999998,,,6.0,5.5,
E3ZEL4DQEB,4.0,,71.0,15.5,,,3,2.0,59.5,59.5,21.0,,,4.0,1.0,54.0,52.0,16.599999999999998,,,6.0,5.5,
E3ZEL4DQLA,4.0,,58.0,18.5,,,4,2.0,59.5,59.5,21.0,,,4.0,1.0,54.0,52.0,16.599999999999998,,,6.0,5.5,
E3ZEL4DQLB,4.0,,65.5,15.0,,,2,2.0,59.5,59.5,21.0,,,4.0,1.0,54.0,52.0,16.599999999999998,,,6.0,5.5,
E3ZEL4DQLC,4.0,,57.0,21.5,,,4,2.0,59.5,59.5,21.0,,,4.0,1.0,54.0,52.0,16.599999999999998,,,6.0,5.5,
E3ZEL4DRLA,4.0,,52.5,19.0,,,2,2.0,55.0,55.0,16.5,,,4.0,1.0,54.0,52.0,16.599999999999998,,,6.0,1.0,
E3ZEL4DRLB,4.0,,53.5,23.0,,,2,2.0,55.0,55.0,16.5,,,4.0,1.0,54.0,52.0,16.599999999999998,,,6.0,1.0,
E3ZEL4DSLA,4.0,,74.5,11.333333333333334,,,4,2.0,63.5,63.5,18.25,,,4.0,1.0,54.0,52.0,16.599999999999998,,,6.0,9.5,
E3ZEL4DSLB,4.0,,61.0,13.5,,,2,2.0,63.5,63.5,18.25,,,4.0,1.0,54.0,52.0,16.599999999999998,,,6.0,9.5,
E3ZEL4DSLC,4.0,,70.0,11.5,,,2,2.0,63.5,63.5,18.25,,,4.0,1.0,54.0,52.0,16.599999999999998,,,6.0,9.5,
E3ZEL4DTLA,4.0,,62.0,14.5,,,2,2.0,41.5,64.5,13.0,,,3.0,1.0,54.0,52.0,16.599999999999998,,,6.0,-12.5,
E3ZEL4DTLB,4.0,,67.5,13.5,,,2,2.0,41.5,64.5,13.0,,,3.0,1.0,54.0,52.0,16.599999999999998,,,6.0,-12.5,
E3ZEL4DTLC,4.0,,62.0,12.5,,,2,2.0,41.5,64.5,13.0,,,3.0,1.0,54.0,52.0,16.599999999999998,,,6.0,-12.5,
E3ZEL4DULD,4.0,,61.5,10.5,,,4,2.0,62.0,62.0,26.0,,,4.0,1.0,54.0,52.0,16.599999999999998,,,6.0,8.0,
E3ZEL4DULE,4.0,,57.5,11.5,,,4,2.0,62.0,62.0,26.0,,,4.0,1.0,54.0,52.0,16.599999999999998,,,6.0,8.0,
E3ZEL4DULF,4.0,,59.5,19.5,,,4,2.0,62.0,62.0,26.0,,,4.0,1.0,54.0,52.0,16.599999999999998,,,6.0,8.0,
E3ZEL4DULJ,4.0,67.0,67.0,15.666666666666666,,,4,2.0,62.0,62.0,26.0,,,4.0,1.0,54.0,52.0,16.599999999999998,,,6.0,8.0,5.0
E3ZEL4DVLA,4.0,65.0,65.0,12.333333333333334,,,4,2.0,50.0,50.0,23.5,,,4.0,1.0,54.0,52.0,16.599999999999998,,,6.0,-4.0,15.0
E3ZEL4DVLB,4.0,,63.0,20.5,,,2,2.0,50.0,50.0,23.5,,,4.0,1.0,54.0,52.0,16.599999999999998,,,6.0,-4.0,
E3ZNL4DPLA,4.0,54.5,60.0,15.25,,,5,2.0,37.5,55.5,23.25,,,3.0,1.0,46.0,46.0,29.2,,,2.0,-8.5,17.0
E3ZNL4DPLB,4.0,,63.0,20.0,,,6,2.0,37.5,55.5,23.25,,,3.0,1.0,46.0,46.0,29.2,,,2.0,-8.5,
E3ZNL4DQLA,4.0,,63.5,16.5,,,4,2.0,62.5,62.5,17.5,,,4.0,1.0,46.0,46.0,29.2,,,2.0,16.5,
E3ZNL4DQLB,4.0,,63.0,24.0,,,4,2.0,62.5,62.5,17.5,,,4.0,1.0,46.0,46.0,29.2,,,2.0,16.5,
E3ZNL4DRLA,4.0,,71.5,18.75,,,3,2.0,56.0,50.5,15.5,,,3.0,1.0,46.0,46.0,29.2,,,2.0,10.0,
E3ZNL4DRLB,4.0,,60.0,22.5,,,2,2.0,56.0,50.5,15.5,,,3.0,1.0,46.0,46.0,29.2,,,2.0,10.0,
E3ZNL4DSLA,4.0,,73.0,14.25,,,3,2.0,69.0,69.0,17.5,,,4.0,1.0,46.0,46.0,29.2,,,2.0,23.0,
E3ZNL4DTLA,4.0,,65.5,16.0,,,2,2.0,52.0,51.5,15.25,,,6.0,1.0,46.0,46.0,29.2,,,2.0,6.0,
E3ZNL4DTLB,4.0,,69.5,12.25,,,6,2.0,52.0,51.5,15.25,,,6.0,1.0,46.0,46.0,29.2,,,2.0,6.0,
E3ZNL4DULA,4.0,,68.0,16.0,,,4,2.0,29.5,51.5,19.666666666666668,,,8.0,1.0,46.0,46.0,29.2,,,2.0,-16.5,
E3ZNL4DULB,4.0,,66.5,14.0,,,2,2.0,29.5,51.5,19.666666666666668,,,8.0,1.0,46.0,46.0,29.2,,,2.0,-16.5,
E3ZRL4FHLA,4.0,,78.5,5.0,,,2,2.0,59.5,59.5,7.5,,,4.0,1.0,63.0,63.0,15.7,,,2.0,-3.5,
E3ZRL4FHLB,4.0,,66.5,9.0,,,2,2.0,59.5,59.5,7.5,,,4.0,1.0,63.0,63.0,15.7,,,2.0,-3.5,
E3ZRL4FHLC,4.0,,70.0,12.5,,,2,2.0,59.5,59.5,7.5,,,4.0,1.0,63.0,63.0,15.7,,,2.0,-3.5,
E3ZRL4FJLA,4.0,,68.0,16.5,,,2,2.0,64.5,64.5,11.0,,,2.0,1.0,63.0,63.0,15.7,,,2.0,1.5,
E3ZRL4FJLB,4.0,,74.5,11.0,,,4,2.0,64.5,64.5,11.0,,,2.0,1.0,63.0,63.0,15.7,,,2.0,1.5,
E3ZRL4FKLA,4.0,,82.0,6.5,,,2,2.0,67.5,67.5,6.0,,,2.0,1.0,63.0,63.0,15.7,,,2.0,4.5,
E3ZRL4FKLB,4.0,,83.0,6.0,,,4,2.0,67.5,67.5,6.0,,,2.0,1.0,63.0,63.0,15.7,,,2.0,4.5,
E3ZRL4FLLA,4.0,,62.5,10.0,,,2,2.0,76.5,76.5,8.0,,,4.0,1.0,63.0,63.0,15.7,,,2.0,13.5,
E3ZRL4FLLB,4.0,,68.0,9.0,,,2,2.0,76.5,76.5,8.0,,,4.0,1.0,63.0,63.0,15.7,,,2.0,13.5,
E3ZRL4FMLR,4.0,,88.0,11.0,,,3,2.0,76.5,76.5,9.5,,,2.0,1.0,63.0,63.0,15.7,,,2.0,13.5,
E416L5NCLA,4.0,,66.0,26.75,,,6,2.0,72.5,72.5,15.5,,,2.0,1.0,44.0,55.0,17.305000000000007,,,3.0,28.5,
E416L5NCLB,4.0,,63.5,23.5,,,6,2.0,72.5,72.5,15.5,,,2.0,1.0,44.0,55.0,17.305000000000007,,,3.0,28.5,
E416L5NCLC,4.0,,66.5,28.5,,,4,2.0,72.5,72.5,15.5,,,2.0,1.0,44.0,55.0,17.305000000000007,,,3.0,28.5,
E416L5NCLD,4.0,,62.0,30.5,,,4,2.0,72.5,72.5,15.5,,,2.0,1.0,44.0,55.0,17.305000000000007,,,3.0,28.5,
E416L5NDLA,4.0,,65.0,20.5,,,2,2.0,66.5,66.5,20.5,,,2.0,1.0,44.0,55.0,17.305000000000007,,,3.0,22.5,
E416L5NDLB,4.0,,64.5,20.0,,,4,2.0,66.5,66.5,20.5,,,2.0,1.0,44.0,55.0,17.305000000000007,,,3.0,22.5,
E416L5NDLC,4.0,,71.0,24.0,,,3,2.0,66.5,66.5,20.5,,,2.0,1.0,44.0,55.0,17.305000000000007,,,3.0,22.5,
E416L5NELA,4.0,,62.5,28.75,,,3,2.0,58.5,58.5,27.5,,,4.0,1.0,44.0,55.0,17.305000000000007,,,3.0,14.5,
E416L5NELB,4.0,,63.5,25.5,,,4,2.0,58.5,58.5,27.5,,,4.0,1.0,44.0,55.0,17.305000000000007,,,3.0,14.5,
E416L5NELC,4.0,,60.5,27.25,,,3,2.0,58.5,58.5,27.5,,,4.0,1.0,44.0,55.0,17.305000000000007,,,3.0,14.5,
E416L5NFLA,4.0,,66.0,19.5,,,2,2.0,68.0,68.0,21.5,,,2.0,1.0,44.0,55.0,17.305000000000007,,,3.0,24.0,
E416L5NFLB,4.0,,64.0,26.5,,,2,2.0,68.0,68.0,21.5,,,2.0,1.0,44.0,55.0,17.305000000000007,,,3.0,24.0,
E416L5NFLC,4.0,,62.5,26.0,,,2,2.0,68.0,68.0,21.5,,,2.0,1.0,44.0,55.0,17.305000000000007,,,3.0,24.0,
E416L5NGLA,4.0,,63.5,24.75,,,3,2.0,74.0,74.0,16.0,,,2.0,1.0,44.0,55.0,17.305000000000007,,,3.0,30.0,
E416L5NGLB,4.0,,65.5,23.5,,,2,2.0,74.0,74.0,16.0,,,2.0,1.0,44.0,55.0,17.305000000000007,,,3.0,30.0,
E416L5NGLC,4.0,,61.0,24.5,,,4,2.0,74.0,74.0,16.0,,,2.0,1.0,44.0,55.0,17.305000000000007,,,3.0,30.0,
E416L5NGLD,4.0,,61.0,24.5,,,2,2.0,74.0,74.0,16.0,,,2.0,1.0,44.0,55.0,17.305000000000007,,,3.0,30.0,
E416L5NHLA,4.0,,76.5,21.0,,,3,2.0,58.0,58.0,21.5,,,4.0,1.0,44.0,55.0,17.305000000000007,,,3.0,14.0,
E416L5NHLB,4.0,,66.5,21.5,,,2,2.0,58.0,58.0,21.5,,,4.0,1.0,44.0,55.0,17.305000000000007,,,3.0,14.0,
E416L5NHLC,4.0,,73.0,21.5,,,3,2.0,58.0,58.0,21.5,,,4.0,1.0,44.0,55.0,17.305000000000007,,,3.0,14.0,
E416L5NHLD,4.0,,61.5,25.5,,,2,2.0,58.0,58.0,21.5,,,4.0,1.0,44.0,55.0,17.305000000000007,,,3.0,14.0,
E416L5NJLA,4.0,,61.0,26.5,,,4,2.0,66.0,66.0,23.0,,,2.0,1.0,44.0,55.0,17.305000000000007,,,3.0,22.0,
E416L5NJLB,4.0,,68.5,23.5,,,3,2.0,66.0,66.0,23.0,,,2.0,1.0,44.0,55.0,17.305000000000007,,,3.0,22.0,
E416L5NJLC,4.0,,61.0,30.0,,,4,2.0,66.0,66.0,23.0,,,2.0,1.0,44.0,55.0,17.305000000000007,,,3.0,22.0,
E426L5LRLA,4.0,83.0,82.0,11.125,,,7,2.0,57.5,57.5,16.5,,,2.0,1.0,35.0,66.0,18.875,,,3.0,22.5,25.5
E426L5LRLB,4.0,79.5,77.5,11.25,,,12,2.0,57.5,57.5,16.5,,,2.0,1.0,35.0,66.0,18.875,,,3.0,22.5,22.0
E429L5HBLA,4.0,,78.0,11.5,,,4,2.0,81.0,81.0,7.0,,,2.0,1.0,83.0,83.0,12.0,,,4.0,-2.0,
E429L5HBLC,4.0,90.5,87.0,6.666666666666667,,,5,2.0,81.0,81.0,7.0,,,2.0,1.0,83.0,83.0,12.0,,,4.0,-2.0,9.5
E429L5HBLD,4.0,,89.0,8.0,,,2,2.0,81.0,81.0,7.0,,,2.0,1.0,83.0,83.0,12.0,,,4.0,-2.0,
E436L6AVLA,4.0,,72.0,14.0,,,4,2.0,67.0,67.0,24.5,,,2.0,1.0,36.0,64.0,23.247142857142855,,,10.0,31.0,
E436L6AVLB,4.0,,75.0,11.0,,,2,2.0,67.0,67.0,24.5,,,2.0,1.0,36.0,64.0,23.247142857142855,,,10.0,31.0,
E436L6AWLA,4.0,,67.0,21.0,,,2,2.0,60.5,60.5,22.0,,,4.0,1.0,36.0,64.0,23.247142857142855,,,10.0,24.5,
E453L6BHLA,4.0,,75.0,16.0,,,2,2.0,71.5,71.5,15.0,,,2.0,1.0,28.0,62.419999999999995,25.285000000000007,,,9.0,43.5,
E453L6BHLB,4.0,,72.0,15.0,,,4,2.0,71.5,71.5,15.0,,,2.0,1.0,28.0,62.419999999999995,25.285000000000007,,,9.0,43.5,
E453L6BHLC,4.0,,69.0,21.5,,,2,2.0,71.5,71.5,15.0,,,2.0,1.0,28.0,62.419999999999995,25.285000000000007,,,9.0,43.5,
E453L6BHLD,4.0,,66.5,20.0,,,4,2.0,71.5,71.5,15.0,,,2.0,1.0,28.0,62.419999999999995,25.285000000000007,,,9.0,43.5,
E453L6BHLE,4.0,,72.0,17.5,,,2,2.0,71.5,71.5,15.0,,,2.0,1.0,28.0,62.419999999999995,25.285000000000007,,,9.0,43.5,
E453L6BJLA,4.0,,61.0,21.5,,,2,2.0,67.0,67.0,21.0,,,2.0,1.0,28.0,62.419999999999995,25.285000000000007,,,9.0,39.0,
E453L6BJLB,4.0,,62.0,20.5,,,2,2.0,67.0,67.0,21.0,,,2.0,1.0,28.0,62.419999999999995,25.285000000000007,,,9.0,39.0,
E453L6BJLC,4.0,,66.5,21.0,,,4,2.0,67.0,67.0,21.0,,,2.0,1.0,28.0,62.419999999999995,25.285000000000007,,,9.0,39.0,
E453L6BJLD,4.0,,64.5,20.5,,,4,2.0,67.0,67.0,21.0,,,2.0,1.0,28.0,62.419999999999995,25.285000000000007,,,9.0,39.0,
E453L6BLLA,4.0,,62.5,23.0,,,6,2.0,64.0,64.0,22.0,,,4.0,1.0,28.0,62.419999999999995,25.285000000000007,,,9.0,36.0,
E453L6BLLB,4.0,,62.5,27.5,,,6,2.0,64.0,64.0,22.0,,,4.0,1.0,28.0,62.419999999999995,25.285000000000007,,,9.0,36.0,
E453L6BLLC,4.0,,63.5,24.0,,,2,2.0,64.0,64.0,22.0,,,4.0,1.0,28.0,62.419999999999995,25.285000000000007,,,9.0,36.0,
E453L6BLLD,4.0,,66.0,19.5,,,2,2.0,64.0,64.0,22.0,,,4.0,1.0,28.0,62.419999999999995,25.285000000000007,,,9.0,36.0,
E456B6BALA,4.0,,68.5,19.25,,,3,2.0,67.0,67.0,22.5,,,4.0,1.0,57.0,72.31,21.984444444444446,,,12.0,10.0,
E456B6BALB,4.0,,64.0,20.25,,,6,2.0,67.0,67.0,22.5,,,4.0,1.0,57.0,72.31,21.984444444444446,,,12.0,10.0,
E456B6BBLA,4.0,,70.0,19.0,,,2,2.0,68.0,68.0,14.0,,,4.0,1.0,57.0,72.31,21.984444444444446,,,12.0,11.0,
E456B6BBLB,4.0,,69.5,17.5,,,2,2.0,68.0,68.0,14.0,,,4.0,1.0,57.0,72.31,21.984444444444446,,,12.0,11.0,
E456B6BBLC,4.0,,66.5,23.5,,,2,2.0,68.0,68.0,14.0,,,4.0,1.0,57.0,72.31,21.984444444444446,,,12.0,11.0,
E456B6BCLA,4.0,,64.5,21.0,,,3,2.0,65.5,65.5,18.0,,,4.0,1.0,57.0,72.31,21.984444444444446,,,12.0,8.5,
E456B6BCLB,4.0,,73.0,18.5,,,2,2.0,65.5,65.5,18.0,,,4.0,1.0,57.0,72.31,21.984444444444446,,,12.0,8.5,
E456B6BDLA,4.0,,72.5,20.5,,,2,2.0,65.5,65.5,19.0,,,2.0,1.0,57.0,72.31,21.984444444444446,,,12.0,8.5,
E456B6BDLB,4.0,,75.0,19.5,,,4,2.0,65.5,65.5,19.0,,,2.0,1.0,57.0,72.31,21.984444444444446,,,12.0,8.5,
E456B6BDLC,4.0,,76.0,12.0,,,4,2.0,65.5,65.5,19.0,,,2.0,1.0,57.0,72.31,21.984444444444446,,,12.0,8.5,
E456B6BELA,4.0,,69.0,18.0,,,4,2.0,62.0,62.0,23.0,,,4.0,1.0,57.0,72.31,21.984444444444446,,,12.0,5.0,
E456B6BELB,4.0,,75.0,12.5,,,2,2.0,62.0,62.0,23.0,,,4.0,1.0,57.0,72.31,21.984444444444446,,,12.0,5.0,
E456B6BELC,4.0,,71.5,16.5,,,2,2.0,62.0,62.0,23.0,,,4.0,1.0,57.0,72.31,21.984444444444446,,,12.0,5.0,
E456B6BFLA,4.0,,75.0,15.0,,,2,2.0,57.5,61.5,15.25,,,3.0,1.0,57.0,72.31,21.984444444444446,,,12.0,0.5,
E458L5GQLA,4.0,83.0,82.0,12.0,,,8,2.0,83.5,83.5,9.0,,,2.0,1.0,68.0,68.0,25.76,,,2.0,15.5,-0.5
E458L5GQLB,4.0,83.0,80.5,11.0,,,10,2.0,83.5,83.5,9.0,,,2.0,1.0,68.0,68.0,25.76,,,2.0,15.5,-0.5
E458L5GRLA,4.0,,74.5,13.0,,,4,2.0,81.5,81.5,7.5,,,4.0,1.0,68.0,68.0,25.76,,,2.0,13.5,
E458L5GRLB,4.0,,75.5,13.0,,,2,2.0,81.5,81.5,7.5,,,4.0,1.0,68.0,68.0,25.76,,,2.0,13.5,
E458L5GRLC,4.0,80.5,84.5,11.333333333333334,,,5,2.0,81.5,81.5,7.5,,,4.0,1.0,68.0,68.0,25.76,,,2.0,13.5,-1.0
E458L5GSLA,4.0,85.5,87.5,9.0,,,10,2.0,85.5,85.5,7.5,,,4.0,1.0,68.0,68.0,25.76,,,2.0,17.5,0.0
E458L5GSLB,4.0,,79.5,8.5,,,2,2.0,85.5,85.5,7.5,,,4.0,1.0,68.0,68.0,25.76,,,2.0,17.5,
E477L6AGLA,4.0,,89.5,5.5,,,2,2.0,95.0,95.0,2.6666666666666665,,,2.0,1.0,86.0,86.4,8.614999999999998,,,4.0,9.0,
E477L6AGLB,4.0,,93.5,4.0,,,4,2.0,95.0,95.0,2.6666666666666665,,,2.0,1.0,86.0,86.4,8.614999999999998,,,4.0,9.0,
E477L6AGLE,4.0,,89.0,8.5,,,2,2.0,95.0,95.0,2.6666666666666665,,,2.0,1.0,86.0,86.4,8.614999999999998,,,4.0,9.0,
E477L6AHLA,4.0,,93.0,3.0,,,6,2.0,92.5,92.5,6.5,,,4.0,1.0,86.0,86.4,8.614999999999998,,,4.0,6.5,
E477L6AHLB,4.0,,94.5,4.0,,,4,2.0,92.5,92.5,6.5,,,4.0,1.0,86.0,86.4,8.614999999999998,,,4.0,6.5,
E477L6AHLC,4.0,,93.0,4.0,,,2,2.0,92.5,92.5,6.5,,,4.0,1.0,86.0,86.4,8.614999999999998,,,4.0,6.5,
E477L6AJLA,4.0,,88.5,7.5,,,2,2.0,94.5,94.5,3.5,,,4.0,1.0,86.0,86.4,8.614999999999998,,,4.0,8.5,
E477L6AJLB,4.0,,93.5,4.0,,,4,2.0,94.5,94.5,3.5,,,4.0,1.0,86.0,86.4,8.614999999999998,,,4.0,8.5,
E483L6CCLA,4.0,,36.5,37.5,,,4,2.0,40.0,64.5,18.25,,,3.0,1.0,49.0,66.0,23.37666666666667,,,8.0,-9.0,
E483L6CCLB,4.0,,61.0,24.0,,,2,2.0,40.0,64.5,18.25,,,3.0,1.0,49.0,66.0,23.37666666666667,,,8.0,-9.0,
E483L6CDA,4.0,49.0,49.0,18.25,,,4,2.0,45.7,44.5,12.916666666666666,,,10.0,1.0,49.0,66.0,23.37666666666667,,,8.0,-3.299999999999997,3.299999999999997
E498B6DALA,4.0,,81.5,9.5,,,2,2.0,76.5,76.5,13.0,,,2.0,1.0,71.0,87.0,14.375,,,4.0,5.5,
E498B6DALB,4.0,,84.0,7.5,,,2,2.0,76.5,76.5,13.0,,,2.0,1.0,71.0,87.0,14.375,,,4.0,5.5,
E4E4L5HKLA,4.0,80.5,79.0,12.75,,,7,2.0,80.0,80.0,7.5,,,2.0,1.0,72.0,72.0,18.13,,,2.0,8.0,0.5
E4E4L5HKLB,4.0,82.0,77.0,11.3,,,8,2.0,80.0,80.0,7.5,,,2.0,1.0,72.0,72.0,18.13,,,2.0,8.0,2.0
E4E4L5HKLC,4.0,76.5,81.5,11.9,,,8,2.0,80.0,80.0,7.5,,,2.0,1.0,72.0,72.0,18.13,,,2.0,8.0,-3.5
E4E4L5HLLA,4.0,,74.0,13.0,,,2,2.0,65.0,65.0,14.5,,,2.0,1.0,72.0,72.0,18.13,,,2.0,-7.0,
E4E4L5HLLB,4.0,83.5,66.0,11.5,,,8,2.0,65.0,65.0,14.5,,,2.0,1.0,72.0,72.0,18.13,,,2.0,-7.0,18.5
E4E4L5HLLC,4.0,83.0,79.0,12.0,,,6,2.0,65.0,65.0,14.5,,,2.0,1.0,72.0,72.0,18.13,,,2.0,-7.0,18.0
E4E4L5HMLA,4.0,,63.5,21.5,,,4,2.0,74.5,74.5,14.0,,,2.0,1.0,72.0,72.0,18.13,,,2.0,2.5,
E4E4L5HMLB,4.0,77.0,73.0,12.2,,,8,2.0,74.5,74.5,14.0,,,2.0,1.0,72.0,72.0,18.13,,,2.0,2.5,2.5
E4E4L5HNLA,4.0,,60.0,23.0,,,2,2.0,69.5,69.5,15.5,,,2.0,1.0,72.0,72.0,18.13,,,2.0,-2.5,
E4E4L5HNLB,4.0,81.0,68.5,11.125,,,7,2.0,69.5,69.5,15.5,,,2.0,1.0,72.0,72.0,18.13,,,2.0,-2.5,11.5
E4E4L5HPLA,4.0,,71.5,16.5,,,2,2.0,73.0,73.0,15.0,,,4.0,1.0,72.0,72.0,18.13,,,2.0,1.0,
E4E6L5GHEA,4.0,,78.0,13.0,,,4,2.0,88.5,88.5,9.0,,,2.0,1.0,76.0,76.0,14.5,,,4.0,12.5,
E4E6L5GHEB,4.0,,84.0,13.0,,,2,2.0,88.5,88.5,9.0,,,2.0,1.0,76.0,76.0,14.5,,,4.0,12.5,
E4E6L5GHEC,4.0,,84.0,13.0,,,2,2.0,88.5,88.5,9.0,,,2.0,1.0,76.0,76.0,14.5,,,4.0,12.5,
E4E6L5GHLA,4.0,77.5,86.0,12.0,,,15,2.0,88.5,88.5,9.0,,,2.0,1.0,76.0,76.0,14.5,,,4.0,12.5,-11.0
E4E6L5GHLB,4.0,,76.0,16.5,,,4,2.0,88.5,88.5,9.0,,,2.0,1.0,76.0,76.0,14.5,,,4.0,12.5,
E4E6L5GHLC,4.0,,78.0,14.0,,,4,2.0,88.5,88.5,9.0,,,2.0,1.0,76.0,76.0,14.5,,,4.0,12.5,
E4E6L5GJLA,4.0,83.5,86.0,10.0,,,8,2.0,81.5,81.5,11.5,,,4.0,1.0,76.0,76.0,14.5,,,4.0,5.5,2.0
E4E6L5GJLB,4.0,,84.0,11.5,,,2,2.0,81.5,81.5,11.5,,,4.0,1.0,76.0,76.0,14.5,,,4.0,5.5,
E4E6L5GJLC,4.0,,85.5,9.0,,,2,2.0,81.5,81.5,11.5,,,4.0,1.0,76.0,76.0,14.5,,,4.0,5.5,
E4E6L5GKLA,4.0,82.5,83.5,14.125,,,7,2.0,89.5,89.5,8.0,,,2.0,1.0,76.0,76.0,14.5,,,4.0,13.5,-7.0
E4E6L5GKLB,4.0,82.5,84.5,11.125,,,7,2.0,89.5,89.5,8.0,,,2.0,1.0,76.0,76.0,14.5,,,4.0,13.5,-7.0
E4E6L5GKLC,4.0,84.0,84.5,9.666666666666666,,,5,2.0,89.5,89.5,8.0,,,2.0,1.0,76.0,76.0,14.5,,,4.0,13.5,-5.5
E4G6L5HDLA,4.0,,82.0,11.5,,,2,2.0,83.0,83.0,11.0,,,4.0,1.0,83.0,83.0,11.2,,,2.0,0.0,
E4G6L5HDLB,4.0,89.5,90.0,8.0,,,7,2.0,83.0,83.0,11.0,,,4.0,1.0,83.0,83.0,11.2,,,2.0,0.0,6.5
E4G6L5HDLC,4.0,,86.0,7.0,,,2,2.0,83.0,83.0,11.0,,,4.0,1.0,83.0,83.0,11.2,,,2.0,0.0,
E4G6L5HELA,4.0,,84.0,8.5,,,2,2.0,89.0,89.0,5.5,,,2.0,1.0,83.0,83.0,11.2,,,2.0,6.0,
E4G6L5HELB,4.0,,87.0,8.0,,,4,2.0,89.0,89.0,5.5,,,2.0,1.0,83.0,83.0,11.2,,,2.0,6.0,
E4G6L5HELC,4.0,,82.0,7.0,,,4,2.0,89.0,89.0,5.5,,,2.0,1.0,83.0,83.0,11.2,,,2.0,6.0,
E4G6L5HFLA,4.0,90.0,86.0,6.666666666666667,,,10,2.0,86.5,86.5,8.5,,,4.0,1.0,83.0,83.0,11.2,,,2.0,3.5,3.5
E4G6L5HFLB,4.0,88.5,92.0,8.4,,,8,2.0,86.5,86.5,8.5,,,4.0,1.0,83.0,83.0,11.2,,,2.0,3.5,2.0
E4G6L5HGLA,4.0,,74.0,13.0,,,2,2.0,89.0,89.0,6.5,,,4.0,1.0,83.0,83.0,11.2,,,2.0,6.0,
E4G6L5HGLB,4.0,,79.0,12.0,,,4,2.0,89.0,89.0,6.5,,,4.0,1.0,83.0,83.0,11.2,,,2.0,6.0,
E4G6L5HGLD,4.0,,74.0,17.0,,,2,2.0,89.0,89.0,6.5,,,4.0,1.0,83.0,83.0,11.2,,,2.0,6.0,
E4H5L5HZLA,4.0,,61.5,15.5,,,2,2.0,65.0,65.0,15.0,,,2.0,1.0,66.0,66.0,18.44,,,2.0,-1.0,
E4H5L5HZLB,4.0,,75.0,16.0,,,3,2.0,65.0,65.0,15.0,,,2.0,1.0,66.0,66.0,18.44,,,2.0,-1.0,
E4H5L5HZLC,4.0,,62.0,21.0,,,4,2.0,65.0,65.0,15.0,,,2.0,1.0,66.0,66.0,18.44,,,2.0,-1.0,
E4H5L5HZLD,4.0,,62.0,16.0,,,2,2.0,65.0,65.0,15.0,,,2.0,1.0,66.0,66.0,18.44,,,2.0,-1.0,
E4H5L5JALA,4.0,,70.0,14.0,,,2,2.0,67.5,67.5,17.0,,,2.0,1.0,66.0,66.0,18.44,,,2.0,1.5,
E4H5L5JALB,4.0,,65.0,15.0,,,2,2.0,67.5,67.5,17.0,,,2.0,1.0,66.0,66.0,18.44,,,2.0,1.5,
E4H5L5JALC,4.0,,69.5,18.0,,,2,2.0,67.5,67.5,17.0,,,2.0,1.0,66.0,66.0,18.44,,,2.0,1.5,
E4H5L5JALD,4.0,,67.5,14.5,,,2,2.0,67.5,67.5,17.0,,,2.0,1.0,66.0,66.0,18.44,,,2.0,1.5,
E4H5L5JBLA,4.0,,64.5,14.5,,,2,2.0,71.5,71.5,13.5,,,4.0,1.0,66.0,66.0,18.44,,,2.0,5.5,
E4H5L5JBLB,4.0,,68.0,13.0,,,2,2.0,71.5,71.5,13.5,,,4.0,1.0,66.0,66.0,18.44,,,2.0,5.5,
E4H5L5JBLC,4.0,,69.0,18.5,,,2,2.0,71.5,71.5,13.5,,,4.0,1.0,66.0,66.0,18.44,,,2.0,5.5,
E4H5L5JBLD,4.0,,61.5,16.0,,,2,2.0,71.5,71.5,13.5,,,4.0,1.0,66.0,66.0,18.44,,,2.0,5.5,
E4H5L5JBLE,4.0,,60.0,18.0,,,2,2.0,71.5,71.5,13.5,,,4.0,1.0,66.0,66.0,18.44,,,2.0,5.5,
E4H5L5JCLA,4.0,,69.0,18.25,,,3,2.0,67.0,67.0,15.0,,,2.0,1.0,66.0,66.0,18.44,,,2.0,1.0,
E4H5L5JCLB,4.0,,73.0,13.0,,,6,2.0,67.0,67.0,15.0,,,2.0,1.0,66.0,66.0,18.44,,,2.0,1.0,
E4H5L5JDLA,4.0,,80.0,8.5,,,2,2.0,68.5,68.5,13.0,,,4.0,1.0,66.0,66.0,18.44,,,2.0,2.5,
E4H5L5JDLB,4.0,,73.5,15.75,,,3,2.0,68.5,68.5,13.0,,,4.0,1.0,66.0,66.0,18.44,,,2.0,2.5,
E4H5L5JDLC,4.0,,62.5,15.5,,,4,2.0,68.5,68.5,13.0,,,4.0,1.0,66.0,66.0,18.44,,,2.0,2.5,
E4H5L5JDLD,4.0,,68.0,14.0,,,4,2.0,68.5,68.5,13.0,,,4.0,1.0,66.0,66.0,18.44,,,2.0,2.5,
E4H5L5JELA,4.0,79.0,83.5,13.166666666666666,,,5,2.0,82.0,82.0,11.0,,,2.0,1.0,66.0,66.0,18.44,,,2.0,16.0,-3.0
E4H5L5JELB,4.0,,74.0,14.5,,,2,2.0,82.0,82.0,11.0,,,2.0,1.0,66.0,66.0,18.44,,,2.0,16.0,
E4H5L5JELC,4.0,86.0,78.0,12.0,,,8,2.0,82.0,82.0,11.0,,,2.0,1.0,66.0,66.0,18.44,,,2.0,16.0,4.0
E4H5L5JELD,4.0,,64.5,15.5,,,2,2.0,82.0,82.0,11.0,,,2.0,1.0,66.0,66.0,18.44,,,2.0,16.0,
E4H5L5JFLA,4.0,,72.0,11.5,,,2,2.0,74.5,74.5,14.5,,,2.0,1.0,66.0,66.0,18.44,,,2.0,8.5,
E4H5L5JFLB,4.0,,79.5,13.0,,,4,2.0,74.5,74.5,14.5,,,2.0,1.0,66.0,66.0,18.44,,,2.0,8.5,
E4H5L5JFLC,4.0,,79.5,12.0,,,4,2.0,74.5,74.5,14.5,,,2.0,1.0,66.0,66.0,18.44,,,2.0,8.5,
E4H5L5JFLE,4.0,,72.5,15.5,,,2,2.0,74.5,74.5,14.5,,,2.0,1.0,66.0,66.0,18.44,,,2.0,8.5,
E4H5L5JFLF,4.0,,77.0,8.5,,,4,2.0,74.5,74.5,14.5,,,2.0,1.0,66.0,66.0,18.44,,,2.0,8.5,
E4H5L5JFLG,4.0,,74.5,15.0,,,4,2.0,74.5,74.5,14.5,,,2.0,1.0,66.0,66.0,18.44,,,2.0,8.5,
E4H5L5JGLA,4.0,,75.0,12.5,,,2,2.0,85.0,85.0,10.5,,,2.0,1.0,66.0,66.0,18.44,,,2.0,19.0,
E4H5L5JGLB,4.0,,77.0,10.5,,,2,2.0,85.0,85.0,10.5,,,2.0,1.0,66.0,66.0,18.44,,,2.0,19.0,
E4H5L5JGLC,4.0,,71.0,16.5,,,4,2.0,85.0,85.0,10.5,,,2.0,1.0,66.0,66.0,18.44,,,2.0,19.0,
E4H6L5GYLA,4.0,86.0,87.0,7.5,,,5,2.0,87.5,87.5,6.5,,,4.0,1.0,81.0,81.0,13.75,,,2.0,6.5,-1.5
E4H6L5GYLB,4.0,,87.0,7.5,,,2,2.0,87.5,87.5,6.5,,,4.0,1.0,81.0,81.0,13.75,,,2.0,6.5,
E4H6L5GZLA,4.0,82.0,84.5,10.2,,,8,2.0,75.5,75.5,13.0,,,4.0,1.0,81.0,81.0,13.75,,,2.0,-5.5,6.5
E4H6L5GZLB,4.0,,84.5,9.0,,,4,2.0,75.5,75.5,13.0,,,4.0,1.0,81.0,81.0,13.75,,,2.0,-5.5,
E4H8B6JALA,4.0,,60.5,9.0,,,6,2.0,72.5,72.5,17.5,,,4.0,1.0,25.0,61.0,24.217,,,13.0,47.5,
E4H8B6JALB,4.0,,68.0,3.3333333333333335,,,6,2.0,72.5,72.5,17.5,,,4.0,1.0,25.0,61.0,24.217,,,13.0,47.5,
E4H8B6JALC,4.0,,66.5,4.5,,,4,2.0,72.5,72.5,17.5,,,4.0,1.0,25.0,61.0,24.217,,,13.0,47.5,
E4H8B6JALD,4.0,,60.5,5.75,,,4,2.0,72.5,72.5,17.5,,,4.0,1.0,25.0,61.0,24.217,,,13.0,47.5,
E4H8B6JBLA,4.0,,55.5,8.0,,,6,2.0,71.5,71.5,11.5,,,4.0,1.0,25.0,61.0,24.217,,,13.0,46.5,
E4K7L5MWLA,4.0,,67.5,25.5,,,4,2.0,55.0,55.0,17.5,,,2.0,1.0,51.0,55.0,17.185000000000002,,,6.0,4.0,
E4K7L5MWLB,4.0,,71.0,16.0,,,4,2.0,55.0,55.0,17.5,,,2.0,1.0,51.0,55.0,17.185000000000002,,,6.0,4.0,
E4K7L5MWLC,4.0,,61.5,24.5,,,2,2.0,55.0,55.0,17.5,,,2.0,1.0,51.0,55.0,17.185000000000002,,,6.0,4.0,
E4K7L5MWLD,4.0,,69.5,23.5,,,4,2.0,55.0,55.0,17.5,,,2.0,1.0,51.0,55.0,17.185000000000002,,,6.0,4.0,
E4K7L5MXLA,4.0,,82.0,13.5,,,2,2.0,80.0,80.0,12.5,,,2.0,1.0,51.0,55.0,17.185000000000002,,,6.0,29.0,
E4K7L5MXLB,4.0,,74.0,17.0,,,2,2.0,80.0,80.0,12.5,,,2.0,1.0,51.0,55.0,17.185000000000002,,,6.0,29.0,
E4K7L5MXLC,4.0,,77.5,15.5,,,2,2.0,80.0,80.0,12.5,,,2.0,1.0,51.0,55.0,17.185000000000002,,,6.0,29.0,
E4K7L5MYLA,4.0,,62.5,26.0,,,2,2.0,64.5,64.5,21.5,,,2.0,1.0,51.0,55.0,17.185000000000002,,,6.0,13.5,
E4K7L5MYLB,4.0,,66.0,24.0,,,2,2.0,64.5,64.5,21.5,,,2.0,1.0,51.0,55.0,17.185000000000002,,,6.0,13.5,
E4K7L5MYLC,4.0,,62.0,27.0,,,2,2.0,64.5,64.5,21.5,,,2.0,1.0,51.0,55.0,17.185000000000002,,,6.0,13.5,
E4K7L5MZLA,4.0,,62.5,30.0,,,2,2.0,68.5,68.5,21.0,,,2.0,1.0,51.0,55.0,17.185000000000002,,,6.0,17.5,
E4K7L5MZLB,4.0,,68.0,22.0,,,2,2.0,68.5,68.5,21.0,,,2.0,1.0,51.0,55.0,17.185000000000002,,,6.0,17.5,
E4K7L5MZLC,4.0,,70.5,26.0,,,4,2.0,68.5,68.5,21.0,,,2.0,1.0,51.0,55.0,17.185000000000002,,,6.0,17.5,
E4K7L5MZLD,4.0,,68.5,21.0,,,2,2.0,68.5,68.5,21.0,,,2.0,1.0,51.0,55.0,17.185000000000002,,,6.0,17.5,
E4L5B6AALA,4.0,,72.0,12.0,,,2,2.0,77.0,77.0,7.0,,,4.0,1.0,61.0,76.0,17.63333333333334,,,6.0,16.0,
E4L5B6AALB,4.0,,80.5,8.5,,,2,2.0,77.0,77.0,7.0,,,4.0,1.0,61.0,76.0,17.63333333333334,,,6.0,16.0,
E4L5B6AALC,4.0,,82.0,8.0,,,2,2.0,77.0,77.0,7.0,,,4.0,1.0,61.0,76.0,17.63333333333334,,,6.0,16.0,
E4L5B6ABEB,4.0,,80.0,8.0,,,2,2.0,80.0,80.0,11.5,,,4.0,1.0,61.0,76.0,17.63333333333334,,,6.0,19.0,
E4L5B6ABEC,4.0,,64.0,29.5,,,2,2.0,80.0,80.0,11.5,,,4.0,1.0,61.0,76.0,17.63333333333334,,,6.0,19.0,
E4L5B6ABLA,4.0,,61.0,11.0,,,2,2.0,80.0,80.0,11.5,,,4.0,1.0,61.0,76.0,17.63333333333334,,,6.0,19.0,
E4L5B6ABLB,4.0,,76.0,9.5,,,4,2.0,80.0,80.0,11.5,,,4.0,1.0,61.0,76.0,17.63333333333334,,,6.0,19.0,
E4L5B6ACLA,4.0,,78.5,7.0,,,4,2.0,66.5,66.5,8.0,,,4.0,1.0,61.0,76.0,17.63333333333334,,,6.0,5.5,
E4Q8L6AZLA,4.0,,68.0,21.5,,,4,2.0,63.0,63.0,23.5,,,4.0,1.0,30.0,66.61,29.850000000000005,,,7.0,33.0,
E4Q8L6AZLB,4.0,,71.5,23.0,,,4,2.0,63.0,63.0,23.5,,,4.0,1.0,30.0,66.61,29.850000000000005,,,7.0,33.0,
E4Q8L6AZLC,4.0,,72.0,19.5,,,4,2.0,63.0,63.0,23.5,,,4.0,1.0,30.0,66.61,29.850000000000005,,,7.0,33.0,
E4Q8L6AZLD,4.0,,67.0,25.25,,,3,2.0,63.0,63.0,23.5,,,4.0,1.0,30.0,66.61,29.850000000000005,,,7.0,33.0,
E4Q8L6BALA,4.0,,60.5,27.0,,,4,2.0,54.0,64.0,17.0,,,6.0,1.0,30.0,66.61,29.850000000000005,,,7.0,24.0,
E4Q8L6BALB,4.0,,67.0,26.75,,,3,2.0,54.0,64.0,17.0,,,6.0,1.0,30.0,66.61,29.850000000000005,,,7.0,24.0,
E4Q8L6BALC,4.0,,64.5,31.0,,,6,2.0,54.0,64.0,17.0,,,6.0,1.0,30.0,66.61,29.850000000000005,,,7.0,24.0,
E4Q8L6BALD,4.0,,62.5,27.75,,,3,2.0,54.0,64.0,17.0,,,6.0,1.0,30.0,66.61,29.850000000000005,,,7.0,24.0,
E4Q8L6BBLA,4.0,,62.5,24.5,,,4,2.0,58.0,61.0,14.5,,,3.0,1.0,30.0,66.61,29.850000000000005,,,7.0,28.0,
E4Q8L6BBLB,4.0,,73.0,22.75,,,3,2.0,58.0,61.0,14.5,,,3.0,1.0,30.0,66.61,29.850000000000005,,,7.0,28.0,
E4Q8L6BBLC,4.0,,62.5,23.5,,,4,2.0,58.0,61.0,14.5,,,3.0,1.0,30.0,66.61,29.850000000000005,,,7.0,28.0,
E4Q8L6BBLD,4.0,,69.0,26.25,,,3,2.0,58.0,61.0,14.5,,,3.0,1.0,30.0,66.61,29.850000000000005,,,7.0,28.0,
E4Q8L6BCLA,4.0,,69.0,18.5,,,4,2.0,62.5,62.5,20.5,,,2.0,1.0,30.0,66.61,29.850000000000005,,,7.0,32.5,
E4Q8L6BCLB,4.0,,60.0,22.0,,,4,2.0,62.5,62.5,20.5,,,2.0,1.0,30.0,66.61,29.850000000000005,,,7.0,32.5,
E4Q8L6BCLC,4.0,,76.5,18.75,,,3,2.0,62.5,62.5,20.5,,,2.0,1.0,30.0,66.61,29.850000000000005,,,7.0,32.5,
E4Q8L6BCLD,4.0,,67.5,23.75,,,3,2.0,62.5,62.5,20.5,,,2.0,1.0,30.0,66.61,29.850000000000005,,,7.0,32.5,
E4Q8L6BDLA,4.0,,74.5,15.0,,,2,2.0,73.5,73.5,15.5,,,4.0,1.0,30.0,66.61,29.850000000000005,,,7.0,43.5,
E4Q8L6BDLB,4.0,,77.5,16.0,,,2,2.0,73.5,73.5,15.5,,,4.0,1.0,30.0,66.61,29.850000000000005,,,7.0,43.5,
E4Q8L6BDLC,4.0,,75.5,13.5,,,2,2.0,73.5,73.5,15.5,,,4.0,1.0,30.0,66.61,29.850000000000005,,,7.0,43.5,
E4Q8L6BDLD,4.0,,74.0,14.5,,,2,2.0,73.5,73.5,15.5,,,4.0,1.0,30.0,66.61,29.850000000000005,,,7.0,43.5,
E4Q8L6BELA,4.0,,81.5,12.0,,,2,2.0,76.5,76.5,12.5,,,2.0,1.0,30.0,66.61,29.850000000000005,,,7.0,46.5,
E4Q8L6BELB,4.0,,75.5,13.0,,,4,2.0,76.5,76.5,12.5,,,2.0,1.0,30.0,66.61,29.850000000000005,,,7.0,46.5,
E4Q8L6BELC,4.0,,79.5,14.0,,,4,2.0,76.5,76.5,12.5,,,2.0,1.0,30.0,66.61,29.850000000000005,,,7.0,46.5,
E4Q8L6BELD,4.0,,79.5,12.0,,,2,2.0,76.5,76.5,12.5,,,2.0,1.0,30.0,66.61,29.850000000000005,,,7.0,46.5,
E4Q8L6BFLA,4.0,,80.0,12.5,,,2,2.0,67.5,67.5,17.5,,,4.0,1.0,30.0,66.61,29.850000000000005,,,7.0,37.5,
E4Q8L6BFLB,4.0,,81.0,10.0,,,6,2.0,67.5,67.5,17.5,,,4.0,1.0,30.0,66.61,29.850000000000005,,,7.0,37.5,
E4Q8L6BFLC,4.0,,83.5,11.5,,,2,2.0,67.5,67.5,17.5,,,4.0,1.0,30.0,66.61,29.850000000000005,,,7.0,37.5,
E4Q8L6BFLD,4.0,,79.0,13.5,,,4,2.0,67.5,67.5,17.5,,,4.0,1.0,30.0,66.61,29.850000000000005,,,7.0,37.5,
E4V9L6ASEA,4.0,,67.5,13.0,,,2,2.0,69.5,69.5,16.0,,,2.0,1.0,37.0,68.0,21.375,,,6.0,32.5,
E4V9L6ASEB,4.0,,84.5,9.5,,,2,2.0,69.5,69.5,16.0,,,2.0,1.0,37.0,68.0,21.375,,,6.0,32.5,
E4V9L6ASEC,4.0,,69.5,15.5,,,4,2.0,69.5,69.5,16.0,,,2.0,1.0,37.0,68.0,21.375,,,6.0,32.5,
E4V9L6ASED,4.0,,71.0,17.0,,,4,2.0,69.5,69.5,16.0,,,2.0,1.0,37.0,68.0,21.375,,,6.0,32.5,
E4V9L6ASEF,4.0,,74.0,16.0,,,2,2.0,69.5,69.5,16.0,,,2.0,1.0,37.0,68.0,21.375,,,6.0,32.5,
E4V9L6ASEH,4.0,,65.5,19.5,,,3,2.0,69.5,69.5,16.0,,,2.0,1.0,37.0,68.0,21.375,,,6.0,32.5,
E4V9L6ASEJ,4.0,,64.0,14.0,,,2,2.0,69.5,69.5,16.0,,,2.0,1.0,37.0,68.0,21.375,,,6.0,32.5,
E4V9L6ASEK,4.0,,63.5,25.5,,,2,2.0,69.5,69.5,16.0,,,2.0,1.0,37.0,68.0,21.375,,,6.0,32.5,
E4V9L6ASLA,4.0,,66.5,19.0,,,2,2.0,69.5,69.5,16.0,,,2.0,1.0,37.0,68.0,21.375,,,6.0,32.5,
E4V9L6ASLB,4.0,,69.0,22.0,,,4,2.0,69.5,69.5,16.0,,,2.0,1.0,37.0,68.0,21.375,,,6.0,32.5,
E4V9L6ASLC,4.0,,69.0,20.5,,,2,2.0,69.5,69.5,16.0,,,2.0,1.0,37.0,68.0,21.375,,,6.0,32.5,
E4V9L6ASXX,4.0,,73.0,17.0,,,2,2.0,69.5,69.5,16.0,,,2.0,1.0,37.0,68.0,21.375,,,6.0,32.5,
E4X6L5HRLA,4.0,79.0,62.5,14.666666666666666,,,5,2.0,64.0,64.0,21.5,,,2.0,1.0,60.0,60.0,22.1,,,2.0,4.0,15.0
E4X6L5HRLB,4.0,76.5,81.0,17.0,,,5,2.0,64.0,64.0,21.5,,,2.0,1.0,60.0,60.0,22.1,,,2.0,4.0,12.5
E4X6L5HSLA,4.0,80.5,63.0,13.4,,,8,2.0,66.5,66.5,20.5,,,2.0,1.0,60.0,60.0,22.1,,,2.0,6.5,14.0
E4X6L5HSLB,4.0,74.5,70.0,16.5,,,10,2.0,66.5,66.5,20.5,,,2.0,1.0,60.0,60.0,22.1,,,2.0,6.5,8.0
E4X6L5HTLA,4.0,85.0,76.0,15.0,,,5,2.0,66.5,66.5,18.0,,,4.0,1.0,60.0,60.0,22.1,,,2.0,6.5,18.5
E4X6L5HTLB,4.0,,63.5,20.25,,,6,2.0,66.5,66.5,18.0,,,4.0,1.0,60.0,60.0,22.1,,,2.0,6.5,
E4X6L5HTLK,4.0,,72.0,14.0,,,4,2.0,66.5,66.5,18.0,,,4.0,1.0,60.0,60.0,22.1,,,2.0,6.5,
E4X6L5HVLA,4.0,,68.0,13.0,,,2,2.0,71.0,79.5,10.833333333333334,,,5.0,1.0,60.0,60.0,22.1,,,2.0,11.0,
E4X6L5HVLB,4.0,,72.5,15.5,,,4,2.0,71.0,79.5,10.833333333333334,,,5.0,1.0,60.0,60.0,22.1,,,2.0,11.0,
E4X6L5HVLC,4.0,,73.5,16.0,,,4,2.0,71.0,79.5,10.833333333333334,,,5.0,1.0,60.0,60.0,22.1,,,2.0,11.0,
E4X6L5HVLD,4.0,,75.0,14.5,,,2,2.0,71.0,79.5,10.833333333333334,,,5.0,1.0,60.0,60.0,22.1,,,2.0,11.0,
E4X6L5HWEA,4.0,,65.5,22.0,,,2,2.0,68.0,72.0,12.5,,,7.0,1.0,60.0,60.0,22.1,,,2.0,8.0,
E4X6L5HWEB,4.0,,77.0,14.0,,,2,2.0,68.0,72.0,12.5,,,7.0,1.0,60.0,60.0,22.1,,,2.0,8.0,
E4X6L5HWEC,4.0,,60.5,27.5,,,2,2.0,68.0,72.0,12.5,,,7.0,1.0,60.0,60.0,22.1,,,2.0,8.0,
E4X6L5HWED,4.0,,59.5,28.5,,,2,2.0,68.0,72.0,12.5,,,7.0,1.0,60.0,60.0,22.1,,,2.0,8.0,
E4X6L5HWEE,4.0,,71.5,18.5,,,2,2.0,68.0,72.0,12.5,,,7.0,1.0,60.0,60.0,22.1,,,2.0,8.0,
E4X6L5HWLA,4.0,,71.5,18.5,,,2,2.0,68.0,72.0,12.5,,,7.0,1.0,60.0,60.0,22.1,,,2.0,8.0,
E4X6L5HWLB,4.0,,71.0,18.5,,,4,2.0,68.0,72.0,12.5,,,7.0,1.0,60.0,60.0,22.1,,,2.0,8.0,
E4X6L5HWLC,4.0,,71.5,19.0,,,4,2.0,68.0,72.0,12.5,,,7.0,1.0,60.0,60.0,22.1,,,2.0,8.0,
E4Y9L5GNLA,4.0,89.5,81.5,10.666666666666666,,,5,2.0,82.5,82.5,11.0,,,4.0,1.0,84.5,84.5,9.5,,,4.0,-2.0,7.0
E4Z5L5FZLA,4.0,92.0,84.0,8.5,,,10,2.0,87.5,87.5,8.5,,,2.0,1.0,75.0,75.0,16.95,,,2.0,12.5,4.5
E4Z5L5FZLB,4.0,88.5,86.0,7.5,,,5,2.0,87.5,87.5,8.5,,,2.0,1.0,75.0,75.0,16.95,,,2.0,12.5,1.0
E4Z5L5GALA,4.0,84.5,85.0,10.9,,,8,2.0,86.0,86.0,9.0,,,2.0,1.0,75.0,75.0,16.95,,,2.0,11.0,-1.5
E4Z5L5GALB,4.0,,83.5,10.0,,,4,2.0,86.0,86.0,9.0,,,2.0,1.0,75.0,75.0,16.95,,,2.0,11.0,
E4Z5L5GBLA,4.0,83.5,76.5,13.5,,,5,2.0,89.0,89.0,7.0,,,4.0,1.0,75.0,75.0,16.95,,,2.0,14.0,-5.5
E4Z5L5GBLB,4.0,,82.5,9.0,,,4,2.0,89.0,89.0,7.0,,,4.0,1.0,75.0,75.0,16.95,,,2.0,14.0,
E4Z5L5GCLA,4.0,79.0,72.5,15.1,,,8,2.0,81.5,81.5,9.0,,,4.0,1.0,75.0,75.0,16.95,,,2.0,6.5,-2.5
E4Z5L5GCLB,4.0,87.0,81.0,13.25,,,7,2.0,81.5,81.5,9.0,,,4.0,1.0,75.0,75.0,16.95,,,2.0,6.5,5.5
E4Z5L5GCLC,4.0,84.0,81.5,10.666666666666666,,,5,2.0,81.5,81.5,9.0,,,4.0,1.0,75.0,75.0,16.95,,,2.0,6.5,2.5
E4Z5L5GDLA,4.0,88.0,80.0,8.285714285714286,,,11,2.0,84.5,84.5,9.0,,,2.0,1.0,75.0,75.0,16.95,,,2.0,9.5,3.5
E4Z5L5GDLB,4.0,83.0,87.5,8.5,,,7,2.0,84.5,84.5,9.0,,,2.0,1.0,75.0,75.0,16.95,,,2.0,9.5,-1.5
E4Z5L5GELA,4.0,,90.0,7.0,,,2,2.0,91.5,92.0,5.0,,,5.0,1.0,75.0,75.0,16.95,,,2.0,16.5,
E4Z5L5GELB,4.0,,91.5,6.5,,,4,2.0,91.5,92.0,5.0,,,5.0,1.0,75.0,75.0,16.95,,,2.0,16.5,
E4Z5L5GELC,4.0,,84.0,7.0,,,2,2.0,91.5,92.0,5.0,,,5.0,1.0,75.0,75.0,16.95,,,2.0,16.5,
E4Z5L5GELD,4.0,,91.0,5.0,,,2,2.0,91.5,92.0,5.0,,,5.0,1.0,75.0,75.0,16.95,,,2.0,16.5,
E4Z5L5GELE,4.0,,93.5,5.5,,,4,2.0,91.5,92.0,5.0,,,5.0,1.0,75.0,75.0,16.95,,,2.0,16.5,
E4Z5L5GELG,4.0,,94.0,5.0,,,4,2.0,91.5,92.0,5.0,,,5.0,1.0,75.0,75.0,16.95,,,2.0,16.5,
E4Z5L5GFEA,4.0,,81.0,11.0,,,4,2.0,91.0,89.5,5.0,,,5.0,1.0,75.0,75.0,16.95,,,2.0,16.0,
E4Z5L5GFEB,4.0,,76.0,20.0,,,4,2.0,91.0,89.5,5.0,,,5.0,1.0,75.0,75.0,16.95,,,2.0,16.0,
E4Z5L5GFEC,4.0,,86.0,9.5,,,2,2.0,91.0,89.5,5.0,,,5.0,1.0,75.0,75.0,16.95,,,2.0,16.0,
E4Z5L5GFED,4.0,,86.0,9.5,,,6,2.0,91.0,89.5,5.0,,,5.0,1.0,75.0,75.0,16.95,,,2.0,16.0,
E4Z5L5GFEE,4.0,,89.0,7.0,,,4,2.0,91.0,89.5,5.0,,,5.0,1.0,75.0,75.0,16.95,,,2.0,16.0,
E4Z5L5GFLA,4.0,88.5,91.5,7.125,,,7,2.0,91.0,89.5,5.0,,,5.0,1.0,75.0,75.0,16.95,,,2.0,16.0,-2.5
E4Z5L5GFLB,4.0,,86.0,10.5,,,4,2.0,91.0,89.5,5.0,,,5.0,1.0,75.0,75.0,16.95,,,2.0,16.0,
E5Q8L6GGLA,4.0,,76.0,5.0,,,4,2.0,68.0,68.0,10.5,,,4.0,1.0,32.0,68.0,14.19,,,3.0,36.0,
E5Q8L6GGLB,4.0,,68.0,10.0,,,2,2.0,68.0,68.0,10.5,,,4.0,1.0,32.0,68.0,14.19,,,3.0,36.0,
E5TBL6GLLA,4.0,,60.5,5.333333333333333,,,6,2.0,70.0,70.0,13.0,,,4.0,1.0,56.0,61.0,14.524999999999999,,,3.0,14.0,
E5TBL6GLLB,4.0,,59.5,9.75,,,4,2.0,70.0,70.0,13.0,,,4.0,1.0,56.0,61.0,14.524999999999999,,,3.0,14.0,
E5TBL6GMLA,4.0,,71.5,16.5,,,4,2.0,65.5,65.5,7.0,,,4.0,1.0,56.0,61.0,14.524999999999999,,,3.0,9.5,
E5TBL6GMLB,4.0,,78.5,10.5,,,2,2.0,65.5,65.5,7.0,,,4.0,1.0,56.0,61.0,14.524999999999999,,,3.0,9.5,
E5TLL6DDLA,4.0,,71.5,20.5,,,2,2.0,81.0,81.0,11.0,,,4.0,1.0,77.0,77.0,14.94,,,2.0,4.0,
E5TLL6DDLB,4.0,,81.5,12.0,,,2,2.0,81.0,81.0,11.0,,,4.0,1.0,77.0,77.0,14.94,,,2.0,4.0,
E5TLL6DDLC,4.0,,74.0,14.0,,,2,2.0,81.0,81.0,11.0,,,4.0,1.0,77.0,77.0,14.94,,,2.0,4.0,
E5TLL6DDLD,4.0,,83.0,10.0,,,4,2.0,81.0,81.0,11.0,,,4.0,1.0,77.0,77.0,14.94,,,2.0,4.0,
E5TLL6DELA,4.0,,79.5,8.5,,,6,2.0,74.0,74.0,12.5,,,4.0,1.0,77.0,77.0,14.94,,,2.0,-3.0,
E5TLL6DELB,4.0,,73.0,5.5,,,6,2.0,74.0,74.0,12.5,,,4.0,1.0,77.0,77.0,14.94,,,2.0,-3.0,
E5TLL6DELC,4.0,,81.5,5.333333333333333,,,6,2.0,74.0,74.0,12.5,,,4.0,1.0,77.0,77.0,14.94,,,2.0,-3.0,
E5TLL6DELD,4.0,,62.0,11.333333333333334,,,6,2.0,74.0,74.0,12.5,,,4.0,1.0,77.0,77.0,14.94,,,2.0,-3.0,
E5TLL6DGLA,4.0,,75.0,18.0,,,4,2.0,54.5,85.5,13.5,,,3.0,1.0,77.0,77.0,14.94,,,2.0,-22.5,
E5TLL6DGLB,4.0,,70.5,19.5,,,2,2.0,54.5,85.5,13.5,,,3.0,1.0,77.0,77.0,14.94,,,2.0,-22.5,
E5TLL6DGLC,4.0,,75.5,14.5,,,2,2.0,54.5,85.5,13.5,,,3.0,1.0,77.0,77.0,14.94,,,2.0,-22.5,
E5TLL6DGLD,4.0,,70.0,19.5,,,4,2.0,54.5,85.5,13.5,,,3.0,1.0,77.0,77.0,14.94,,,2.0,-22.5,
E5TLL6DHLA,4.0,,70.5,10.25,,,8,2.0,66.0,66.0,17.5,,,2.0,1.0,77.0,77.0,14.94,,,2.0,-11.0,
E5TML6ESLA,4.0,,78.5,15.5,,,4,2.0,81.5,81.5,11.0,,,2.0,1.0,70.0,68.0,8.7,,,6.0,11.5,
E5TML6ESLB,4.0,,89.5,8.0,,,2,2.0,81.5,81.5,11.0,,,2.0,1.0,70.0,68.0,8.7,,,6.0,11.5,
E5TML6ESLC,4.0,,70.0,18.0,,,4,2.0,81.5,81.5,11.0,,,2.0,1.0,70.0,68.0,8.7,,,6.0,11.5,
E5TML6EVLA,4.0,,86.0,8.0,,,2,2.0,83.0,83.0,11.0,,,4.0,1.0,70.0,68.0,8.7,,,6.0,13.0,
E5TML6EVLB,4.0,,89.0,6.5,,,2,2.0,83.0,83.0,11.0,,,4.0,1.0,70.0,68.0,8.7,,,6.0,13.0,
E5TML6EVLC,4.0,,80.0,13.5,,,4,2.0,83.0,83.0,11.0,,,4.0,1.0,70.0,68.0,8.7,,,6.0,13.0,
E5TML6EVLD,4.0,,88.0,6.5,,,4,2.0,83.0,83.0,11.0,,,4.0,1.0,70.0,68.0,8.7,,,6.0,13.0,
E5TML6EXLA,4.0,,62.5,28.0,,,2,2.0,65.0,65.0,18.0,,,2.0,1.0,70.0,68.0,8.7,,,6.0,-5.0,
E5TML6EXLB,4.0,,70.5,23.5,,,2,2.0,65.0,65.0,18.0,,,2.0,1.0,70.0,68.0,8.7,,,6.0,-5.0,
E5TML6EXLC,4.0,,66.5,24.5,,,4,2.0,65.0,65.0,18.0,,,2.0,1.0,70.0,68.0,8.7,,,6.0,-5.0,
E5TML6EXLD,4.0,,72.5,13.5,,,2,2.0,65.0,65.0,18.0,,,2.0,1.0,70.0,68.0,8.7,,,6.0,-5.0,
E5TNL6EZLA,4.0,,81.0,14.5,,,2,2.0,68.5,68.5,14.5,,,4.0,1.0,72.0,72.0,14.840000000000002,,,4.0,-3.5,
E5TNL6EZLB,4.0,,81.5,12.5,,,2,2.0,68.5,68.5,14.5,,,4.0,1.0,72.0,72.0,14.840000000000002,,,4.0,-3.5,
E5TNL6EZLC,4.0,,80.5,14.0,,,2,2.0,68.5,68.5,14.5,,,4.0,1.0,72.0,72.0,14.840000000000002,,,4.0,-3.5,
E5TNL6EZLD,4.0,,83.0,11.0,,,2,2.0,68.5,68.5,14.5,,,4.0,1.0,72.0,72.0,14.840000000000002,,,4.0,-3.5,
E5TNL6FBLA,4.0,,81.0,12.5,,,4,2.0,74.5,74.5,14.0,,,4.0,1.0,72.0,72.0,14.840000000000002,,,4.0,2.5,
E5TNL6FBLB,4.0,,71.5,16.0,,,2,2.0,74.5,74.5,14.0,,,4.0,1.0,72.0,72.0,14.840000000000002,,,4.0,2.5,
E5TNL6FBLC,4.0,,80.5,11.0,,,4,2.0,74.5,74.5,14.0,,,4.0,1.0,72.0,72.0,14.840000000000002,,,4.0,2.5,
E5TNL6FBLD,4.0,,78.5,11.5,,,4,2.0,74.5,74.5,14.0,,,4.0,1.0,72.0,72.0,14.840000000000002,,,4.0,2.5,
E5TNL6FBLE,4.0,,81.5,8.0,,,4,2.0,74.5,74.5,14.0,,,4.0,1.0,72.0,72.0,14.840000000000002,,,4.0,2.5,
E8A1L91QLZ,4.0,,88.0,,,,4,,,,,,,,,,,,,,,,
E8A6L9TTYS,4.0,,75.0,,,,4,,,,,,,,,,,,,,,,
E8A6L9VTAM,4.0,60.5,62.5,17.0,,,10,,,,,,,,,,,,,,,,
E8A6L9VTLA,4.0,78.0,16.5,13.5,,,13,,,,,,,,,,,,,,,,
E8AQL9TJXS,4.0,,63.5,18.5,,,4,,,,,,,,,,,,,,,,
E8ATL9YUSL,4.0,37.0,37.0,15.5,,,5,,,,,,,,,,,,,,,,
E8C2L9TVKR,4.0,,82.0,,,,4,,,,,,,,,,,,,,,,
E8CHL9Y2LB,4.0,30.5,30.5,24.666666666666668,,,4,,,,,,,,,,,,,,,,
E8CHL9Y2LD,4.0,0.0,41.0,54.75,,,3,,,,,,,,,,,,,,,,
E8CKQ9LVA5,4.0,78.0,78.0,11.666666666666666,,,11,,,,,,,,,,,,,,,,
E8CKQ9LVA7,4.0,87.5,81.5,7.7,,,8,,,,,,,,,,,,,,,,
E8CQL9YYKY,4.0,,90.0,,,,4,,,,,,,,,,,,,,,,
E8DPB0LKLA,4.0,77.0,77.0,11.0,,,5,,,,,,,,,,,,,,,,
E8DPB0LKLB,4.0,76.5,82.5,24.0,,,8,,,,,,,,,,,,,,,,
E8DPB0LKLC,4.0,79.5,79.5,15.5,,,5,,,,,,,,,,,,,,,,
E8DPB0LLLA,4.0,79.0,79.0,11.0,,,5,,,,,,,,,,,,,,,,
E9AAL0BHLA,4.0,63.5,64.5,17.0,,,13,,,,,,,,,,,,,,,,
E9AAL0BHLB,4.0,84.0,66.0,17.8,,,8,,,,,,,,,,,,,,,,
E9AAL0BJLA,4.0,81.5,67.5,17.416666666666668,,,10,,,,,,,,,,,,,,,,
E9AAL0BJLB,4.0,71.0,71.0,16.333333333333332,,,5,,,,,,,,,,,,,,,,
E9AAL0BJLJ,4.0,40.0,40.0,24.166666666666668,,,5,,,,,,,,,,,,,,,,
E9AAL0BJLK,4.0,76.5,74.5,13.818181818181818,,,20,,,,,,,,,,,,,,,,
E9AAL0BKLA,4.0,73.5,53.5,25.333333333333332,,,10,,,,,,,,,,,,,,,,
E9AAL0BKLB,4.0,76.0,71.5,19.863636363636363,,,19,,,,,,,,,,,,,,,,
E9AAL0BLLA,4.0,65.5,65.5,19.5,,,5,,,,,,,,,,,,,,,,
E9AAL0BLLB,4.0,70.0,70.0,17.833333333333332,,,5,,,,,,,,,,,,,,,,
E9AAL0BMLA,4.0,67.0,68.5,14.1,,,8,,,,,,,,,,,,,,,,
E9ACL0AZLC,4.0,70.0,65.5,20.681818181818183,,,17,,,,,,,,,,,,,,,,
E9ACL0AZLD,4.0,77.5,74.0,16.055555555555557,,,15,,,,,,,,,,,,,,,,
E9ACL0BALA,4.0,71.0,71.0,14.5,,,7,,,,,,,,,,,,,,,,
E9ACL0BALB,4.0,73.0,73.0,15.916666666666666,,,11,,,,,,,,,,,,,,,,
E9ACL0BALC,4.0,82.5,63.0,18.11111111111111,,,14,,,,,,,,,,,,,,,,
E9ACL0BBLA,4.0,70.0,70.0,16.166666666666668,,,5,,,,,,,,,,,,,,,,
E9ACL0BBLB,4.0,46.5,46.5,22.333333333333332,,,5,,,,,,,,,,,,,,,,
E9ACL0BCLA,4.0,80.5,73.0,15.944444444444445,,,14,,,,,,,,,,,,,,,,
E9ACL0BCLB,4.0,83.5,67.5,13.0,,,6,,,,,,,,,,,,,,,,
E9ACL0BDLF,4.0,71.5,82.5,15.3,,,8,,,,,,,,,,,,,,,,
E9ACL0BDLG,4.0,63.0,63.0,18.666666666666668,,,5,,,,,,,,,,,,,,,,
E9ACL0BDLH,4.0,71.0,71.0,14.166666666666666,,,5,,,,,,,,,,,,,,,,
E9ADL0ARLB,4.0,79.5,79.5,11.0,,,2,,,,,,,,,,,,,,,,
E9AKL0ATLA,4.0,75.0,75.0,12.75,,,7,,,,,,,,,,,,,,,,
E9AKL0ATLB,4.0,74.5,74.5,10.0,,,5,,,,,,,,,,,,,,,,
E9AKL0AULA,4.0,86.5,86.5,8.166666666666666,,,5,,,,,,,,,,,,,,,,
E9AKL0AVLA,4.0,73.5,73.5,10.5,,,5,,,,,,,,,,,,,,,,
E9AKL0AVLB,4.0,76.5,76.5,9.375,,,7,,,,,,,,,,,,,,,,
E9AKL0AVLC,4.0,73.5,73.5,8.666666666666666,,,5,,,,,,,,,,,,,,,,
E9AKL0AWLA,4.0,70.5,70.5,8.0,,,5,,,,,,,,,,,,,,,,
E9AKL0AWLB,4.0,59.0,59.0,15.166666666666666,,,5,,,,,,,,,,,,,,,,
E9AKL0AWLC,4.0,73.5,73.5,13.0,,,7,,,,,,,,,,,,,,,,
E9AKL0AXLA,4.0,77.5,77.5,9.833333333333334,,,5,,,,,,,,,,,,,,,,
E9AKL0AXLB,4.0,72.5,72.5,7.0,,,5,,,,,,,,,,,,,,,,
E9AKL0AXLD,4.0,,90.5,5.0,,,4,,,,,,,,,,,,,,,,
E9AKL0AYLA,4.0,91.0,91.0,8.833333333333334,,,5,,,,,,,,,,,,,,,,
E9AKL0AYLB,4.0,83.5,83.5,8.666666666666666,,,5,,,,,,,,,,,,,,,,
E9ALL0ALLA,4.0,92.0,83.0,8.7,,,8,,,,,,,,,,,,,,,,
E9ALL0ALLB,4.0,90.0,90.0,10.0,,,5,,,,,,,,,,,,,,,,
E9ALL0AMLA,4.0,81.0,80.0,10.7,,,8,,,,,,,,,,,,,,,,
E9ALL0AMLB,4.0,85.0,69.0,11.071428571428571,,,11,,,,,,,,,,,,,,,,
E9AML0AALA,4.0,83.0,86.0,9.2,,,8,,,,,,,,,,,,,,,,
E9AML0AALB,4.0,84.0,85.5,11.8,,,8,,,,,,,,,,,,,,,,
E9AML0ABLA,4.0,82.0,83.5,8.9,,,8,,,,,,,,,,,,,,,,
E9AML0ABLB,4.0,81.5,80.5,10.071428571428571,,,11,,,,,,,,,,,,,,,,
E9AML0ABLC,4.0,87.0,87.0,8.166666666666666,,,5,,,,,,,,,,,,,,,,
E9AML0ACLA,4.0,83.0,78.0,10.6,,,8,,,,,,,,,,,,,,,,
E9AML0ACLB,4.0,86.0,79.5,15.166666666666666,,,5,,,,,,,,,,,,,,,,
E9AML0ACLC,4.0,85.5,85.5,14.5,,,5,,,,,,,,,,,,,,,,
E9AML0ADLA,4.0,83.0,83.5,11.8,,,8,,,,,,,,,,,,,,,,
E9AML0ADLB,4.0,84.0,85.0,12.6,,,8,,,,,,,,,,,,,,,,
E9AML0AELA,4.0,70.5,70.5,9.166666666666666,,,5,,,,,,,,,,,,,,,,
E9AML0AELB,4.0,77.5,77.5,16.833333333333332,,,5,,,,,,,,,,,,,,,,
E9ATL0BULA,4.0,82.5,82.5,13.5,,,5,,,,,,,,,,,,,,,,
E9ATL0BULB,4.0,89.0,89.0,12.5,,,5,,,,,,,,,,,,,,,,
E9ATL0BVLC,4.0,74.5,74.5,11.5,,,5,,,,,,,,,,,,,,,,
E9ATL0BVLD,4.0,80.0,83.5,11.5,,,8,,,,,,,,,,,,,,,,
E9ATL0BWLB,4.0,84.0,81.5,12.8,,,8,,,,,,,,,,,,,,,,
E9ATL0BXLA,4.0,71.0,71.0,12.666666666666666,,,5,,,,,,,,,,,,,,,,
E9ATL0BXLB,4.0,81.0,81.0,14.5,,,5,,,,,,,,,,,,,,,,
E9ATL0BYLB,4.0,85.5,85.5,10.166666666666666,,,5,,,,,,,,,,,,,,,,
E9ATL0BZLB,4.0,81.5,81.5,9.666666666666666,,,5,,,,,,,,,,,,,,,,
E9C1L0BNLB,4.0,84.0,84.0,18.666666666666668,,,5,,,,,,,,,,,,,,,,
E9C1L0BNLC,4.0,87.5,88.0,9.5,,,2,,,,,,,,,,,,,,,,
E9C1L0BPLB,4.0,83.5,85.5,11.2,,,8,,,,,,,,,,,,,,,,
E9C1L0BQLA,4.0,90.0,90.0,9.166666666666666,,,5,,,,,,,,,,,,,,,,
E9C1L0BQLB,4.0,83.0,83.0,17.333333333333332,,,5,,,,,,,,,,,,,,,,
E9C1L0BRLA,4.0,79.0,79.0,11.333333333333334,,,5,,,,,,,,,,,,,,,,
E9C1L0BRLB,4.0,84.0,84.0,9.5,,,6,,,,,,,,,,,,,,,,
E9C1L0BSLA,4.0,86.0,86.0,12.0,,,5,,,,,,,,,,,,,,,,
E9C1L0BSLB,4.0,81.0,81.0,14.333333333333334,,,5,,,,,,,,,,,,,,,,
E9C1L0BSLC,4.0,83.5,83.5,11.0,,,5,,,,,,,,,,,,,,,,
E9C2L0PDLA,4.0,77.5,87.5,12.214285714285714,,,11,,,,,,,,,,,,,,,,
E9C2L0PDLB,4.0,89.0,68.0,14.083333333333334,,,5,,,,,,,,,,,,,,,,
E9C2L0PELA,4.0,86.0,62.5,9.875,,,7,,,,,,,,,,,,,,,,
E9C2L0PELB,4.0,74.0,79.0,13.5,,,7,,,,,,,,,,,,,,,,
E9C2L0PFLA,4.0,79.5,79.5,13.666666666666666,,,4,,,,,,,,,,,,,,,,
E9C2L0PFLB,4.0,78.5,69.0,16.75,,,6,,,,,,,,,,,,,,,,
E9C2L0PGLA,4.0,86.0,77.5,12.5,,,5,,,,,,,,,,,,,,,,
E9C2L0PGLB,4.0,79.5,74.5,16.428571428571427,,,11,,,,,,,,,,,,,,,,
E9C2L0PGLC,4.0,74.5,72.0,29.916666666666668,,,6,,,,,,,,,,,,,,,,
E9C2L0PHLA,4.0,85.0,67.5,14.666666666666666,,,5,,,,,,,,,,,,,,,,
E9C2L0PHLB,4.0,73.0,67.0,18.7,,,8,,,,,,,,,,,,,,,,
E9C2L0PJLA,4.0,83.5,76.0,14.0,,,5,,,,,,,,,,,,,,,,
E9C2L0PJLB,4.0,88.5,77.0,13.166666666666666,,,5,,,,,,,,,,,,,,,,
E9C2L0PJLC,4.0,87.0,87.0,9.166666666666666,,,5,,,,,,,,,,,,,,,,
E9C3L0EHLA,4.0,69.5,87.0,18.2,,,16,,,,,,,,,,,,,,,,
E9C3L0EHLB,4.0,81.5,70.5,19.583333333333332,,,10,,,,,,,,,,,,,,,,
E9C3L0EJLA,4.0,51.0,51.0,21.8,,,7,,,,,,,,,,,,,,,,
E9C3L0EJLB,4.0,72.5,72.5,24.166666666666668,,,5,,,,,,,,,,,,,,,,
E9C3L0EKLA,4.0,76.5,50.5,20.285714285714285,,,12,,,,,,,,,,,,,,,,
E9C3L0EKLB,4.0,,68.5,20.5,,,4,,,,,,,,,,,,,,,,
E9C5H0N1LA,4.0,74.5,74.5,15.0,,,5,,,,,,,,,,,,,,,,
E9C5H0N1LB,4.0,77.0,61.0,21.5,,,13,,,,,,,,,,,,,,,,
E9C5H0N1LC,4.0,67.5,67.5,24.0,,,5,,,,,,,,,,,,,,,,
E9C5H0N2LA,4.0,72.0,73.0,21.285714285714285,,,11,,,,,,,,,,,,,,,,
E9C5H0N2LB,4.0,71.5,71.5,14.0,,,5,,,,,,,,,,,,,,,,
E9C5H0N2LC,4.0,80.0,80.0,17.833333333333332,,,5,,,,,,,,,,,,,,,,
E9C5H0N3LB,4.0,76.0,76.0,16.166666666666668,,,5,,,,,,,,,,,,,,,,
E9C5H0N3LC,4.0,67.0,69.5,15.428571428571429,,,11,,,,,,,,,,,,,,,,
E9C5H0N4LA,4.0,75.5,75.5,17.5,,,5,,,,,,,,,,,,,,,,
E9C5H0N4LB,4.0,54.0,47.5,26.214285714285715,,,11,,,,,,,,,,,,,,,,
E9C5H0N5LB,4.0,73.5,73.5,18.0,,,5,,,,,,,,,,,,,,,,
E9C6B0LMLA,4.0,91.0,83.5,7.0,,,7,,,,,,,,,,,,,,,,
E9C6B0LMLB,4.0,96.0,84.0,10.0,,,8,,,,,,,,,,,,,,,,
E9C6B0LMLC,4.0,95.5,86.0,6.8,,,8,,,,,,,,,,,,,,,,
E9C6B0LNE2,4.0,73.5,73.5,11.375,,,7,2.0,72.0,72.0,21.5,,,4.0,,,,,,,,,1.5
E9C7L0HSLA,4.0,85.0,71.0,13.727272727272727,,,20,,,,,,,,,,,,,,,,
E9C7L0HSLB,4.0,84.0,84.0,9.166666666666666,,,5,,,,,,,,,,,,,,,,
E9C7L0HSLC,4.0,70.5,76.5,9.1,,,8,,,,,,,,,,,,,,,,
E9C7L0HTLA,4.0,84.0,84.0,10.666666666666666,,,5,,,,,,,,,,,,,,,,
E9C9L0DELF,4.0,65.5,65.5,11.9,,,7,,,,,,,,,,,,,,,,
E9C9L0DELG,4.0,71.5,71.5,13.7,,,7,,,,,,,,,,,,,,,,
E9C9L0DFLA,4.0,46.0,46.0,22.419999999999998,,,7,,,,,,,,,,,,,,,,
E9C9L0DFLB,4.0,69.5,69.5,12.1,,,7,,,,,,,,,,,,,,,,
E9C9L0DGLA,4.0,76.5,81.0,10.7,,,9,,,,,,,,,,,,,,,,
E9CKB0MJLB,4.0,,68.5,21.0,,,8,,,,,,,,,,,,,,,,
E9CKB0MJLC,4.0,,69.0,20.0,,,8,,,,,,,,,,,,,,,,
E9CKB0MJLD,4.0,,65.0,20.5,,,8,,,,,,,,,,,,,,,,
E9CKB0MJLE,4.0,84.0,65.0,11.5,,,8,,,,,,,,,,,,,,,,
E9CKB0MKLA,4.0,80.5,81.0,12.5,,,2,,,,,,,,,,,,,,,,
E9CKB0MKLB,4.0,,67.5,16.5,,,4,,,,,,,,,,,,,,,,
E9CKB0MKLC,4.0,82.0,63.0,20.4,,,9,,,,,,,,,,,,,,,,
E9CKB0MLLA,4.0,,66.0,11.5,,,4,,,,,,,,,,,,,,,,
E9CNL0AGLA,4.0,84.0,80.0,11.5,,,8,,,,,,,,,,,,,,,,
E9CNL0AGLB,4.0,88.5,86.0,8.25,,,7,,,,,,,,,,,,,,,,
E9CNL0AHLA,4.0,85.0,85.0,10.0,,,5,,,,,,,,,,,,,,,,
E9CNL0AHLB,4.0,82.0,85.5,8.2,,,8,,,,,,,,,,,,,,,,
E9CNL0AHLD,4.0,84.0,84.0,9.833333333333334,,,5,,,,,,,,,,,,,,,,
E9CNL0AJLA,4.0,82.0,86.0,8.333333333333334,,,15,,,,,,,,,,,,,,,,
E9CPL0BELC,4.0,63.5,64.0,19.5,,,2,,,,,,,,,,,,,,,,
E9CPL0BELD,4.0,70.0,65.5,20.033333333333335,,,27,,,,,,,,,,,,,,,,
E9CPL0BELF,4.0,68.0,71.5,16.083333333333332,,,10,,,,,,,,,,,,,,,,
E9CPL0BFLD,4.0,82.0,53.0,20.5625,,,13,,,,,,,,,,,,,,,,
E9CPL0BFLF,4.0,78.0,31.5,22.5,,,9,,,,,,,,,,,,,,,,
E9CPL0BGLA,4.0,82.0,82.0,15.5,,,5,,,,,,,,,,,,,,,,
E9CPL0BGLB,4.0,36.5,36.5,31.166666666666668,,,5,,,,,,,,,,,,,,,,
E9CPL0BGLC,4.0,60.0,60.0,19.833333333333332,,,5,,,,,,,,,,,,,,,,
E9CRL0JALB,4.0,58.5,45.0,18.875,,,4,,,,,,,,,,,,,,,,
E9CRL0JALC,4.0,54.5,55.0,16.5,,,2,,,,,,,,,,,,,,,,
E9CRL0JALE,4.0,41.0,41.0,15.4,,,7,,,,,,,,,,,,,,,,
E9CRL0JALF,4.0,57.5,72.0,13.0,,,8,,,,,,,,,,,,,,,,
E9CRL0JBLA,4.0,61.5,61.5,22.0,,,2,,,,,,,,,,,,,,,,
E9CRL0JBLC,4.0,70.0,55.5,16.3,,,11,,,,,,,,,,,,,,,,
E9CRL0JBLD,4.0,57.5,55.5,13.9375,,,11,,,,,,,,,,,,,,,,
E9CRL0JBLE,4.0,39.5,39.5,18.0,,,5,,,,,,,,,,,,,,,,
E9CRL0JCLA,4.0,69.5,72.5,12.0,,,14,,,,,,,,,,,,,,,,
E9CRL0JCLB,4.0,33.5,65.0,11.4,,,6,,,,,,,,,,,,,,,,
E9CRL0JCLC,4.0,71.5,55.0,11.5625,,,11,,,,,,,,,,,,,,,,
E9CRL0JCLD,4.0,67.0,67.5,9.5,,,11,,,,,,,,,,,,,,,,
E9CRL0JELA,4.0,65.0,65.0,15.0,,,2,,,,,,,,,,,,,,,,
E9CRQ02WE0,4.0,47.0,47.0,34.5,,,2,,,,,,,,,,,,,,,,
E9CRQ02WE9,4.0,25.5,25.5,14.5,,,4,,,,,,,,,,,,,,,,
E9CSL0MBLA,4.0,75.5,48.0,16.0,,,7,,,,,,,,,,,,,,,,
E9CSL0MBLB,4.0,75.5,44.5,13.3,,,8,,,,,,,,,,,,,,,,
E9CSL0MBLC,4.0,66.5,66.5,17.1,,,8,,,,,,,,,,,,,,,,
E9CSL0MCLA,4.0,62.0,62.0,13.166666666666666,,,5,,,,,,,,,,,,,,,,
E9CSL0MCLB,4.0,78.5,25.5,16.583333333333332,,,9,,,,,,,,,,,,,,,,
E9CSL0MCLC,4.0,76.5,68.0,18.75,,,16,,,,,,,,,,,,,,,,
E9CSL0MCLD,4.0,74.5,24.0,19.4,,,8,,,,,,,,,,,,,,,,
E9CSL0MDLA,4.0,88.0,78.0,14.0,,,8,,,,,,,,,,,,,,,,
E9CSL0MDLB,4.0,82.5,82.5,8.5,,,8,,,,,,,,,,,,,,,,
E9CSL0MDLC,4.0,75.5,83.0,17.0,,,6,,,,,,,,,,,,,,,,
E9CSL0MELA,4.0,79.5,61.0,13.166666666666666,,,5,,,,,,,,,,,,,,,,
E9CSL0MELB,4.0,87.0,55.5,13.833333333333334,,,5,,,,,,,,,,,,,,,,
E9CUL0CXLM,4.0,75.0,82.0,13.3,,,16,,,,,,,,,,,,,,,,
E9CUL0CXLN,4.0,83.0,75.5,12.4,,,8,,,,,,,,,,,,,,,,
E9CUL0CXLR,4.0,69.0,69.0,11.7,,,7,,,,,,,,,,,,,,,,
E9CUL0CYLD,4.0,82.5,88.0,9.625,,,8,,,,,,,,,,,,,,,,
E9CUL0CYLE,4.0,84.0,86.5,10.2,,,8,,,,,,,,,,,,,,,,
E9CUL0CZLA,4.0,82.0,82.0,14.5,,,5,,,,,,,,,,,,,,,,
E9CUL0CZLB,4.0,83.5,83.5,10.333333333333334,,,5,,,,,,,,,,,,,,,,
E9CUL0DALD,4.0,88.0,63.0,10.0,,,9,,,,,,,,,,,,,,,,
E9CUL0DALE,4.0,83.0,83.0,10.166666666666666,,,5,,,,,,,,,,,,,,,,
E9CUL0DALF,4.0,89.0,89.0,10.166666666666666,,,5,,,,,,,,,,,,,,,,
E9CUL0DBLA,4.0,83.5,68.5,14.0,,,8,,,,,,,,,,,,,,,,
E9CVL0F6LA,4.0,46.5,46.5,19.2,,,7,,,,,,,,,,,,,,,,
E9CVL0FJLA,4.0,81.5,72.5,12.75,,,4,,,,,,,,,,,,,,,,
E9CVL0FJLB,4.0,82.5,73.5,11.357142857142858,,,13,,,,,,,,,,,,,,,,
E9CVL0FJLD,4.0,85.0,85.0,10.5,,,2,,,,,,,,,,,,,,,,
E9CVL0FKLA,4.0,77.0,77.0,12.8,,,8,,,,,,,,,,,,,,,,
E9CVL0FKLB,4.0,79.5,79.5,14.4,,,8,,,,,,,,,,,,,,,,
E9CVL0FLLL,4.0,57.5,58.0,28.0,,,2,,,,,,,,,,,,,,,,
E9CVL0FLLM,4.0,72.0,72.0,15.5,,,2,,,,,,,,,,,,,,,,
E9CZL0BHLA,4.0,65.0,89.0,15.0,,,9,,,,,,,,,,,,,,,,
E9CZL0BHLB,4.0,85.0,76.5,16.571428571428573,,,11,,,,,,,,,,,,,,,,
E9CZL0BKLA,4.0,85.5,85.5,11.0,,,7,,,,,,,,,,,,,,,,
E9CZL0BKLB,4.0,,73.0,16.0,,,4,,,,,,,,,,,,,,,,
E9CZL0BLLA,4.0,88.5,87.0,9.4,,,8,,,,,,,,,,,,,,,,
E9CZL0BLLB,4.0,88.5,88.5,11.833333333333334,,,5,,,,,,,,,,,,,,,,
E9CZL0BMLA,4.0,85.5,85.5,9.166666666666666,,,5,,,,,,,,,,,,,,,,
E9D1B0NGLA,4.0,89.5,90.0,4.0,,,2,,,,,,,,,,,,,,,,
E9D1B0NGLD,4.0,83.5,84.0,10.0,,,2,,,,,,,,,,,,,,,,
E9D1B0NGLE,4.0,88.5,89.0,7.0,,,2,,,,,,,,,,,,,,,,
E9D1B0NGLF,4.0,85.5,86.0,8.5,,,2,,,,,,,,,,,,,,,,
E9D1B0NHLA,4.0,86.5,86.5,8.875,,,16,,,,,,,,,,,,,,,,
E9D1B0NHLC,4.0,88.5,79.0,15.6,,,16,,,,,,,,,,,,,,,,
E9D3H0QKLA,4.0,28.8,20.5,37.85,,,6,,,,,,,,,,,,,,,,
E9D3H0QLLA,4.0,60.0,30.5,37.5,,,6,,,,,,,,,,,,,,,,
E9D5L0NSLA,4.0,68.0,65.0,17.3,,,8,,,,,,,,,,,,,,,,
E9D5L0NSLB,4.0,74.0,69.0,13.7,,,8,,,,,,,,,,,,,,,,
E9D5L0NTLA,4.0,67.5,81.0,13.5,,,10,,,,,,,,,,,,,,,,
E9D5L0NTLB,4.0,63.0,17.0,25.5,,,10,,,,,,,,,,,,,,,,
E9D5L0NULB,4.0,47.5,47.5,22.833333333333332,,,6,,,,,,,,,,,,,,,,
E9D5L0NULC,4.0,75.0,67.0,15.333333333333334,,,5,,,,,,,,,,,,,,,,
E9D5L0NVLA,4.0,81.5,84.0,15.2,,,8,,,,,,,,,,,,,,,,
E9D5L0NVLB,4.0,75.0,75.0,13.6,,,8,,,,,,,,,,,,,,,,
E9D5L0NWLA,4.0,71.0,55.0,22.3,,,8,,,,,,,,,,,,,,,,
E9D5L0NWLB,4.0,73.5,79.5,14.0,,,8,,,,,,,,,,,,,,,,
E9D5L0NXLC,4.0,47.0,47.0,18.1,,,7,,,,,,,,,,,,,,,,
E9D5L0NXLD,4.0,59.0,59.0,17.5,,,4,,,,,,,,,,,,,,,,
E9D6B0NPLA,4.0,71.0,71.0,15.0,,,12,,,,,,,,,,,,,,,,
E9D6B0NPLB,4.0,77.0,77.0,15.2,,,9,,,,,,,,,,,,,,,,
E9D6B0NPLC,4.0,80.0,80.0,16.3,,,9,,,,,,,,,,,,,,,,
E9D6B0NQLA,4.0,,84.0,13.0,,,6,,,,,,,,,,,,,,,,
E9D7B0MTLA,4.0,78.5,79.0,16.0,,,2,,,,,,,,,,,,,,,,
E9DAL0EMLE,4.0,64.0,64.0,15.6,,,7,,,,,,,,,,,,,,,,
E9DAL0EMLF,4.0,61.0,61.0,21.9,,,7,,,,,,,,,,,,,,,,
E9DAL0ENLA,4.0,71.5,71.5,24.3,,,9,,,,,,,,,,,,,,,,
E9DAL0ENLB,4.0,70.0,70.0,22.5,,,5,,,,,,,,,,,,,,,,
E9DAL0ENLC,4.0,71.5,71.5,28.25,,,7,,,,,,,,,,,,,,,,
E9DAL0EPLD,4.0,77.5,77.0,37.625,,,8,,,,,,,,,,,,,,,,
E9DEL0LMLA,4.0,83.0,60.0,11.375,,,12,,,,,,,,,,,,,,,,
E9DEL0LMLB,4.0,82.5,70.0,13.681818181818182,,,17,,,,,,,,,,,,,,,,
E9DEL0LNLA,4.0,86.0,69.0,15.5,,,3,,,,,,,,,,,,,,,,
E9DEL0LNLB,4.0,81.5,81.5,9.333333333333334,,,5,,,,,,,,,,,,,,,,
E9DFL0NPLA,4.0,78.0,64.5,19.25,,,7,,,,,,,,,,,,,,,,
E9DFL0NPLB,4.0,77.0,70.0,15.8,,,9,,,,,,,,,,,,,,,,
E9DFL0NQLA,4.0,72.0,64.0,15.875,,,7,,,,,,,,,,,,,,,,
E9DFL0NQLB,4.0,85.5,85.5,12.333333333333334,,,5,,,,,,,,,,,,,,,,
E9DFL0NQLC,4.0,78.5,78.5,14.5,,,5,,,,,,,,,,,,,,,,
E9DFL0NRLA,4.0,84.5,87.5,11.357142857142858,,,11,,,,,,,,,,,,,,,,
E9DFL0NRLB,4.0,84.0,87.0,10.0,,,7,,,,,,,,,,,,,,,,
E9DGL0EBLF,4.0,74.5,70.5,17.5,,,9,,,,,,,,,,,,,,,,
E9DGL0EBLG,4.0,71.0,72.0,15.0,,,7,,,,,,,,,,,,,,,,
E9DGL0EBLV,4.0,87.0,70.0,9.583333333333334,,,9,,,,,,,,,,,,,,,,
E9DGL0EBLW,4.0,89.0,71.0,8.3,,,8,,,,,,,,,,,,,,,,
E9DGL0EBLX,4.0,82.5,67.5,13.5,,,6,,,,,,,,,,,,,,,,
E9DGL0EBLZ,4.0,87.5,74.5,12.125,,,13,,,,,,,,,,,,,,,,
E9DGL0ECLB,4.0,87.5,85.0,7.0,,,6,,,,,,,,,,,,,,,,
E9DGL0ECLC,4.0,87.5,81.0,8.5,,,6,,,,,,,,,,,,,,,,
E9DGL0EDLG,4.0,94.5,88.0,7.5,,,8,,,,,,,,,,,,,,,,
E9DGL0EDLH,4.0,80.5,84.5,13.4,,,8,,,,,,,,,,,,,,,,
E9DGL0EDLJ,4.0,85.5,85.5,10.833333333333334,,,5,,,,,,,,,,,,,,,,
E9DGL0EELA,4.0,85.5,85.5,12.0,,,5,,,,,,,,,,,,,,,,
E9DGL0EELB,4.0,86.0,83.5,10.4,,,8,,,,,,,,,,,,,,,,
E9DGL0EELC,4.0,86.5,86.5,11.666666666666666,,,5,,,,,,,,,,,,,,,,
E9DGL0EFLA,4.0,83.5,79.0,10.5,,,8,,,,,,,,,,,,,,,,
E9DJB0NBLA,4.0,85.5,85.5,8.5,,,4,,,,,,,,,,,,,,,,
E9DJB0NBLB,4.0,,74.5,16.0,,,4,,,,,,,,,,,,,,,,
E9DJB0NBLC,4.0,66.0,50.5,28.333333333333332,,,5,,,,,,,,,,,,,,,,
E9DJB0NBLD,4.0,,65.5,17.5,,,8,,,,,,,,,,,,,,,,
E9DJB0NBLE,4.0,75.0,75.0,12.5,,,2,,,,,,,,,,,,,,,,
E9DJB0NBLF,4.0,57.5,57.5,22.3,,,9,,,,,,,,,,,,,,,,
E9DJB0NCLA,4.0,81.0,81.0,11.0,,,7,,,,,,,,,,,,,,,,
E9DJB0NCLB,4.0,65.0,65.0,25.5,,,2,,,,,,,,,,,,,,,,
E9DJB0NCLC,4.0,,78.0,12.5,,,8,,,,,,,,,,,,,,,,
E9DJB0NDLA,4.0,,71.0,16.5,,,4,,,,,,,,,,,,,,,,
E9DJB0NDLB,4.0,,74.5,11.5,,,4,,,,,,,,,,,,,,,,
E9DJB0NDLC,4.0,82.0,70.5,16.875,,,8,,,,,,,,,,,,,,,,
E9DJB0NDLD,4.0,,63.0,28.5,,,6,,,,,,,,,,,,,,,,
E9DJB0NDLE,4.0,,72.0,20.0,,,8,,,,,,,,,,,,,,,,
E9DJB0NELA,4.0,69.5,61.5,26.72222222222222,,,14,,,,,,,,,,,,,,,,
E9DJB0NFLA,4.0,72.5,62.83,17.928571428571427,,,11,,,,,,,,,,,,,,,,
E9DLH1TMLA,4.0,67.5,67.5,33.333333333333336,,,6,2.0,76.5,76.5,13.5,,,4.0,1.0,73.0,63.0,24.833333333333332,,,14.0,3.5,-9.0
E9DLH1TMLB,4.0,,43.0,45.0,,,4,2.0,76.5,76.5,13.5,,,4.0,1.0,73.0,63.0,24.833333333333332,,,14.0,3.5,
E9DLH1TMLC,4.0,67.0,68.5,24.083333333333332,,,10,2.0,76.5,76.5,13.5,,,4.0,1.0,73.0,63.0,24.833333333333332,,,14.0,3.5,-9.5
E9DLH1TMLD,4.0,,55.0,87.0,,,6,2.0,76.5,76.5,13.5,,,4.0,1.0,73.0,63.0,24.833333333333332,,,14.0,3.5,
E9DML0DJLC,4.0,80.5,78.0,12.61111111111111,,,14,,,,,,,,,,,,,,,,
E9DML0DJLD,4.0,86.0,86.0,9.5,,,5,,,,,,,,,,,,,,,,
E9DML0DJLE,4.0,81.0,81.0,10.666666666666666,,,5,,,,,,,,,,,,,,,,
E9DML0DKLC,4.0,85.5,81.0,9.9,,,8,,,,,,,,,,,,,,,,
E9DML0DKLD,4.0,86.5,90.5,9.6,,,8,,,,,,,,,,,,,,,,
E9DML0DKLE,4.0,86.0,86.0,10.833333333333334,,,5,,,,,,,,,,,,,,,,
E9DML0DLLC,4.0,79.0,72.5,14.8,,,8,,,,,,,,,,,,,,,,
E9DML0DLLD,4.0,83.0,83.0,13.166666666666666,,,5,,,,,,,,,,,,,,,,
E9DML0DLLE,4.0,86.0,86.0,11.0,,,5,,,,,,,,,,,,,,,,
E9DML0DMLD,4.0,89.0,55.5,12.333333333333334,,,14,,,,,,,,,,,,,,,,
E9DML0DMLE,4.0,77.0,70.0,11.6,,,8,,,,,,,,,,,,,,,,
E9DRL0FQLA,4.0,76.0,76.0,18.0,,,5,,,,,,,,,,,,,,,,
E9DRL0FQLB,4.0,67.5,53.0,17.1875,,,14,,,,,,,,,,,,,,,,
E9DRL0FRLA,4.0,72.5,72.5,12.666666666666666,,,5,,,,,,,,,,,,,,,,
E9DRL0FRLB,4.0,,67.0,7.25,,,6,,,,,,,,,,,,,,,,
E9DRL0FSLA,4.0,58.5,48.5,16.227272727272727,,,15,,,,,,,,,,,,,,,,
E9DRL0FSLB,4.0,56.5,56.5,16.666666666666668,,,5,,,,,,,,,,,,,,,,
E9DRL0FTLA,4.0,86.0,86.0,7.0,,,5,,,,,,,,,,,,,,,,
E9DRL0FTLB,4.0,75.0,75.0,14.666666666666666,,,5,,,,,,,,,,,,,,,,
E9DRL0FULB,4.0,56.0,56.0,21.3,,,7,,,,,,,,,,,,,,,,
E9DRL0FULC,4.0,59.5,59.5,20.333333333333332,,,5,,,,,,,,,,,,,,,,
E9DTB1LWEA,4.0,,78.5,6.5,,,4,2.0,90.5,88.5,6.214285714285714,,,12.0,1.0,55.0,90.9,6.275,,,18.0,35.5,
E9DTB1LXEA,4.0,90.0,85.0,6.875,,,11,2.0,93.5,86.0,5.285714285714286,,,12.0,1.0,55.0,90.9,6.275,,,18.0,38.5,-3.5
E9DTB1LXEB,4.0,86.0,79.0,9.75,,,11,2.0,93.5,86.0,5.285714285714286,,,12.0,1.0,55.0,90.9,6.275,,,18.0,38.5,-7.5
E9DTB1MAEA,4.0,85.5,83.5,8.7,,,10,2.0,79.5,90.5,10.5,,,6.0,1.0,55.0,90.9,6.275,,,18.0,24.5,6.0
E9DTB1MBEB,4.0,,74.5,12.0,,,2,2.0,89.0,84.0,5.375,,,13.0,1.0,55.0,90.9,6.275,,,18.0,34.0,
E9DTB1MBED,4.0,,73.5,13.5,,,2,2.0,88.28,83.04,6.133333333333334,,,25.0,1.0,55.0,90.9,6.275,,,18.0,33.28,
E9DUB0LAE1,4.0,92.0,92.0,9.75,,,11,,,,,,,,,,,,,,,,
E9DUB0LAE2,4.0,88.5,88.5,6.0,,,7,,,,,,,,,,,,,,,,
E9DUB0LBE3,4.0,93.5,93.5,4.928571428571429,,,10,,,,,,,,,,,,,,,,
E9DUB0LBE5,4.0,88.5,88.5,17.375,,,7,,,,,,,,,,,,,,,,
E9DUB0LCE5,4.0,95.0,95.0,7.125,,,7,,,,,,,,,,,,,,,,
E9DUB0LCE6,4.0,91.5,83.0,3.9285714285714284,,,12,,,,,,,,,,,,,,,,
E9DUB0LCE8,4.0,88.0,88.0,5.25,,,7,,,,,,,,,,,,,,,,
E9DUB0LDE1,4.0,90.5,90.5,5.375,,,7,,,,,,,,,,,,,,,,
E9DUB0LDE2,4.0,82.0,82.0,8.125,,,7,,,,,,,,,,,,,,,,
E9DUB0LEE0,4.0,82.5,82.5,7.25,,,7,,,,,,,,,,,,,,,,
E9DUB0LEE9,4.0,83.5,83.5,5.75,,,7,,,,,,,,,,,,,,,,
E9DVB1MCEA,4.0,94.5,89.0,5.9,,,13,2.0,91.0,91.0,5.0,,,8.0,1.0,86.3,86.0,9.9,,,2.0,4.700000000000003,3.5
E9DVB1MCEB,4.0,94.0,86.0,6.4,,,13,2.0,91.0,91.0,5.0,,,8.0,1.0,86.3,86.0,9.9,,,2.0,4.700000000000003,3.0
E9DWL0NYLA,4.0,80.0,92.5,9.3,,,8,,,,,,,,,,,,,,,,
E9DWL0NYLB,4.0,88.0,84.5,10.785714285714286,,,11,,,,,,,,,,,,,,,,
E9DWL0NZLA,4.0,86.5,85.0,11.928571428571429,,,11,,,,,,,,,,,,,,,,
E9DWL0NZLB,4.0,85.5,68.0,16.7,,,9,,,,,,,,,,,,,,,,
E9DWL0PALA,4.0,79.5,79.5,8.666666666666666,,,5,,,,,,,,,,,,,,,,
E9DWL0PALB,4.0,80.0,80.0,10.666666666666666,,,5,,,,,,,,,,,,,,,,
E9DWL0PBLA,4.0,84.0,72.5,12.5,,,9,,,,,,,,,,,,,,,,
E9DWL0PBLB,4.0,89.0,80.0,10.833333333333334,,,10,,,,,,,,,,,,,,,,
E9DWL0PCLA,4.0,76.5,82.0,10.214285714285714,,,12,,,,,,,,,,,,,,,,
E9DWL0PCLB,4.0,84.0,79.0,14.25,,,10,,,,,,,,,,,,,,,,
E9DYB0MQLA,4.0,79.0,80.5,13.75,,,8,,,,,,,,,,,,,,,,
E9DYB0MQLB,4.0,,88.5,8.0,,,4,,,,,,,,,,,,,,,,
E9DYB0MQLC,4.0,86.5,86.5,14.75,,,3,,,,,,,,,,,,,,,,
E9DYB0MQLD,4.0,86.0,86.0,7.833333333333333,,,10,,,,,,,,,,,,,,,,
E9DYB0MQLE,4.0,,81.5,13.5,,,16,,,,,,,,,,,,,,,,
E9E4L0MHLA,4.0,80.0,50.0,12.1,,,9,,,,,,,,,,,,,,,,
E9E4L0MJLA,4.0,73.0,42.5,12.928571428571429,,,11,,,,,,,,,,,,,,,,
E9E4L0MJLB,4.0,80.0,42.0,12.0,,,5,,,,,,,,,,,,,,,,
E9E4L0MKLA,4.0,78.5,51.0,10.357142857142858,,,11,,,,,,,,,,,,,,,,
E9E4L0MKLB,4.0,78.5,38.0,13.75,,,7,,,,,,,,,,,,,,,,
E9E4L0MLLA,4.0,75.0,44.0,13.5,,,9,,,,,,,,,,,,,,,,
E9E4L0MLLB,4.0,56.5,56.5,12.833333333333334,,,5,,,,,,,,,,,,,,,,
E9E5B0PALA,4.0,71.0,71.0,20.0,,,2,,,,,,,,,,,,,,,,
E9E5B0PALB,4.0,89.5,89.5,11.333333333333334,,,5,,,,,,,,,,,,,,,,
E9E6L0GQLB,4.0,51.0,51.0,27.0,,,2,,,,,,,,,,,,,,,,
E9E6L0GRLA,4.0,46.0,46.0,18.5,,,4,,,,,,,,,,,,,,,,
E9E9L0HKLB,4.0,49.0,31.5,11.916666666666666,,,8,,,,,,,,,,,,,,,,
E9E9L0HKLC,4.0,53.5,53.5,10.8,,,7,,,,,,,,,,,,,,,,
E9E9L0HLLA,4.0,54.0,17.0,23.25,,,8,,,,,,,,,,,,,,,,
E9EAL0NHLA,4.0,80.5,63.5,24.642857142857142,,,13,,,,,,,,,,,,,,,,
E9EAL0NHLB,4.0,83.0,44.0,16.5,,,6,,,,,,,,,,,,,,,,
E9EAL0NJLA,4.0,71.0,55.5,19.875,,,19,,,,,,,,,,,,,,,,
E9EAL0NJLB,4.0,73.0,79.0,26.5,,,6,,,,,,,,,,,,,,,,
E9EAL0NKLA,4.0,81.5,79.0,13.0,,,8,,,,,,,,,,,,,,,,
E9EAL0NKLB,4.0,84.5,85.5,13.8,,,8,,,,,,,,,,,,,,,,
E9EAL0NLLA,4.0,76.5,85.0,11.7,,,8,,,,,,,,,,,,,,,,
E9EAL0NLLB,4.0,76.0,80.5,17.8,,,8,,,,,,,,,,,,,,,,
E9EAL0NMLA,4.0,85.5,87.0,12.9,,,8,,,,,,,,,,,,,,,,
E9EAL0NMLB,4.0,75.5,80.0,12.1,,,8,,,,,,,,,,,,,,,,
E9EAL0NNLA,4.0,85.0,75.5,12.9,,,8,,,,,,,,,,,,,,,,
E9ECL0NDLA,4.0,86.0,72.5,9.9375,,,11,,,,,,,,,,,,,,,,
E9ECL0NDLB,4.0,80.0,71.5,10.8,,,8,,,,,,,,,,,,,,,,
E9ECL0NELA,4.0,79.5,69.5,11.375,,,13,,,,,,,,,,,,,,,,
E9ECL0NELB,4.0,84.5,78.0,10.5,,,8,,,,,,,,,,,,,,,,
E9ECL0NFLA,4.0,78.5,28.0,14.9,,,8,,,,,,,,,,,,,,,,
E9ECL0NFLB,4.0,77.5,35.5,13.0,,,8,,,,,,,,,,,,,,,,
E9EDQ06RE1,4.0,69.0,69.0,19.5,,,7,,,,,,,,,,,,,,,,
E9EDQ06RE2,4.0,67.0,67.0,21.375,,,7,,,,,,,,,,,,,,,,
E9EDQ06VE1,4.0,87.0,75.0,9.857142857142858,,,12,,,,,,,,,,,,,,,,
E9EEB0NRLA,4.0,79.0,79.0,13.333333333333334,,,5,,,,,,,,,,,,,,,,
E9EEB0NRLB,4.0,82.5,41.0,21.2,,,8,,,,,,,,,,,,,,,,
E9EEB0NRLC,4.0,64.0,64.0,18.666666666666668,,,5,,,,,,,,,,,,,,,,
E9EEB0NRLD,4.0,72.0,72.0,14.833333333333334,,,5,,,,,,,,,,,,,,,,
E9EEB0NSLA,4.0,73.5,56.5,20.166666666666668,,,11,,,,,,,,,,,,,,,,
E9EEB0NSLB,4.0,46.0,46.0,19.166666666666668,,,5,,,,,,,,,,,,,,,,
E9EEB0NSLC,4.0,45.0,45.0,13.5,,,5,,,,,,,,,,,,,,,,
E9EGB1MJLA,4.0,72.5,66.0,16.0,,,7,2.0,70.5,70.5,18.0,,,2.0,1.0,62.0,58.5,24.357142857142858,,,16.0,8.5,2.0
E9EGB1MJLC,4.0,72.0,72.0,17.0,,,6,2.0,70.5,70.5,18.0,,,2.0,1.0,62.0,58.5,24.357142857142858,,,16.0,8.5,1.5
E9EGB1MJLD,4.0,56.5,56.5,20.5,,,6,2.0,70.5,70.5,18.0,,,2.0,1.0,62.0,58.5,24.357142857142858,,,16.0,8.5,-14.0
E9EGB1MJLF,4.0,74.0,69.0,19.5,,,10,2.0,70.5,70.5,18.0,,,2.0,1.0,62.0,58.5,24.357142857142858,,,16.0,8.5,3.5
E9EGB1MKLA,4.0,72.5,69.0,16.416666666666668,,,13,2.0,67.0,67.0,19.5,,,2.0,1.0,62.0,58.5,24.357142857142858,,,16.0,5.0,5.5
E9EGB1MKLB,4.0,73.0,77.0,15.5,,,10,2.0,67.0,67.0,19.5,,,2.0,1.0,62.0,58.5,24.357142857142858,,,16.0,5.0,6.0
E9EHB0PBLA,4.0,74.5,80.0,18.9,,,8,,,,,,,,,,,,,,,,
E9EHB0PBLB,4.0,86.0,62.0,14.2,,,8,,,,,,,,,,,,,,,,
E9EHB0PBLC,4.0,82.5,69.5,28.35,,,7,,,,,,,,,,,,,,,,
E9EHB0PBLD,4.0,73.5,70.0,18.3,,,8,,,,,,,,,,,,,,,,
E9EJL0GSLA,4.0,76.5,79.0,8.333333333333334,,,5,,,,,,,,,,,,,,,,
E9EJL0GSLB,4.0,79.0,73.0,9.5,,,5,,,,,,,,,,,,,,,,
E9EJL0GTLB,4.0,63.5,63.5,14.0,,,3,,,,,,,,,,,,,,,,
E9EKL0LFLA,4.0,82.0,82.0,9.0,,,2,,,,,,,,,,,,,,,,
E9EKL0LFLB,4.0,62.0,18.0,14.35,,,9,,,,,,,,,,,,,,,,
E9EKL0LFLE,4.0,67.5,73.0,16.5,,,4,,,,,,,,,,,,,,,,
E9EKL0LFLF,4.0,71.5,51.5,13.1,,,8,,,,,,,,,,,,,,,,
E9EKL0LGLA,4.0,63.0,21.5,17.375,,,7,,,,,,,,,,,,,,,,
E9EKL0LGLB,4.0,71.5,40.0,18.625,,,6,,,,,,,,,,,,,,,,
E9EKL0LGLD,4.0,75.0,75.0,12.166666666666666,,,5,,,,,,,,,,,,,,,,
E9EKL0LHLA,4.0,76.0,66.0,15.5625,,,13,,,,,,,,,,,,,,,,
E9EKL0LHLB,4.0,57.0,57.0,14.166666666666666,,,5,,,,,,,,,,,,,,,,
E9EKL0LHLC,4.0,57.5,51.5,19.2,,,8,,,,,,,,,,,,,,,,
E9EKL0LHLE,4.0,70.5,35.0,16.833333333333332,,,4,,,,,,,,,,,,,,,,
E9EMB0NMLA,4.0,93.0,93.0,5.0,,,2,,,,,,,,,,,,,,,,
E9EMB0NMLC,4.0,,78.0,18.0,,,4,,,,,,,,,,,,,,,,
E9EMB0NMLD,4.0,,84.0,12.0,,,6,,,,,,,,,,,,,,,,
E9EMB0NMLE,4.0,81.0,78.0,16.3,,,10,,,,,,,,,,,,,,,,
E9EMB0NMLF,4.0,,81.0,9.0,,,4,,,,,,,,,,,,,,,,
E9EMB0NMLL,4.0,73.5,73.5,16.5,,,9,,,,,,,,,,,,,,,,
E9EMB0NNLA,4.0,,81.5,14.0,,,8,,,,,,,,,,,,,,,,
E9EMB0NNLB,4.0,,85.5,10.0,,,8,,,,,,,,,,,,,,,,
E9EMB0NNLC,4.0,,72.0,15.5,,,4,,,,,,,,,,,,,,,,
E9EMB0NNLE,4.0,,72.0,18.5,,,4,,,,,,,,,,,,,,,,
E9EMB0NUE3,4.0,64.0,64.0,23.5,,,2,,,,,,,,,,,,,,,,
E9EMQ06Z01,4.0,44.5,56.0,25.1875,,,22,,,,,,,,,,,,,,,,
E9ESL0MMLA,4.0,84.5,72.0,14.6,,,9,,,,,,,,,,,,,,,,
E9ESL0MMLB,4.0,87.5,75.5,12.5,,,10,,,,,,,,,,,,,,,,
E9ESL0MNLA,4.0,92.5,92.5,9.5,,,8,,,,,,,,,,,,,,,,
E9ESL0MNLB,4.0,82.0,82.0,10.333333333333334,,,5,,,,,,,,,,,,,,,,
E9EWL0JFLC,4.0,72.0,72.0,13.928571428571429,,,14,,,,,,,,,,,,,,,,
E9EWL0JFLD,4.0,74.5,74.5,18.142857142857142,,,12,,,,,,,,,,,,,,,,
E9EWL0JFLE,4.0,69.0,69.0,19.0,,,2,,,,,,,,,,,,,,,,
E9EWL0JGLB,4.0,56.5,53.0,39.1,,,10,,,,,,,,,,,,,,,,
E9EWL0JHLA,4.0,58.0,17.0,31.875,,,8,,,,,,,,,,,,,,,,
E9EYL1CULC,4.0,60.5,60.5,20.333333333333332,,,6,2.0,47.0,66.0,13.5,,,6.0,1.0,61.07857142857143,60.464285714285715,26.375,,,28.0,-14.07857142857143,13.5
E9EYL1CULD,4.0,73.0,73.0,19.333333333333332,,,6,2.0,47.0,66.0,13.5,,,6.0,1.0,61.07857142857143,60.464285714285715,26.375,,,28.0,-14.07857142857143,26.0
E9EYL1CVLA,4.0,66.0,66.0,18.833333333333332,,,6,2.0,59.0,64.5,15.833333333333334,,,8.0,1.0,61.07857142857143,60.464285714285715,26.375,,,28.0,-2.078571428571429,7.0
E9FAL0HVLA,4.0,63.5,54.5,18.9,,,8,,,,,,,,,,,,,,,,
E9FAL0HVLB,4.0,72.0,72.0,18.0,,,11,,,,,,,,,,,,,,,,
E9FAL0HWLA,4.0,66.5,77.0,9.7,,,8,,,,,,,,,,,,,,,,
E9FAL0HWLB,4.0,81.0,80.0,12.5,,,8,,,,,,,,,,,,,,,,
E9FAL0HXLA,4.0,78.5,56.5,15.5,,,8,,,,,,,,,,,,,,,,
E9FAL0HXLB,4.0,75.0,69.5,14.4,,,8,,,,,,,,,,,,,,,,
E9FFL0LWLA,4.0,90.0,72.0,12.083333333333334,,,11,,,,,,,,,,,,,,,,
E9FFL0LWLB,4.0,80.5,87.0,10.2,,,8,,,,,,,,,,,,,,,,
E9FFL0LXLA,4.0,90.0,86.5,8.6,,,8,,,,,,,,,,,,,,,,
E9FFL0LXLB,4.0,79.5,49.0,9.75,,,7,,,,,,,,,,,,,,,,
E9FFL0LYLA,4.0,74.0,19.0,16.25,,,7,,,,,,,,,,,,,,,,
E9FFL0LYLB,4.0,77.5,72.5,12.75,,,3,,,,,,,,,,,,,,,,
E9FFL0LZLA,4.0,81.5,65.0,8.3,,,8,,,,,,,,,,,,,,,,
E9FFL0LZLB,4.0,80.0,80.0,7.1,,,8,,,,,,,,,,,,,,,,
E9FNH0Q7LC,4.0,52.5,39.0,34.2,,,8,,,,,,,,,,,,,,,,
E9GQL0CALA,4.0,89.5,81.0,13.5,,,6,,,,,,,,,,,,,,,,
E9GQL0CALB,4.0,83.5,83.5,17.125,,,7,,,,,,,,,,,,,,,,
E9GQL0CBLE,4.0,89.0,86.5,10.214285714285714,,,11,,,,,,,,,,,,,,,,
E9GQL0CBLF,4.0,86.5,80.0,7.777777777777778,,,14,,,,,,,,,,,,,,,,
E9GQL0CCLA,4.0,88.5,85.0,11.214285714285714,,,11,,,,,,,,,,,,,,,,
E9GQL0CCLB,4.0,80.0,77.0,14.6,,,8,,,,,,,,,,,,,,,,
E9GQL0CDLA,4.0,82.0,85.0,16.571428571428573,,,11,,,,,,,,,,,,,,,,
E9GQL0CDLB,4.0,83.5,89.0,15.7,,,8,,,,,,,,,,,,,,,,
E9GQL0CELA,4.0,77.0,74.0,15.666666666666666,,,10,,,,,,,,,,,,,,,,
E9GQL0CELB,4.0,81.0,44.0,24.5,,,8,,,,,,,,,,,,,,,,
E9GQL0CELC,4.0,76.5,76.5,23.0,,,5,,,,,,,,,,,,,,,,
E9GQL0CFLA,4.0,82.0,78.0,14.142857142857142,,,11,,,,,,,,,,,,,,,,
E9GQL0CFLB,4.0,92.0,78.0,11.8,,,8,,,,,,,,,,,,,,,,
E9GQL0CFLC,4.0,79.5,79.5,11.0,,,5,,,,,,,,,,,,,,,,
E9GQL0CGLQ,4.0,84.5,84.5,13.833333333333334,,,5,,,,,,,,,,,,,,,,
E9GQL0CGLR,4.0,77.5,77.5,18.166666666666668,,,5,,,,,,,,,,,,,,,,
E9GQL0CHLA,4.0,65.5,77.0,17.714285714285715,,,11,,,,,,,,,,,,,,,,
E9GQL0CHLB,4.0,74.0,84.5,11.642857142857142,,,11,,,,,,,,,,,,,,,,
E9GQL0CJLA,4.0,79.5,85.5,18.928571428571427,,,11,,,,,,,,,,,,,,,,
E9GQL0CJLB,4.0,61.5,70.0,23.3,,,8,,,,,,,,,,,,,,,,
E9GQL0CKLA,4.0,78.5,62.5,18.3,,,8,,,,,,,,,,,,,,,,
E9GQL0CKLB,4.0,55.0,55.0,23.5,,,5,,,,,,,,,,,,,,,,
E9GQL0CLLA,4.0,69.0,63.5,19.2,,,8,,,,,,,,,,,,,,,,
E9GQL0CLLB,4.0,70.0,68.5,21.428571428571427,,,11,,,,,,,,,,,,,,,,
E9GQL0CMLB,4.0,81.0,69.5,14.4,,,8,,,,,,,,,,,,,,,,
E9GQL0CMLJ,4.0,83.0,75.0,17.2,,,8,,,,,,,,,,,,,,,,
E9GQL0CNLA,4.0,77.5,78.0,15.2,,,8,,,,,,,,,,,,,,,,
E9GQL0CNLB,4.0,84.0,84.0,14.0,,,5,,,,,,,,,,,,,,,,
E9GQL0CPLA,4.0,86.0,73.0,12.0,,,8,,,,,,,,,,,,,,,,
E9GQL0CPLB,4.0,81.0,81.0,14.166666666666666,,,5,,,,,,,,,,,,,,,,
E9GQL0CQLS,4.0,78.0,68.5,15.285714285714286,,,11,,,,,,,,,,,,,,,,
E9GQL0CQLT,4.0,78.0,78.0,15.8,,,8,,,,,,,,,,,,,,,,
E9GQL0CRLD,4.0,86.0,86.0,11.666666666666666,,,5,,,,,,,,,,,,,,,,
E9GQL0CSLB,4.0,73.5,73.5,16.666666666666668,,,5,,,,,,,,,,,,,,,,
E9GQL0CTLA,4.0,78.5,79.5,13.75,,,10,,,,,,,,,,,,,,,,
E9GQL0CTLB,4.0,74.5,85.5,13.5,,,11,,,,,,,,,,,,,,,,
E9GQL0CULA,4.0,79.5,76.5,14.428571428571429,,,11,,,,,,,,,,,,,,,,
E9GQL0CULB,4.0,83.5,75.0,15.5,,,8,,,,,,,,,,,,,,,,
E9GQL0CVLA,4.0,65.0,65.0,13.666666666666666,,,5,,,,,,,,,,,,,,,,
E9GQL0CVLB,4.0,86.5,84.5,14.7,,,8,,,,,,,,,,,,,,,,
E9GQL0CWLA,4.0,81.5,81.5,12.5,,,5,,,,,,,,,,,,,,,,
E9GQL0CWLC,4.0,76.0,76.0,14.666666666666666,,,5,,,,,,,,,,,,,,,,
E9GQL0DPLA,4.0,74.5,74.5,11.666666666666666,,,5,,,,,,,,,,,,,,,,
E9GQL0DPLB,4.0,86.0,86.0,13.833333333333334,,,5,,,,,,,,,,,,,,,,
E9GQL0DQLC,4.0,,75.0,22.0,,,4,,,,,,,,,,,,,,,,
E9GQL0DQLD,4.0,79.5,79.5,14.333333333333334,,,5,,,,,,,,,,,,,,,,
E9GQL0DRLC,4.0,68.0,73.5,16.88888888888889,,,14,,,,,,,,,,,,,,,,
E9GQL0DRLD,4.0,74.0,74.0,16.5,,,5,,,,,,,,,,,,,,,,
E9GQL0DSLA,4.0,85.5,85.5,9.5,,,5,,,,,,,,,,,,,,,,
E9GQL0DSLB,4.0,77.0,77.0,14.0,,,5,,,,,,,,,,,,,,,,
E9GQL0DTLC,4.0,65.0,65.0,17.0,,,5,,,,,,,,,,,,,,,,
E9GQL0DTLD,4.0,80.0,80.0,13.333333333333334,,,5,,,,,,,,,,,,,,,,
E9GQL0DULD,4.0,67.0,63.5,21.5,,,8,,,,,,,,,,,,,,,,
E9GQL0DULE,4.0,73.5,73.5,23.166666666666668,,,5,,,,,,,,,,,,,,,,
E9GQL0DVLC,4.0,83.5,81.0,11.277777777777779,,,14,,,,,,,,,,,,,,,,
E9GQL0DVLD,4.0,,78.0,13.5,,,4,,,,,,,,,,,,,,,,
E9GQL0DWLA,4.0,79.5,79.5,17.833333333333332,,,5,,,,,,,,,,,,,,,,
E9GQL0DWLB,4.0,74.0,65.5,21.6,,,8,,,,,,,,,,,,,,,,
E9GQL0FVLA,4.0,82.5,82.5,12.5,,,5,,,,,,,,,,,,,,,,
E9GQL0FVLB,4.0,79.0,79.0,8.0,,,5,,,,,,,,,,,,,,,,
E9GQL0FWLA,4.0,85.5,85.5,10.833333333333334,,,5,,,,,,,,,,,,,,,,
E9GQL0FWLB,4.0,86.0,86.0,8.333333333333334,,,5,,,,,,,,,,,,,,,,
E9GQL0FXLA,4.0,58.5,77.0,13.8,,,8,,,,,,,,,,,,,,,,
E9GQL0FXLB,4.0,87.0,78.5,16.142857142857142,,,11,,,,,,,,,,,,,,,,
E9GQL0FYLA,4.0,87.0,87.5,10.571428571428571,,,11,,,,,,,,,,,,,,,,
E9GQL0FYLB,4.0,79.0,89.5,9.3,,,8,,,,,,,,,,,,,,,,
E9GQL0FZLA,4.0,84.0,84.0,12.0,,,5,,,,,,,,,,,,,,,,
E9GQL0FZLB,4.0,86.0,82.0,11.25,,,10,,,,,,,,,,,,,,,,
E9GQL0GALA,4.0,75.0,75.0,13.666666666666666,,,5,,,,,,,,,,,,,,,,
E9GQL0GALB,4.0,77.0,42.5,18.125,,,7,,,,,,,,,,,,,,,,
E9GQL0GBLA,4.0,86.5,81.0,9.0,,,6,,,,,,,,,,,,,,,,
E9GQL0GBLB,4.0,81.5,81.5,8.5,,,5,,,,,,,,,,,,,,,,
E9GQL0GCLB,4.0,38.0,38.0,28.0,,,5,,,,,,,,,,,,,,,,
E9GQL0GDLA,4.0,69.5,69.5,14.833333333333334,,,5,,,,,,,,,,,,,,,,
E9GQL0GDLB,4.0,59.5,48.5,14.818181818181818,,,15,,,,,,,,,,,,,,,,
F098Q09EEA,4.0,49.0,35.0,34.142857142857146,,,25,2.0,32.0,49.0,27.5,,,12.0,1.0,64.17,64.17,31.159999999999997,,,2.0,-32.17,17.0
F098Q09FEA,4.0,48.5,56.5,44.4,,,7,2.0,37.0,55.0,21.75,,,12.0,1.0,64.17,64.17,31.159999999999997,,,2.0,-27.17,11.5
F098Q09GEA,4.0,49.0,61.5,47.125,,,11,2.0,51.0,68.5,19.25,,,12.0,1.0,64.17,64.17,31.159999999999997,,,2.0,-13.170000000000002,-2.0
F098Q09QEA,4.0,23.0,49.0,49.875,,,11,2.0,15.5,59.5,38.75,,,12.0,1.0,64.17,64.17,31.159999999999997,,,2.0,-48.67,7.5
F098Q09REA,4.0,51.5,76.5,43.95454545454545,,,20,2.0,23.0,64.5,33.25,,,12.0,1.0,64.17,64.17,31.159999999999997,,,2.0,-41.17,28.5
F098Q09REB,4.0,23.0,76.0,37.0,,,14,2.0,23.0,64.5,33.25,,,12.0,1.0,64.17,64.17,31.159999999999997,,,2.0,-41.17,0.0
F0A1Q07VEA,4.0,84.0,84.0,15.5,,,8,2.0,60.0,56.5,14.4,,,10.0,1.0,78.5,78.5,13.5,,,4.0,-18.5,24.0
F0A1Q07VEB,4.0,84.0,84.0,15.5,,,10,2.0,60.0,56.5,14.4,,,10.0,1.0,78.5,78.5,13.5,,,4.0,-18.5,24.0
F0A1Q07VEC,4.0,66.5,65.0,21.5,,,10,2.0,60.0,56.5,14.4,,,10.0,1.0,78.5,78.5,13.5,,,4.0,-18.5,6.5
F0A1Q07WEA,4.0,40.0,75.0,22.666666666666668,,,8,2.0,49.5,62.0,9.375,,,10.0,1.0,78.5,78.5,13.5,,,4.0,-29.0,-9.5
F0A1Q07XEA,4.0,81.5,76.0,35.5625,,,21,2.0,47.0,65.5,9.166666666666666,,,4.0,1.0,78.5,78.5,13.5,,,4.0,-31.5,34.5
F0A1Q07XEB,4.0,87.0,87.0,61.0,,,4,2.0,47.0,65.5,9.166666666666666,,,4.0,1.0,78.5,78.5,13.5,,,4.0,-31.5,40.0
F0A1Q07XEC,4.0,87.0,67.5,30.5,,,8,2.0,47.0,65.5,9.166666666666666,,,4.0,1.0,78.5,78.5,13.5,,,4.0,-31.5,40.0
F0A6Q09GEA,4.0,,67.0,19.75,,,4,2.0,65.5,65.5,18.0,,,6.0,1.0,73.5,73.5,17.5,,,4.0,-8.0,
F0A6Q09GEB,4.0,,84.0,38.5,,,6,2.0,65.5,65.5,18.0,,,6.0,1.0,73.5,73.5,17.5,,,4.0,-8.0,
F0A7Q09HEA,4.0,78.0,64.5,26.75,,,10,2.0,64.0,64.0,19.0,,,6.0,1.0,65.5,65.5,16.5,,,4.0,-1.5,14.0
F0A7Q09HEB,4.0,,49.0,52.0,,,6,2.0,64.0,64.0,19.0,,,6.0,1.0,65.5,65.5,16.5,,,4.0,-1.5,
F0A8Q09JEA,4.0,42.0,77.0,43.5,,,10,2.0,64.0,64.0,13.5,,,6.0,1.0,29.5,29.5,36.0,,,2.0,34.5,-22.0
F0A8Q09JEB,4.0,,55.0,84.0,,,6,2.0,64.0,64.0,13.5,,,6.0,1.0,29.5,29.5,36.0,,,2.0,34.5,
F0A9Q09KEA,4.0,,81.0,0.5,,,8,2.0,61.5,61.5,20.5,,,6.0,1.0,25.5,25.5,41.0,,,2.0,36.0,
F0A9Q09KEB,4.0,,79.0,,,,6,2.0,61.5,61.5,20.5,,,6.0,1.0,25.5,25.5,41.0,,,2.0,36.0,
F0AAQ07FEA,4.0,47.0,47.0,,,,4,2.0,46.0,60.5,15.9,,,7.0,1.0,59.0,59.0,26.0,,,2.0,-13.0,1.0
F0AAQ07FEB,4.0,,83.0,,,,4,2.0,46.0,60.5,15.9,,,7.0,1.0,59.0,59.0,26.0,,,2.0,-13.0,
F0ADQ07CEA,4.0,,86.0,62.5,,,3,2.0,27.5,51.0,26.65,,,30.0,1.0,66.5,66.5,25.5,,,2.0,-39.0,
F0ADQ07CEB,4.0,53.0,47.0,,,,10,2.0,27.5,51.0,26.65,,,30.0,1.0,66.5,66.5,25.5,,,2.0,-39.0,25.5
F0AEQ09UEA,4.0,,28.0,,,,4,2.0,53.0,43.0,25.875,,,11.0,1.0,51.5,51.5,32.5,,,2.0,1.5,
F0AGQ07B,4.0,65.0,65.0,20.0,,,8,2.0,66.5,66.5,15.75,,,16.0,1.0,84.5,84.5,9.5,,,2.0,-18.0,-1.5
F0AGQ07C,4.0,68.0,68.0,11.5,,,8,2.0,68.0,68.0,11.5,,,8.0,1.0,84.5,84.5,9.5,,,2.0,-16.5,0.0
F0AKQ08YEA,4.0,28.0,64.5,12.25,,,16,2.0,40.5,46.5,28.25,,,12.0,1.0,63.5,63.5,24.5,,,2.0,-23.0,-12.5
F0AKQ08YEB,4.0,55.0,55.0,,,,16,2.0,40.5,46.5,28.25,,,12.0,1.0,63.5,63.5,24.5,,,2.0,-23.0,14.5
F0AKQ08YEC,4.0,55.0,55.0,,,,10,2.0,40.5,46.5,28.25,,,12.0,1.0,63.5,63.5,24.5,,,2.0,-23.0,14.5
F0AKQ09CEA,4.0,28.0,33.0,30.65,,,16,2.0,29.0,42.5,34.0,,,10.0,1.0,63.5,63.5,24.5,,,2.0,-34.5,-1.0
F0AKQ09CEB,4.0,45.0,38.0,5.5,,,10,2.0,29.0,42.5,34.0,,,10.0,1.0,63.5,63.5,24.5,,,2.0,-34.5,16.0
F0AKQ09CEC,4.0,45.0,38.0,34.0,,,10,2.0,29.0,42.5,34.0,,,10.0,1.0,63.5,63.5,24.5,,,2.0,-34.5,16.0
F0ANQ09VEA,4.0,54.0,54.0,,,,8,2.0,57.0,45.0,22.96153846153846,,,21.0,1.0,67.0,67.0,22.0,,,2.0,-10.0,-3.0
F0ARQ07AEA,4.0,84.5,84.5,42.125,,,20,2.0,86.5,83.5,7.083333333333333,,,12.0,1.0,74.5,74.5,16.0,,,2.0,12.0,-2.0
F0ARQ07AEB,4.0,66.0,14.0,6.25,,,22,2.0,86.5,83.5,7.083333333333333,,,12.0,1.0,74.5,74.5,16.0,,,2.0,12.0,-20.5
F0ARQ07BEA,4.0,76.0,76.0,81.0,,,4,2.0,81.0,81.0,7.5,,,4.0,1.0,74.5,74.5,16.0,,,2.0,6.5,-5.0
F0ARQ07BEB,4.0,76.0,71.5,10.964285714285714,,,23,2.0,81.0,81.0,7.5,,,4.0,1.0,74.5,74.5,16.0,,,2.0,6.5,-5.0
F0ARQ07BEC,4.0,76.0,82.0,45.25,,,12,2.0,81.0,81.0,7.5,,,4.0,1.0,74.5,74.5,16.0,,,2.0,6.5,-5.0
F0ARQ07BED,4.0,,74.0,,,,9,2.0,81.0,81.0,7.5,,,4.0,1.0,74.5,74.5,16.0,,,2.0,6.5,
F0ASQ09AEB,4.0,,30.0,55.5,,,4,2.0,55.0,42.0,13.0,,,6.0,1.0,77.5,77.5,16.0,,,4.0,-22.5,
F0ASQ09AEC,4.0,,14.5,67.0,,,4,2.0,55.0,42.0,13.0,,,6.0,1.0,77.5,77.5,16.0,,,4.0,-22.5,
F0ASQ09AED,4.0,55.0,55.0,55.5,,,4,2.0,55.0,42.0,13.0,,,6.0,1.0,77.5,77.5,16.0,,,4.0,-22.5,0.0
F0ASQ09AEE,4.0,41.0,41.0,36.0,,,8,2.0,55.0,42.0,13.0,,,6.0,1.0,77.5,77.5,16.0,,,4.0,-22.5,-14.0
F0ASQ09DEA,4.0,54.5,60.5,34.625,,,10,2.0,49.0,49.5,14.333333333333334,,,10.0,1.0,77.5,77.5,16.0,,,4.0,-28.5,5.5
F0ASQ09DEB,4.0,,62.0,43.0,,,6,2.0,49.0,49.5,14.333333333333334,,,10.0,1.0,77.5,77.5,16.0,,,4.0,-28.5,
F0ASQ09DEC,4.0,,62.0,43.0,,,6,2.0,49.0,49.5,14.333333333333334,,,10.0,1.0,77.5,77.5,16.0,,,4.0,-28.5,
F0AUQ09BEA,4.0,46.0,48.0,37.583333333333336,,,10,2.0,32.0,32.0,59.5,,,2.0,1.0,69.0,69.0,20.0,,,2.0,-37.0,14.0
F0AUQ09BEB,4.0,33.0,33.0,87.5,,,4,2.0,32.0,32.0,59.5,,,2.0,1.0,69.0,69.0,20.0,,,2.0,-37.0,1.0
F0AUQ09BEC,4.0,26.0,26.0,87.0,,,4,2.0,32.0,32.0,59.5,,,2.0,1.0,69.0,69.0,20.0,,,2.0,-37.0,-6.0
F0AUQ09BED,4.0,33.0,33.0,87.5,,,4,2.0,32.0,32.0,59.5,,,2.0,1.0,69.0,69.0,20.0,,,2.0,-37.0,1.0
F0AUQ09BEE,4.0,36.0,36.0,76.0,,,4,2.0,32.0,32.0,59.5,,,2.0,1.0,69.0,69.0,20.0,,,2.0,-37.0,4.0
F0AUQ09BEF,4.0,,27.0,,,,6,2.0,32.0,32.0,59.5,,,2.0,1.0,69.0,69.0,20.0,,,2.0,-37.0,
F0AXQ07UEA,4.0,,69.0,59.5,,,3,2.0,67.5,75.5,11.642857142857142,,,14.0,1.0,70.5,70.5,16.0,,,4.0,-3.0,
F0AXQ07UEB,4.0,,88.0,,,,6,2.0,67.5,75.5,11.642857142857142,,,14.0,1.0,70.5,70.5,16.0,,,4.0,-3.0,
F0AXQ07UEC,4.0,,17.0,73.5,,,2,2.0,67.5,75.5,11.642857142857142,,,14.0,1.0,70.5,70.5,16.0,,,4.0,-3.0,
F0AYQ07PEJ,4.0,25.0,21.0,,,,5,2.0,33.0,32.5,29.125,,,10.0,1.0,59.0,59.0,26.5,,,2.0,-26.0,-8.0
F0AYQ07PEK,4.0,,30.0,,,,3,2.0,33.0,32.5,29.125,,,10.0,1.0,59.0,59.0,26.5,,,2.0,-26.0,
F0AYQ07QEA,4.0,25.0,24.0,20.0,,,10,2.0,30.5,31.0,32.375,,,10.0,1.0,59.0,59.0,26.5,,,2.0,-28.5,-5.5
F0AYQ07QEB,4.0,25.0,24.0,48.25,,,10,2.0,30.5,31.0,32.375,,,10.0,1.0,59.0,59.0,26.5,,,2.0,-28.5,-5.5
F0AYQ07QEC,4.0,35.5,17.5,38.970588235294116,,,26,2.0,30.5,31.0,32.375,,,10.0,1.0,59.0,59.0,26.5,,,2.0,-28.5,5.0
F0AYQ07QED,4.0,26.0,25.0,,,,10,2.0,30.5,31.0,32.375,,,10.0,1.0,59.0,59.0,26.5,,,2.0,-28.5,-4.5
F0AYQ07QEE,4.0,,26.0,,,,6,2.0,30.5,31.0,32.375,,,10.0,1.0,59.0,59.0,26.5,,,2.0,-28.5,
F0C4Q09LEA,4.0,1.5,11.5,81.5,,,6,2.0,1.5,36.5,49.25,,,12.0,1.0,54.0,22.0,54.583333333333336,,,10.0,-52.5,0.0
F0C4Q09LEB,4.0,22.5,22.5,60.5,,,8,2.0,1.5,36.5,49.25,,,12.0,1.0,54.0,22.0,54.583333333333336,,,10.0,-52.5,21.0
F0C4Q09LEC,4.0,36.0,3.0,43.94444444444444,,,16,2.0,1.5,36.5,49.25,,,12.0,1.0,54.0,22.0,54.583333333333336,,,10.0,-52.5,34.5
F0C4Q09LED,4.0,22.5,22.5,66.85714285714286,,,11,2.0,1.5,36.5,49.25,,,12.0,1.0,54.0,22.0,54.583333333333336,,,10.0,-52.5,21.0
F0C4Q09LEE,4.0,38.0,38.0,71.33333333333333,,,8,2.0,1.5,36.5,49.25,,,12.0,1.0,54.0,22.0,54.583333333333336,,,10.0,-52.5,36.5
F0C5Q09MEA,4.0,2.5,17.0,79.75,,,6,2.0,2.5,39.5,52.0,,,12.0,1.0,32.0,11.0,67.0,,,9.0,-29.5,0.0
F0C5Q09MEB,4.0,36.0,36.0,65.5,,,8,2.0,2.5,39.5,52.0,,,12.0,1.0,32.0,11.0,67.0,,,9.0,-29.5,33.5
F0C5Q09MEC,4.0,34.0,34.0,76.25,,,16,2.0,2.5,39.5,52.0,,,12.0,1.0,32.0,11.0,67.0,,,9.0,-29.5,31.5
F0C5Q09MED,4.0,34.0,28.5,60.25,,,9,2.0,2.5,39.5,52.0,,,12.0,1.0,32.0,11.0,67.0,,,9.0,-29.5,31.5
F0C5Q09MEE,4.0,,23.5,70.75,,,6,2.0,2.5,39.5,52.0,,,12.0,1.0,32.0,11.0,67.0,,,9.0,-29.5,
F0C7Q03HEA,4.0,46.5,64.5,29.75,,,6,2.0,46.5,89.5,25.5,,,6.0,1.0,81.0,81.0,10.5,,,2.0,-34.5,0.0
F0C7Q03HEB,4.0,82.5,82.5,14.25,,,6,2.0,46.5,89.5,25.5,,,6.0,1.0,81.0,81.0,10.5,,,2.0,-34.5,36.0
F0C7Q03HEC,4.0,,84.5,12.0,,,4,2.0,46.5,89.5,25.5,,,6.0,1.0,81.0,81.0,10.5,,,2.0,-34.5,
F0C8Q03BEA,4.0,49.5,68.0,26.0,,,6,2.0,49.5,82.0,23.75,,,6.0,1.0,84.0,84.0,13.0,,,2.0,-34.5,0.0
F0C8Q03BEB,4.0,73.0,37.5,33.4,,,10,2.0,49.5,82.0,23.75,,,6.0,1.0,84.0,84.0,13.0,,,2.0,-34.5,23.5
F0C8Q03BEC,4.0,,71.0,,,,2,2.0,49.5,82.0,23.75,,,6.0,1.0,84.0,84.0,13.0,,,2.0,-34.5,
F0CCQ09LEA,4.0,,75.0,1.5,,,8,2.0,49.5,49.5,26.5,,,6.0,1.0,70.5,70.5,15.5,,,2.0,-21.0,
F0CCQ09LEB,4.0,,81.0,,,,6,2.0,49.5,49.5,26.5,,,6.0,1.0,70.5,70.5,15.5,,,2.0,-21.0,
F0CGQ09NEA,4.0,43.0,54.0,6.0,,,10,2.0,44.0,44.0,37.0,,,6.0,1.0,65.0,65.0,23.0,,,2.0,-21.0,-1.0
F0CGQ09NEB,4.0,,36.0,75.0,,,6,2.0,44.0,44.0,37.0,,,6.0,1.0,65.0,65.0,23.0,,,2.0,-21.0,
F0CKQ04EEA,4.0,,76.0,,,,2,2.0,74.5,74.5,9.0,,,4.0,1.0,69.0,69.0,20.5,,,4.0,5.5,
F0CPQ09SEA,4.0,44.0,63.5,26.3,,,12,2.0,50.5,50.5,30.0,,,4.0,1.0,77.0,77.0,14.5,,,2.0,-26.5,-6.5
F0CPQ09SEB,4.0,,24.0,53.5,,,6,2.0,50.5,50.5,30.0,,,4.0,1.0,77.0,77.0,14.5,,,2.0,-26.5,
F0CQQ09REA,4.0,77.0,56.0,28.0,,,10,2.0,65.5,65.5,10.0,,,6.0,1.0,58.5,58.5,23.0,,,2.0,7.0,11.5
F0CQQ09REB,4.0,,38.0,52.0,,,6,2.0,65.5,65.5,10.0,,,6.0,1.0,58.5,58.5,23.0,,,2.0,7.0,
F0CTQ09QEA,4.0,,75.5,36.75,,,8,2.0,80.0,80.0,9.5,,,6.0,1.0,61.5,61.5,26.0,,,2.0,18.5,
F0CTQ09QEB,4.0,,78.0,73.5,,,6,2.0,80.0,80.0,9.5,,,6.0,1.0,61.5,61.5,26.0,,,2.0,18.5,
F0CUQ09PEA,4.0,36.0,42.0,13.125,,,14,2.0,32.5,32.5,25.5,,,6.0,1.0,75.5,75.5,14.0,,,2.0,-43.0,3.5
F0CUQ09PEB,4.0,,19.0,63.5,,,6,2.0,32.5,32.5,25.5,,,6.0,1.0,75.5,75.5,14.0,,,2.0,-43.0,
F0CXQ03VEA,4.0,34.5,34.5,46.833333333333336,,,8,2.0,,41.5,45.0,,,4.0,1.0,75.5,75.5,22.0,,,4.0,,
F0D1Q03JEA,4.0,,58.5,34.5,,,4,2.0,58.5,58.5,34.5,,,4.0,1.0,29.5,56.0,44.285714285714285,,,10.0,29.0,
F0D1Q03JEB,4.0,65.0,65.0,35.5,,,6,2.0,58.5,58.5,34.5,,,4.0,1.0,29.5,56.0,44.285714285714285,,,10.0,29.0,6.5
F0D2Q03DEA,4.0,,60.0,30.0,,,4,2.0,60.0,60.0,30.0,,,2.0,1.0,62.5,62.5,25.5,,,4.0,-2.5,
F0D2Q03DEB,4.0,60.0,60.0,34.75,,,6,2.0,60.0,60.0,30.0,,,2.0,1.0,62.5,62.5,25.5,,,4.0,-2.5,0.0
F0D2Q03DEC,4.0,,37.5,52.5,,,4,2.0,60.0,60.0,30.0,,,2.0,1.0,62.5,62.5,25.5,,,4.0,-2.5,
F0D4Q01XEA,4.0,,26.0,52.0,,,6,2.0,26.0,26.0,,,,2.0,1.0,61.5,61.5,22.0,,,2.0,-35.5,
F0D4Q01XEB,4.0,46.5,46.5,54.5,,,8,2.0,26.0,26.0,,,,2.0,1.0,61.5,61.5,22.0,,,2.0,-35.5,20.5
F0D4Q01XEC,4.0,,29.5,54.0,,,4,2.0,26.0,26.0,,,,2.0,1.0,61.5,61.5,22.0,,,2.0,-35.5,
F0D5Q01HEA,4.0,,23.0,43.0,,,6,2.0,31.0,31.0,,,,2.0,1.0,66.5,66.5,25.5,,,2.0,-35.5,
F0D5Q01HEB,4.0,,59.0,,,,4,2.0,31.0,31.0,,,,2.0,1.0,66.5,66.5,25.5,,,2.0,-35.5,
F0D5Q01HEC,4.0,,49.0,,,,2,2.0,31.0,31.0,,,,2.0,1.0,66.5,66.5,25.5,,,2.0,-35.5,
F0D7Q01REA,4.0,,53.0,47.0,,,6,2.0,26.0,26.0,57.5,,,2.0,1.0,58.5,69.0,22.125,,,7.0,-32.5,
F0D7Q01REB,4.0,58.0,58.0,41.25,,,4,2.0,26.0,26.0,57.5,,,2.0,1.0,58.5,69.0,22.125,,,7.0,-32.5,32.0
F0D7Q01REC,4.0,,37.0,,,,4,2.0,26.0,26.0,57.5,,,2.0,1.0,58.5,69.0,22.125,,,7.0,-32.5,
F0D8Q02CEA,4.0,,64.0,29.5,,,4,2.0,64.0,64.0,29.5,,,4.0,1.0,59.5,57.0,34.8,,,14.0,4.5,
F0D8Q02CEB,4.0,50.5,50.5,45.833333333333336,,,8,2.0,64.0,64.0,29.5,,,4.0,1.0,59.5,57.0,34.8,,,14.0,4.5,-13.5
F0D8Q02CEC,4.0,,27.5,59.0,,,4,2.0,64.0,64.0,29.5,,,4.0,1.0,59.5,57.0,34.8,,,14.0,4.5,
F0DAQ02PEA,4.0,,78.5,18.5,,,4,2.0,78.5,78.5,18.5,,,4.0,1.0,72.0,72.0,21.0,,,4.0,6.5,
F0DAQ02PEB,4.0,80.0,80.0,23.75,,,6,2.0,78.5,78.5,18.5,,,4.0,1.0,72.0,72.0,21.0,,,4.0,6.5,1.5
F0DAQ02PEC,4.0,,66.5,27.0,,,4,2.0,78.5,78.5,18.5,,,4.0,1.0,72.0,72.0,21.0,,,4.0,6.5,
F0DDQ02YEA,4.0,,74.0,18.0,,,4,2.0,74.0,74.0,18.0,,,4.0,1.0,65.0,65.0,16.0,,,2.0,9.0,
F0DDQ02YEB,4.0,32.0,32.0,56.166666666666664,,,8,2.0,74.0,74.0,18.0,,,4.0,1.0,65.0,65.0,16.0,,,2.0,9.0,-42.0
F0DDQ02YEC,4.0,,44.5,44.5,,,4,2.0,74.0,74.0,18.0,,,4.0,1.0,65.0,65.0,16.0,,,2.0,9.0,
F0DEQ03GEA,4.0,,51.5,42.0,,,4,2.0,51.5,51.5,42.0,,,2.0,1.0,55.5,74.0,22.125,,,7.0,-4.0,
F0DEQ03GEB,4.0,27.0,27.0,56.833333333333336,,,8,2.0,51.5,51.5,42.0,,,2.0,1.0,55.5,74.0,22.125,,,7.0,-4.0,-24.5
F0DEQ03GEC,4.0,,25.0,66.0,,,4,2.0,51.5,51.5,42.0,,,2.0,1.0,55.5,74.0,22.125,,,7.0,-4.0,
F0DHQ03EEA,4.0,,31.5,57.0,,,6,2.0,26.0,26.0,,,,4.0,1.0,31.5,72.5,30.642857142857142,,,10.0,-5.5,
F0DHQ03EEB,4.0,15.0,36.5,44.5,,,10,2.0,26.0,26.0,,,,4.0,1.0,31.5,72.5,30.642857142857142,,,10.0,-5.5,-11.0
F0DHQ03EEC,4.0,,25.5,58.0,,,4,2.0,26.0,26.0,,,,4.0,1.0,31.5,72.5,30.642857142857142,,,10.0,-5.5,
F0DLQ01QEA,4.0,,14.5,55.5,,,6,2.0,41.0,41.0,,,,4.0,1.0,44.5,17.0,40.57142857142857,,,10.0,-3.5,
F0DLQ01QEB,4.0,48.0,48.0,50.666666666666664,,,8,2.0,41.0,41.0,,,,4.0,1.0,44.5,17.0,40.57142857142857,,,10.0,-3.5,7.0
F0DLQ01QEC,4.0,,46.5,38.5,,,4,2.0,41.0,41.0,,,,4.0,1.0,44.5,17.0,40.57142857142857,,,10.0,-3.5,
F0DNQ02UEA,4.0,,57.0,,,,4,2.0,57.0,57.0,,,,4.0,1.0,55.0,65.0,21.4,,,14.0,2.0,
F0DNQ02UEB,4.0,77.5,77.5,18.25,,,6,2.0,57.0,57.0,,,,4.0,1.0,55.0,65.0,21.4,,,14.0,2.0,20.5
F0DNQ02UEC,4.0,,73.0,16.0,,,4,2.0,57.0,57.0,,,,4.0,1.0,55.0,65.0,21.4,,,14.0,2.0,
F0DPQ02AEA,4.0,,46.5,32.0,,,6,2.0,36.0,36.0,,,,4.0,1.0,75.0,75.0,22.0,,,4.0,-39.0,
F0DPQ02AEB,4.0,22.0,22.0,43.0,,,3,2.0,36.0,36.0,,,,4.0,1.0,75.0,75.0,22.0,,,4.0,-39.0,-14.0
F0DPQ02AEC,4.0,,43.0,34.0,,,4,2.0,36.0,36.0,,,,4.0,1.0,75.0,75.0,22.0,,,4.0,-39.0,
F0DQQ02SEA,4.0,,44.5,47.0,,,6,2.0,25.0,25.0,,,,2.0,1.0,49.0,77.5,19.75,,,7.0,-24.0,
F0DQQ02SEB,4.0,51.5,51.5,38.75,,,6,2.0,25.0,25.0,,,,2.0,1.0,49.0,77.5,19.75,,,7.0,-24.0,26.5
F0DQQ02SEC,4.0,,57.0,35.5,,,4,2.0,25.0,25.0,,,,2.0,1.0,49.0,77.5,19.75,,,7.0,-24.0,
F0DRQ01CEA,4.0,,56.0,33.0,,,6,2.0,16.0,16.0,,,,2.0,1.0,57.0,69.5,26.6,,,14.0,-41.0,
F0DRQ01CEB,4.0,62.0,45.0,24.666666666666668,,,8,2.0,16.0,16.0,,,,2.0,1.0,57.0,69.5,26.6,,,14.0,-41.0,46.0
F0DRQ01CEC,4.0,,58.0,27.5,,,4,2.0,16.0,16.0,,,,2.0,1.0,57.0,69.5,26.6,,,14.0,-41.0,
F0DSQ02QEA,4.0,13.5,16.0,62.625,,,10,2.0,13.5,30.5,70.75,,,6.0,1.0,67.0,67.0,26.5,,,2.0,-53.5,0.0
F0DSQ02QEB,4.0,34.0,29.0,49.75,,,10,2.0,13.5,30.5,70.75,,,6.0,1.0,67.0,67.0,26.5,,,2.0,-53.5,20.5
F0DTQ02JEA,4.0,,72.0,,,,4,2.0,72.0,64.5,4.0,,,6.0,1.0,43.5,63.5,30.5,,,7.0,28.5,
F0DTQ02JEB,4.0,77.0,77.0,34.833333333333336,,,8,2.0,72.0,64.5,4.0,,,6.0,1.0,43.5,63.5,30.5,,,7.0,28.5,5.0
F0DTQ02JEC,4.0,55.0,54.5,36.0,,,6,2.0,72.0,64.5,4.0,,,6.0,1.0,43.5,63.5,30.5,,,7.0,28.5,-17.0
F0DUQ01YEA,4.0,,49.0,39.5,,,6,2.0,32.0,32.0,,,,4.0,1.0,47.5,65.5,30.875,,,12.0,-15.5,
F0DUQ01YEB,4.0,65.0,9.0,31.444444444444443,,,14,2.0,32.0,32.0,,,,4.0,1.0,47.5,65.5,30.875,,,12.0,-15.5,33.0
F0DWQ03AEA,4.0,,60.5,36.5,,,4,2.0,60.5,60.5,36.5,,,4.0,1.0,55.5,22.5,48.375,,,7.0,5.0,
F0DWQ03AEB,4.0,45.5,26.0,47.0,,,12,2.0,60.5,60.5,36.5,,,4.0,1.0,55.5,22.5,48.375,,,7.0,5.0,-15.0
F0DWQ03AEC,4.0,,27.5,65.0,,,4,2.0,60.5,60.5,36.5,,,4.0,1.0,55.5,22.5,48.375,,,7.0,5.0,
F0DXQ01ZEA,4.0,,77.5,17.5,,,4,2.0,77.5,77.5,17.5,,,2.0,1.0,42.5,67.5,25.875,,,7.0,35.0,
F0DXQ01ZEB,4.0,71.5,71.5,25.5,,,3,2.0,77.5,77.5,17.5,,,2.0,1.0,42.5,67.5,25.875,,,7.0,35.0,-6.0
F0DXQ01ZEC,4.0,,69.0,,,,4,2.0,77.5,77.5,17.5,,,2.0,1.0,42.5,67.5,25.875,,,7.0,35.0,
F0DZQ02XEA,4.0,,50.0,,,,2,2.0,50.0,50.0,,,,4.0,1.0,28.0,83.5,20.75,,,7.0,22.0,
F0DZQ02XEB,4.0,54.5,61.5,22.666666666666668,,,10,2.0,50.0,50.0,,,,4.0,1.0,28.0,83.5,20.75,,,7.0,22.0,4.5
F0DZQ02XEC,4.0,,54.0,,,,4,2.0,50.0,50.0,,,,4.0,1.0,28.0,83.5,20.75,,,7.0,22.0,
F0E2Q02BEA,4.0,,68.0,25.0,,,4,2.0,68.0,68.0,25.0,,,2.0,1.0,38.0,71.0,30.0,,,10.0,30.0,
F0E2Q02BEB,4.0,71.5,71.5,28.0,,,6,2.0,68.0,68.0,25.0,,,2.0,1.0,38.0,71.0,30.0,,,10.0,30.0,3.5
F0E2Q02BEC,4.0,,48.5,41.5,,,4,2.0,68.0,68.0,25.0,,,2.0,1.0,38.0,71.0,30.0,,,10.0,30.0,
F0E3Q03LEA,4.0,,37.5,51.5,,,6,2.0,37.0,37.0,,,,4.0,1.0,26.5,74.5,32.07142857142857,,,10.0,10.5,
F0E3Q03LEB,4.0,59.5,59.5,30.5,,,7,2.0,37.0,37.0,,,,4.0,1.0,26.5,74.5,32.07142857142857,,,10.0,10.5,22.5
F0E3Q03LEC,4.0,,49.0,,,,4,2.0,37.0,37.0,,,,4.0,1.0,26.5,74.5,32.07142857142857,,,10.0,10.5,
F0E5Q02REA,4.0,,63.0,,,,4,2.0,63.0,63.0,,,,4.0,1.0,63.5,62.0,22.0,,,10.0,-0.5,
F0E5Q02REB,4.0,63.5,63.5,31.0,,,6,2.0,63.0,63.0,,,,4.0,1.0,63.5,62.0,22.0,,,10.0,-0.5,0.5
F0E5Q02REC,4.0,,54.0,,,,4,2.0,63.0,63.0,,,,4.0,1.0,63.5,62.0,22.0,,,10.0,-0.5,
F0E6Q01WEA,4.0,,19.5,45.0,,,6,2.0,39.0,39.0,45.0,,,4.0,1.0,36.0,57.0,45.142857142857146,,,10.0,3.0,
F0E6Q01WEB,4.0,58.5,58.5,44.5,,,8,2.0,39.0,39.0,45.0,,,4.0,1.0,36.0,57.0,45.142857142857146,,,10.0,3.0,19.5
F0E6Q01WEC,4.0,,47.5,43.5,,,4,2.0,39.0,39.0,45.0,,,4.0,1.0,36.0,57.0,45.142857142857146,,,10.0,3.0,
F0E7Q01LEA,4.0,,36.0,45.75,,,6,2.0,34.5,34.5,50.5,,,4.0,1.0,47.5,70.5,36.357142857142854,,,10.0,-13.0,
F0E7Q01LEB,4.0,,30.5,61.5,,,6,2.0,34.5,34.5,50.5,,,4.0,1.0,47.5,70.5,36.357142857142854,,,10.0,-13.0,
F0E7Q01LEC,4.0,,49.0,,,,4,2.0,34.5,34.5,50.5,,,4.0,1.0,47.5,70.5,36.357142857142854,,,10.0,-13.0,
F0E8Q01UEA,4.0,,19.0,45.5,,,6,2.0,31.0,31.0,,,,4.0,1.0,42.0,63.0,27.125,,,7.0,-11.0,
F0E8Q01UEB,4.0,58.5,58.5,45.0,,,4,2.0,31.0,31.0,,,,4.0,1.0,42.0,63.0,27.125,,,7.0,-11.0,27.5
F0E8Q01UEC,4.0,,56.0,,,,4,2.0,31.0,31.0,,,,4.0,1.0,42.0,63.0,27.125,,,7.0,-11.0,
F0E9Q01DEA,4.0,,38.5,49.0,,,6,2.0,22.0,22.0,,,,4.0,1.0,25.5,79.5,26.375,,,7.0,-3.5,
F0E9Q01DEB,4.0,49.0,49.0,56.5,,,8,2.0,22.0,22.0,,,,4.0,1.0,25.5,79.5,26.375,,,7.0,-3.5,27.0
F0E9Q01DEC,4.0,,20.0,69.0,,,4,2.0,22.0,22.0,,,,4.0,1.0,25.5,79.5,26.375,,,7.0,-3.5,
F0EAQ01GEA,4.0,26.5,26.5,55.0,,,8,2.0,23.0,23.0,,,,2.0,1.0,6.0,61.0,45.2,,,14.0,17.0,3.5
F0EAQ01GEB,4.0,35.0,38.0,43.0,,,10,2.0,23.0,23.0,,,,2.0,1.0,6.0,61.0,45.2,,,14.0,17.0,12.0
F0EAQ01GEC,4.0,22.5,9.5,46.0,,,7,2.0,23.0,23.0,,,,2.0,1.0,6.0,61.0,45.2,,,14.0,17.0,-0.5
F0ECQ03KEA,4.0,,35.5,46.0,,,6,2.0,35.0,35.0,,,,4.0,1.0,67.0,67.0,25.0,,,2.0,-32.0,
F0ECQ03KEB,4.0,46.0,46.0,46.333333333333336,,,16,2.0,35.0,35.0,,,,4.0,1.0,67.0,67.0,25.0,,,2.0,-32.0,11.0
F0ECQ03KEC,4.0,,33.0,53.5,,,4,2.0,35.0,35.0,,,,4.0,1.0,67.0,67.0,25.0,,,2.0,-32.0,
F0EDQ02EEA,4.0,,68.5,26.5,,,4,2.0,68.5,68.5,26.5,,,4.0,1.0,45.5,67.0,43.714285714285715,,,10.0,23.0,
F0EDQ02EEB,4.0,61.0,61.0,45.333333333333336,,,8,2.0,68.5,68.5,26.5,,,4.0,1.0,45.5,67.0,43.714285714285715,,,10.0,23.0,-7.5
F0EDQ02EEC,4.0,,41.5,46.5,,,4,2.0,68.5,68.5,26.5,,,4.0,1.0,45.5,67.0,43.714285714285715,,,10.0,23.0,
F0EEQ02TEA,4.0,,68.0,23.5,,,4,2.0,68.0,68.0,23.5,,,4.0,1.0,54.5,72.0,25.357142857142858,,,10.0,13.5,
F0EEQ02TEB,4.0,58.5,58.5,47.0,,,8,2.0,68.0,68.0,23.5,,,4.0,1.0,54.5,72.0,25.357142857142858,,,10.0,13.5,-9.5
F0EEQ02TEC,4.0,,44.5,42.0,,,6,2.0,68.0,68.0,23.5,,,4.0,1.0,54.5,72.0,25.357142857142858,,,10.0,13.5,
F0EFQ03CEA,4.0,,34.0,46.0,,,6,2.0,30.0,30.0,,,,4.0,1.0,55.5,66.5,33.642857142857146,,,10.0,-25.5,
F0EFQ03CEB,4.0,37.0,37.0,56.5,,,4,2.0,30.0,30.0,,,,4.0,1.0,55.5,66.5,33.642857142857146,,,10.0,-25.5,7.0
F0EFQ03CEC,4.0,,43.0,,,,4,2.0,30.0,30.0,,,,4.0,1.0,55.5,66.5,33.642857142857146,,,10.0,-25.5,
F0EGQ01VEA,4.0,,33.0,51.0,,,6,2.0,55.0,55.0,,,,4.0,1.0,53.5,51.0,36.5,,,10.0,1.5,
F0EGQ01VEB,4.0,55.5,55.5,33.25,,,6,2.0,55.0,55.0,,,,4.0,1.0,53.5,51.0,36.5,,,10.0,1.5,0.5
F0EGQ01VEC,4.0,,45.5,41.0,,,4,2.0,55.0,55.0,,,,4.0,1.0,53.5,51.0,36.5,,,10.0,1.5,
F0EHQ02KEA,4.0,,76.0,17.5,,,4,2.0,76.0,76.0,17.5,,,4.0,1.0,56.0,73.5,21.0,,,7.0,20.0,
F0EHQ02KEB,4.0,74.5,74.5,32.333333333333336,,,8,2.0,76.0,76.0,17.5,,,4.0,1.0,56.0,73.5,21.0,,,7.0,20.0,-1.5
F0EHQ02KEC,4.0,,43.0,42.5,,,4,2.0,76.0,76.0,17.5,,,4.0,1.0,56.0,73.5,21.0,,,7.0,20.0,
F0EJQ02MEA,4.0,,26.5,65.25,,,6,2.0,50.0,50.0,38.0,,,4.0,1.0,74.5,74.5,20.5,,,2.0,-24.5,
F0EJQ02MEB,4.0,33.0,33.0,60.666666666666664,,,4,2.0,50.0,50.0,38.0,,,4.0,1.0,74.5,74.5,20.5,,,2.0,-24.5,-17.0
F0EJQ02MEC,4.0,,28.0,63.0,,,4,2.0,50.0,50.0,38.0,,,4.0,1.0,74.5,74.5,20.5,,,2.0,-24.5,
F0EKQ03FEA,4.0,,68.5,23.0,,,4,2.0,68.5,68.5,23.0,,,4.0,1.0,49.0,77.5,25.857142857142858,,,10.0,19.5,
F0EKQ03FED,4.0,50.0,29.5,50.214285714285715,,,10,2.0,68.5,68.5,23.0,,,4.0,1.0,49.0,77.5,25.857142857142858,,,10.0,19.5,-18.5
F0EKQ03FEE,4.0,,38.0,48.0,,,4,2.0,68.5,68.5,23.0,,,4.0,1.0,49.0,77.5,25.857142857142858,,,10.0,19.5,
F0ELQ02FEA,4.0,,69.0,21.5,,,4,2.0,69.0,69.0,21.5,,,2.0,1.0,67.5,67.5,28.0,,,2.0,1.5,
F0ELQ02FEB,4.0,51.0,51.0,48.833333333333336,,,8,2.0,69.0,69.0,21.5,,,2.0,1.0,67.5,67.5,28.0,,,2.0,1.5,-18.0
F0ELQ02FEC,4.0,,41.0,45.5,,,4,2.0,69.0,69.0,21.5,,,2.0,1.0,67.5,67.5,28.0,,,2.0,1.5,
F0EMQ02HEA,4.0,,50.0,,,,2,2.0,50.0,50.0,,,,2.0,1.0,56.5,61.0,25.875,,,7.0,-6.5,
F0EMQ02HEB,4.0,61.0,61.0,38.333333333333336,,,8,2.0,50.0,50.0,,,,2.0,1.0,56.5,61.0,25.875,,,7.0,-6.5,11.0
F0EMQ02HEC,4.0,,35.0,51.5,,,4,2.0,50.0,50.0,,,,2.0,1.0,56.5,61.0,25.875,,,7.0,-6.5,
F0EPQ02VEA,4.0,,40.5,49.5,,,6,2.0,27.0,27.0,,,,2.0,1.0,67.5,67.5,25.5,,,4.0,-40.5,
F0EPQ02VEB,4.0,44.5,44.5,54.25,,,4,2.0,27.0,27.0,,,,2.0,1.0,67.5,67.5,25.5,,,4.0,-40.5,17.5
F0EPQ02VEC,4.0,,29.0,,,,2,2.0,27.0,27.0,,,,2.0,1.0,67.5,67.5,25.5,,,4.0,-40.5,
F0EQQ02LEA,4.0,,70.5,25.0,,,4,2.0,70.5,70.5,25.0,,,4.0,1.0,47.0,70.5,26.5,,,12.0,23.5,
F0EQQ02LEB,4.0,61.5,61.5,33.833333333333336,,,8,2.0,70.5,70.5,25.0,,,4.0,1.0,47.0,70.5,26.5,,,12.0,23.5,-9.0
F0ERQ01EEA,4.0,,56.5,21.0,,,4,2.0,56.5,56.5,21.0,,,2.0,1.0,79.0,79.0,17.0,,,2.0,-22.5,
F0ERQ01EEB,4.0,70.5,60.0,15.3,,,8,2.0,56.5,56.5,21.0,,,2.0,1.0,79.0,79.0,17.0,,,2.0,-22.5,14.0
F0ERQ01EEC,4.0,,66.5,19.5,,,4,2.0,56.5,56.5,21.0,,,2.0,1.0,79.0,79.0,17.0,,,2.0,-22.5,
F0ESQ01KEA,4.0,,66.0,,,,4,2.0,66.0,66.0,,,,2.0,1.0,56.0,68.0,23.5,,,10.0,10.0,
F0ESQ01KEB,4.0,84.5,38.0,26.5,,,10,2.0,66.0,66.0,,,,2.0,1.0,56.0,68.0,23.5,,,10.0,10.0,18.5
F0ESQ01KEC,4.0,,72.0,,,,4,2.0,66.0,66.0,,,,2.0,1.0,56.0,68.0,23.5,,,10.0,10.0,
F0ETQ01BEA,4.0,,35.5,20.5,,,6,2.0,47.0,47.0,,,,2.0,1.0,52.5,69.5,27.875,,,7.0,-5.5,
F0ETQ01BEB,4.0,60.0,60.0,26.0,,,6,2.0,47.0,47.0,,,,2.0,1.0,52.5,69.5,27.875,,,7.0,-5.5,13.0
F0EUQ01PEA,4.0,,51.0,36.5,,,6,2.0,28.0,28.0,,,,2.0,1.0,40.5,47.0,34.375,,,7.0,-12.5,
F0EUQ01PEB,4.0,53.5,53.5,44.333333333333336,,,8,2.0,28.0,28.0,,,,2.0,1.0,40.5,47.0,34.375,,,7.0,-12.5,25.5
F0EUQ01PEC,4.0,4.5,4.5,37.9,,,10,2.0,28.0,28.0,,,,2.0,1.0,40.5,47.0,34.375,,,7.0,-12.5,-23.5
F0EVQ02WEA,4.0,26.0,26.0,61.5,,,8,2.0,37.5,37.5,55.0,,,4.0,1.0,57.0,57.0,43.0,,,2.0,-19.5,-11.5
F0EVQ02WEB,4.0,32.5,15.5,48.611111111111114,,,12,2.0,37.5,37.5,55.0,,,4.0,1.0,57.0,57.0,43.0,,,2.0,-19.5,-5.0
F0EVQ02WEC,4.0,1.5,3.5,28.8,,,15,2.0,37.5,37.5,55.0,,,4.0,1.0,57.0,57.0,43.0,,,2.0,-19.5,-36.0
F0EWQ02GEA,4.0,19.0,19.0,61.333333333333336,,,8,2.0,36.0,36.0,58.5,,,4.0,1.0,40.5,40.0,42.92857142857143,,,10.0,-4.5,-17.0
F0EWQ02GEB,4.0,,27.0,65.5,,,6,2.0,36.0,36.0,58.5,,,4.0,1.0,40.5,40.0,42.92857142857143,,,10.0,-4.5,
F0EWQ02GEC,4.0,,19.0,71.0,,,4,2.0,36.0,36.0,58.5,,,4.0,1.0,40.5,40.0,42.92857142857143,,,10.0,-4.5,
F0EXQ01JEA,4.0,,56.5,35.0,,,6,2.0,24.0,24.0,,,,2.0,1.0,68.0,43.0,42.166666666666664,,,6.0,-44.0,
F0EXQ01JEB,4.0,66.0,66.0,45.0,,,8,2.0,24.0,24.0,,,,2.0,1.0,68.0,43.0,42.166666666666664,,,6.0,-44.0,42.0
F0EXQ01JEC,4.0,,42.5,43.0,,,2,2.0,24.0,24.0,,,,2.0,1.0,68.0,43.0,42.166666666666664,,,6.0,-44.0,
F0EYQ02NEA,4.0,,65.0,24.0,,,4,2.0,65.0,65.0,24.0,,,2.0,1.0,39.5,76.5,28.928571428571427,,,10.0,25.5,
F0EYQ02NED,4.0,52.5,52.5,53.0,,,8,2.0,65.0,65.0,24.0,,,2.0,1.0,39.5,76.5,28.928571428571427,,,10.0,25.5,-12.5
F0EYQ02NEE,4.0,,41.0,46.5,,,4,2.0,65.0,65.0,24.0,,,2.0,1.0,39.5,76.5,28.928571428571427,,,10.0,25.5,
F0EZQ01TEA,4.0,,46.0,57.75,,,6,2.0,13.0,13.0,68.5,,,2.0,1.0,63.5,72.0,22.125,,,7.0,-50.5,
F0EZQ01TEB,4.0,29.5,29.5,61.0,,,4,2.0,13.0,13.0,68.5,,,2.0,1.0,63.5,72.0,22.125,,,7.0,-50.5,16.5
F0EZQ01TEC,4.0,,39.5,55.7,,,4,2.0,13.0,13.0,68.5,,,2.0,1.0,63.5,72.0,22.125,,,7.0,-50.5,
F0F9Q04GEA,4.0,70.0,51.5,13.964285714285714,,,21,2.0,68.0,77.5,12.083333333333334,,,12.0,1.0,51.0,77.5,13.166666666666666,,,10.0,17.0,2.0
F0F9Q04GEB,4.0,,81.0,10.0,,,4,2.0,68.0,77.5,12.083333333333334,,,12.0,1.0,51.0,77.5,13.166666666666666,,,10.0,17.0,
F0F9Q04GEC,4.0,,72.0,16.5,,,4,2.0,68.0,77.5,12.083333333333334,,,12.0,1.0,51.0,77.5,13.166666666666666,,,10.0,17.0,
F0F9Q04GEE,4.0,,71.5,13.5,,,4,2.0,68.0,77.5,12.083333333333334,,,12.0,1.0,51.0,77.5,13.166666666666666,,,10.0,17.0,
F0F9Q04GEF,4.0,,84.0,7.5,,,4,2.0,68.0,77.5,12.083333333333334,,,12.0,1.0,51.0,77.5,13.166666666666666,,,10.0,17.0,
F0FJQ02ZEA,4.0,,35.0,47.5,,,6,2.0,25.0,25.0,,,,4.0,1.0,33.0,60.5,29.25,,,7.0,-8.0,
F0FJQ02ZEB,4.0,54.5,54.5,52.166666666666664,,,4,2.0,25.0,25.0,,,,4.0,1.0,33.0,60.5,29.25,,,7.0,-8.0,29.5
F0FKQ01SEA,4.0,34.5,34.5,55.25,,,8,2.0,18.0,18.0,,,,4.0,1.0,65.0,65.0,17.0,,,2.0,-47.0,16.5
F0FKQ01SEB,4.0,32.5,51.5,39.5,,,10,2.0,18.0,18.0,,,,4.0,1.0,65.0,65.0,17.0,,,2.0,-47.0,14.5
F0FKQ01SEC,4.0,,20.0,69.0,,,4,2.0,18.0,18.0,,,,4.0,1.0,65.0,65.0,17.0,,,2.0,-47.0,
F0FLQ01NEA,4.0,,22.5,70.5,,,6,2.0,11.0,11.0,,,,4.0,1.0,53.0,67.0,38.214285714285715,,,10.0,-42.0,
F0FLQ01NEB,4.0,21.5,21.5,80.5,,,8,2.0,11.0,11.0,,,,4.0,1.0,53.0,67.0,38.214285714285715,,,10.0,-42.0,10.5
F0FLQ01NEC,4.0,,24.0,70.5,,,4,2.0,11.0,11.0,,,,4.0,1.0,53.0,67.0,38.214285714285715,,,10.0,-42.0,
F0FMQ01MEA,4.0,,42.5,45.0,,,6,2.0,19.0,19.0,,,,2.0,1.0,46.5,61.0,38.07142857142857,,,10.0,-27.5,
F0FMQ01MEB,4.0,20.5,20.5,67.33333333333333,,,8,2.0,19.0,19.0,,,,2.0,1.0,46.5,61.0,38.07142857142857,,,10.0,-27.5,1.5
F0FMQ01MEC,4.0,,29.5,58.5,,,4,2.0,19.0,19.0,,,,2.0,1.0,46.5,61.0,38.07142857142857,,,10.0,-27.5,
F0FPQ01FEA,4.0,29.5,29.5,55.0,,,8,2.0,36.0,36.0,,,,4.0,1.0,50.0,58.5,36.9,,,14.0,-14.0,-6.5
F0FPQ01FEB,4.0,31.0,37.5,42.666666666666664,,,5,2.0,36.0,36.0,,,,4.0,1.0,50.0,58.5,36.9,,,14.0,-14.0,-5.0
F0FPQ01FEC,4.0,24.0,24.0,65.5,,,6,2.0,36.0,36.0,,,,4.0,1.0,50.0,58.5,36.9,,,14.0,-14.0,-12.0
F0FQQ02DEA,4.0,,39.5,47.0,,,3,2.0,36.0,36.0,,,,4.0,1.0,49.5,61.5,23.833333333333332,,,10.0,-13.5,
F0FQQ02DEB,4.0,,30.0,50.75,,,6,2.0,36.0,36.0,,,,4.0,1.0,49.5,61.5,23.833333333333332,,,10.0,-13.5,
F0FQQ02DEC,4.0,,42.5,50.0,,,4,2.0,36.0,36.0,,,,4.0,1.0,49.5,61.5,23.833333333333332,,,10.0,-13.5,
F0GAQ09WEA,4.0,77.5,66.0,8.857142857142858,,,19,2.0,78.0,57.0,12.894736842105264,,,28.0,1.0,77.0,77.0,15.0,,,4.0,1.0,-0.5
F0GAQ09WEB,4.0,,80.5,15.0,,,4,2.0,78.0,57.0,12.894736842105264,,,28.0,1.0,77.0,77.0,15.0,,,4.0,1.0,
F0GEQ07GEA,4.0,,72.0,38.5,,,6,2.0,38.0,38.5,24.875,,,10.0,1.0,8.5,8.5,71.5,,,4.0,29.5,
F0GEQ07GEB,4.0,,72.0,38.5,,,6,2.0,38.0,38.5,24.875,,,10.0,1.0,8.5,8.5,71.5,,,4.0,29.5,
F0GEQ07GEC,4.0,56.0,58.0,33.388888888888886,,,16,2.0,38.0,38.5,24.875,,,10.0,1.0,8.5,8.5,71.5,,,4.0,29.5,18.0
F0GEQ07GED,4.0,35.0,53.0,,,,5,2.0,38.0,38.5,24.875,,,10.0,1.0,8.5,8.5,71.5,,,4.0,29.5,-3.0
F0GEQ07GEE,4.0,39.0,46.0,25.5,,,6,2.0,38.0,38.5,24.875,,,10.0,1.0,8.5,8.5,71.5,,,4.0,29.5,1.0
F0GEQ07KEA,4.0,78.0,78.0,,,,8,2.0,27.5,38.0,28.333333333333332,,,4.0,1.0,8.5,8.5,71.5,,,4.0,19.0,50.5
F0GEQ07KEB,4.0,,58.0,,,,3,2.0,27.5,38.0,28.333333333333332,,,4.0,1.0,8.5,8.5,71.5,,,4.0,19.0,
F0GHQ07NEE,4.0,,73.0,,,,4,2.0,79.0,79.0,8.0,,,4.0,1.0,71.5,71.5,13.5,,,4.0,7.5,
F0GHQ07NEP,4.0,,67.0,,,,4,2.0,79.0,79.0,8.0,,,4.0,1.0,71.5,71.5,13.5,,,4.0,7.5,
F0GHQ07NEQ,4.0,,67.0,,,,4,2.0,79.0,79.0,8.0,,,4.0,1.0,71.5,71.5,13.5,,,4.0,7.5,
F0GJQ07MEG,4.0,,47.0,,,,6,2.0,39.0,78.0,14.833333333333334,,,8.0,1.0,45.0,45.0,23.5,,,2.0,-6.0,
F0GJQ07MEU,4.0,,34.0,,,,6,2.0,39.0,78.0,14.833333333333334,,,8.0,1.0,45.0,45.0,23.5,,,2.0,-6.0,
F0GJQ07MEV,4.0,,45.0,,,,4,2.0,39.0,78.0,14.833333333333334,,,8.0,1.0,45.0,45.0,23.5,,,2.0,-6.0,
F0GKQ08ZEA,4.0,,58.0,,,,6,2.0,52.5,13.5,10.75,,,6.0,1.0,67.0,67.0,15.0,,,4.0,-14.5,
F0GKQ08ZEY,4.0,,63.0,,,,4,2.0,52.5,13.5,10.75,,,6.0,1.0,67.0,67.0,15.0,,,4.0,-14.5,
F0GKQ08ZEZ,4.0,,63.0,,,,4,2.0,52.5,13.5,10.75,,,6.0,1.0,67.0,67.0,15.0,,,4.0,-14.5,
F1A6Q21NEA,4.0,,72.0,17.0,,,4,2.0,55.0,69.5,12.375,,,12.0,1.0,54.5,54.5,33.0,,,4.0,0.5,
F1A9Q22AEA,4.0,60.0,60.0,14.833333333333334,,,10,2.0,70.0,70.0,17.5,,,6.0,1.0,67.5,67.5,21.5,,,2.0,2.5,-10.0
F1A9Q22AEB,4.0,63.0,51.0,14.26923076923077,,,21,2.0,70.0,70.0,17.5,,,6.0,1.0,67.5,67.5,21.5,,,2.0,2.5,-7.0
F1A9Q22AEC,4.0,58.5,60.5,20.214285714285715,,,14,2.0,70.0,70.0,17.5,,,6.0,1.0,67.5,67.5,21.5,,,2.0,2.5,-11.5
F1A9Q22AED,4.0,61.0,61.0,18.166666666666668,,,6,2.0,70.0,70.0,17.5,,,6.0,1.0,67.5,67.5,21.5,,,2.0,2.5,-9.0
F1A9Q22AEE,4.0,59.0,59.0,17.833333333333332,,,6,2.0,70.0,70.0,17.5,,,6.0,1.0,67.5,67.5,21.5,,,2.0,2.5,-11.0
F1AJQ23UEA,4.0,32.5,52.5,38.80769230769231,,,20,2.0,48.0,48.0,47.5,,,4.0,1.0,52.75,63.0,42.55,,,6.0,-4.75,-15.5
F1AJQ23UEB,4.0,41.5,32.0,37.09375,,,20,2.0,48.0,48.0,47.5,,,4.0,1.0,52.75,63.0,42.55,,,6.0,-4.75,-6.5
F1AJQ23UEC,4.0,32.5,35.0,45.95454545454545,,,16,2.0,48.0,48.0,47.5,,,4.0,1.0,52.75,63.0,42.55,,,6.0,-4.75,-15.5
F1AJQ23VEA,4.0,36.0,23.5,35.32608695652174,,,33,2.0,28.5,28.5,66.5,,,4.0,1.0,52.75,63.0,42.55,,,6.0,-24.25,7.5
F1AKQ23QEA,4.0,76.0,76.0,7.2272727272727275,,,22,2.0,65.5,65.5,18.0,,,4.0,1.0,84.0,84.0,,,,4.0,-18.5,10.5
F1AKQ23QEB,4.0,73.0,73.0,9.5,,,8,2.0,65.5,65.5,18.0,,,4.0,1.0,84.0,84.0,,,,4.0,-18.5,7.5
F1AKQ23REA,4.0,73.0,73.0,7.666666666666667,,,12,2.0,83.5,83.5,11.0,,,4.0,1.0,84.0,84.0,,,,4.0,-0.5,-10.5
F1AKQ23REB,4.0,87.0,42.5,6.3,,,24,2.0,83.5,83.5,11.0,,,4.0,1.0,84.0,84.0,,,,4.0,-0.5,3.5
F1AKQ24HEA,4.0,74.0,74.0,10.25,,,8,2.0,84.5,84.5,9.0,,,4.0,1.0,84.0,84.0,,,,4.0,0.5,-10.5
F1AKQ24HEB,4.0,65.0,65.0,10.166666666666666,,,6,2.0,84.5,84.5,9.0,,,4.0,1.0,84.0,84.0,,,,4.0,0.5,-19.5
F1AKQ24HEC,4.0,78.5,58.5,10.535714285714286,,,22,2.0,84.5,84.5,9.0,,,4.0,1.0,84.0,84.0,,,,4.0,0.5,-6.0
F1AQQ22UEA,4.0,,69.5,21.0,,,2,2.0,70.0,55.0,16.846153846153847,,,19.0,1.0,65.0,63.5,16.5,,,3.0,5.0,
F1ARQ21JEA,4.0,,90.5,5.5,,,4,2.0,82.0,82.0,10.0,,,4.0,1.0,73.5,73.5,18.5,,,4.0,8.5,
F1ASQ21HEA,4.0,84.0,82.5,10.807692307692308,,,21,2.0,89.5,89.5,6.5,,,4.0,1.0,71.0,71.0,20.5,,,2.0,18.5,-5.5
F1AVQ21SE5,4.0,37.0,30.0,22.75,,,22,2.0,47.0,41.0,11.25,,,6.0,1.0,66.0,66.0,20.5,,,2.0,-19.0,-10.0
F1AVQ21SE6,4.0,35.0,44.5,20.11111111111111,,,12,2.0,47.0,41.0,11.25,,,6.0,1.0,66.0,66.0,20.5,,,2.0,-19.0,-12.0
F1AVQ21SE7,4.0,48.5,43.5,19.8,,,25,2.0,47.0,41.0,11.25,,,6.0,1.0,66.0,66.0,20.5,,,2.0,-19.0,1.5
F1AVQ21SE8,4.0,35.0,52.0,19.5,,,12,2.0,47.0,41.0,11.25,,,6.0,1.0,66.0,66.0,20.5,,,2.0,-19.0,-12.0
F1AVQ21SE9,4.0,35.0,55.0,19.9,,,14,2.0,47.0,41.0,11.25,,,6.0,1.0,66.0,66.0,20.5,,,2.0,-19.0,-12.0
F1AVQ21SEA,4.0,,51.0,17.5,,,4,2.0,47.0,41.0,11.25,,,6.0,1.0,66.0,66.0,20.5,,,2.0,-19.0,
F1AWQ21MEB,4.0,,57.0,16.0,,,4,2.0,70.0,67.0,12.444444444444445,,,14.0,1.0,58.0,58.0,23.5,,,4.0,12.0,
F1AYQ21PEB,4.0,53.5,60.0,14.75,,,13,2.0,56.0,68.0,10.5,,,3.0,1.0,53.0,53.0,30.0,,,2.0,3.0,-2.5
F1AYQ21PEC,4.0,61.5,62.0,13.375,,,16,2.0,56.0,68.0,10.5,,,3.0,1.0,53.0,53.0,30.0,,,2.0,3.0,5.5
F1AYQ21PED,4.0,63.0,76.0,15.5,,,14,2.0,56.0,68.0,10.5,,,3.0,1.0,53.0,53.0,30.0,,,2.0,3.0,7.0
F1AYQ21PEE,4.0,61.5,57.0,14.0,,,10,2.0,56.0,68.0,10.5,,,3.0,1.0,53.0,53.0,30.0,,,2.0,3.0,5.5
F1AYQ21PEF,4.0,61.5,70.0,13.59375,,,20,2.0,56.0,68.0,10.5,,,3.0,1.0,53.0,53.0,30.0,,,2.0,3.0,5.5
F1C8Q25JEA,4.0,59.5,55.0,41.5625,,,11,2.0,41.0,41.0,51.0,,,4.0,1.0,37.0,63.5,32.392857142857146,,,25.0,4.0,18.5
F1C8Q4MBEB,4.0,,62.5,22.5,,,2,2.0,69.5,69.5,20.0,,,2.0,1.0,37.0,63.5,32.392857142857146,,,25.0,32.5,
F1C9Q23SEA,4.0,34.5,61.0,38.94444444444444,,,12,2.0,43.0,43.0,,,,4.0,1.0,50.25,47.0,32.525,,,6.0,-7.25,-8.5
F1C9Q23SEB,4.0,43.0,52.5,45.07142857142857,,,10,2.0,43.0,43.0,,,,4.0,1.0,50.25,47.0,32.525,,,6.0,-7.25,0.0
F1C9Q23SEC,4.0,43.0,58.5,44.142857142857146,,,10,2.0,43.0,43.0,,,,4.0,1.0,50.25,47.0,32.525,,,6.0,-7.25,0.0
F1C9Q23SED,4.0,41.0,33.5,29.714285714285715,,,20,2.0,43.0,43.0,,,,4.0,1.0,50.25,47.0,32.525,,,6.0,-7.25,-2.0
F1C9Q23TEA,4.0,48.5,66.0,27.875,,,11,2.0,40.5,40.5,55.0,,,4.0,1.0,50.25,47.0,32.525,,,6.0,-9.75,8.0
F1CFQ22CEA,4.0,62.0,63.5,10.444444444444445,,,14,2.0,76.0,76.0,10.0,,,6.0,1.0,58.5,77.0,12.899999999999999,,,15.0,17.5,-14.0
F1CFQ22CEB,4.0,,73.5,13.5,,,2,2.0,76.0,76.0,10.0,,,6.0,1.0,58.5,77.0,12.899999999999999,,,15.0,17.5,
F1CFQ22CEC,4.0,65.0,65.0,14.833333333333334,,,6,2.0,76.0,76.0,10.0,,,6.0,1.0,58.5,77.0,12.899999999999999,,,15.0,17.5,-11.0
F1CFQ22CED,4.0,73.5,75.0,11.625,,,8,2.0,76.0,76.0,10.0,,,6.0,1.0,58.5,77.0,12.899999999999999,,,15.0,17.5,-2.5
F1CFQ22CEE,4.0,71.5,71.5,14.333333333333334,,,6,2.0,76.0,76.0,10.0,,,6.0,1.0,58.5,77.0,12.899999999999999,,,15.0,17.5,-4.5
F1CMQ21AEE,4.0,64.5,64.5,23.5,,,8,2.0,69.0,69.0,18.0,,,4.0,1.0,45.5,45.5,37.0,,,2.0,23.5,-4.5
F1CMQ21AEF,4.0,55.5,55.5,22.0,,,6,2.0,69.0,69.0,18.0,,,4.0,1.0,45.5,45.5,37.0,,,2.0,23.5,-13.5
F1CMQ21AEG,4.0,51.5,35.0,25.05,,,16,2.0,69.0,69.0,18.0,,,4.0,1.0,45.5,45.5,37.0,,,2.0,23.5,-17.5
F1CMQ21AEH,4.0,,62.0,24.75,,,6,2.0,69.0,69.0,18.0,,,4.0,1.0,45.5,45.5,37.0,,,2.0,23.5,
F1CMQ21AEJ,4.0,48.5,48.5,24.285714285714285,,,11,2.0,69.0,69.0,18.0,,,4.0,1.0,45.5,45.5,37.0,,,2.0,23.5,-20.5
F1CNQ22KEA,4.0,70.0,53.5,15.75,,,21,2.0,71.0,71.0,20.0,,,4.0,1.0,52.0,64.0,25.25,,,3.0,19.0,-1.0
F1CNQ22KEB,4.0,65.5,62.0,21.464285714285715,,,20,2.0,71.0,71.0,20.0,,,4.0,1.0,52.0,64.0,25.25,,,3.0,19.0,-5.5
F1CPQ22QEA,4.0,66.5,32.0,17.875,,,12,2.0,76.5,76.5,11.0,,,2.0,1.0,40.0,62.5,24.25,,,3.0,36.5,-10.0
F1CPQ22QEB,4.0,67.5,40.0,14.36111111111111,,,25,2.0,76.5,76.5,11.0,,,2.0,1.0,40.0,62.5,24.25,,,3.0,36.5,-9.0
F1CRQ21GEA,4.0,61.0,54.0,10.115384615384615,,,20,2.0,69.5,69.5,8.0,,,2.0,1.0,51.0,51.0,36.0,,,2.0,18.5,-8.5
F1CVQ22TEA,4.0,,82.0,6.5,,,4,2.0,58.0,58.0,13.0,,,4.0,1.0,49.0,71.5,17.0,,,3.0,9.0,
F1D2Q24CEA,4.0,23.5,27.5,49.65,,,13,2.0,10.5,10.5,83.5,,,4.0,1.0,43.5,63.5,25.25,,,6.0,-33.0,13.0
F1D2Q24CEB,4.0,23.5,14.0,46.583333333333336,,,8,2.0,10.5,10.5,83.5,,,4.0,1.0,43.5,63.5,25.25,,,6.0,-33.0,13.0
F1D2Q24CEC,4.0,23.5,12.5,51.785714285714285,,,20,2.0,10.5,10.5,83.5,,,4.0,1.0,43.5,63.5,25.25,,,6.0,-33.0,13.0
F1D3Q23ZEA,4.0,,49.0,40.5,,,6,2.0,49.5,49.5,40.5,,,2.0,1.0,63.0,63.0,27.5,,,4.0,-13.5,
F1D3Q23ZEB,4.0,,49.0,40.5,,,6,2.0,49.5,49.5,40.5,,,2.0,1.0,63.0,63.0,27.5,,,4.0,-13.5,
F1D6Q24AEA,4.0,50.5,61.0,37.25,,,5,2.0,28.5,28.5,62.5,,,4.0,1.0,37.0,53.0,37.833333333333336,,,5.0,-8.5,22.0
F1D6Q24AEB,4.0,50.5,61.0,37.25,,,5,2.0,28.5,28.5,62.5,,,4.0,1.0,37.0,53.0,37.833333333333336,,,5.0,-8.5,22.0
F1D6Q24AEC,4.0,50.5,17.5,29.954545454545453,,,17,2.0,28.5,28.5,62.5,,,4.0,1.0,37.0,53.0,37.833333333333336,,,5.0,-8.5,22.0
F1D7Q24EEA,4.0,32.0,32.0,53.166666666666664,,,4,2.0,41.5,41.5,45.5,,,4.0,1.0,49.0,35.5,27.25,,,6.0,-7.5,-9.5
F1D7Q24EEB,4.0,32.0,32.0,53.166666666666664,,,4,2.0,41.5,41.5,45.5,,,4.0,1.0,49.0,35.5,27.25,,,6.0,-7.5,-9.5
F1D7Q24EEC,4.0,32.0,29.5,37.357142857142854,,,10,2.0,41.5,41.5,45.5,,,4.0,1.0,49.0,35.5,27.25,,,6.0,-7.5,-9.5
F1D9Q24DEA,4.0,,22.0,77.25,,,3,2.0,14.0,14.0,73.5,,,4.0,1.0,61.5,61.5,30.5,,,4.0,-47.5,
F1D9Q24DEB,4.0,10.5,10.5,75.33333333333333,,,6,2.0,14.0,14.0,73.5,,,4.0,1.0,61.5,61.5,30.5,,,4.0,-47.5,-3.5
F1DSQ25LEA,4.0,73.0,67.0,17.166666666666668,,,19,2.0,78.0,78.0,16.0,,,4.0,1.0,56.5,76.0,24.583333333333332,,,9.0,21.5,-5.0
F1DYQ24FEA,4.0,20.5,22.5,63.0,,,10,2.0,14.5,14.5,79.5,,,4.0,1.0,59.0,72.5,19.5,,,9.0,-44.5,6.0
F1DYQ24FEB,4.0,20.5,22.5,63.0,,,5,2.0,14.5,14.5,79.5,,,4.0,1.0,59.0,72.5,19.5,,,9.0,-44.5,6.0
F1DYQ24FEC,4.0,20.5,15.0,55.333333333333336,,,16,2.0,14.5,14.5,79.5,,,4.0,1.0,59.0,72.5,19.5,,,9.0,-44.5,6.0
F1E5Q23NEA,4.0,28.5,45.0,21.708333333333332,,,18,2.0,25.5,25.5,67.5,,,4.0,1.0,52.25,45.5,27.1625,,,6.0,-26.75,3.0
F1E5Q23NEB,4.0,42.0,17.5,31.375,,,17,2.0,25.5,25.5,67.5,,,4.0,1.0,52.25,45.5,27.1625,,,6.0,-26.75,16.5
F1E5Q23NEC,4.0,47.5,33.0,29.785714285714285,,,19,2.0,25.5,25.5,67.5,,,4.0,1.0,52.25,45.5,27.1625,,,6.0,-26.75,22.0
F1E5Q23NED,4.0,42.0,50.5,35.5,,,14,2.0,25.5,25.5,67.5,,,4.0,1.0,52.25,45.5,27.1625,,,6.0,-26.75,16.5
F1E6Q25KEA,4.0,32.5,22.5,30.555555555555557,,,26,2.0,45.5,45.5,42.5,,,4.0,1.0,51.25,64.5,25.416666666666668,,,9.0,-5.75,-13.0
F1E6Q37CEA,4.0,,76.5,14.0,,,2,2.0,74.5,74.5,13.0,,,4.0,1.0,51.25,64.5,25.416666666666668,,,9.0,23.25,
F1E6Q37CEB,4.0,58.5,58.5,17.0,,,4,2.0,74.5,74.5,13.0,,,4.0,1.0,51.25,64.5,25.416666666666668,,,9.0,23.25,-16.0
F1E6Q37CEC,4.0,,27.5,19.0,,,6,2.0,74.5,74.5,13.0,,,4.0,1.0,51.25,64.5,25.416666666666668,,,9.0,23.25,
F1EAQ24BEA,4.0,25.5,36.0,50.0,,,10,2.0,30.5,30.5,60.0,,,4.0,1.0,58.5,67.5,24.75,,,6.0,-28.0,-5.0
F1EAQ24BEB,4.0,25.5,36.0,50.0,,,10,2.0,30.5,30.5,60.0,,,4.0,1.0,58.5,67.5,24.75,,,6.0,-28.0,-5.0
F1EAQ24BEC,4.0,25.5,18.0,43.5,,,8,2.0,30.5,30.5,60.0,,,4.0,1.0,58.5,67.5,24.75,,,6.0,-28.0,-5.0
F1ECQ23YEA,4.0,,67.5,24.5,,,8,2.0,57.5,57.5,34.0,,,4.0,1.0,61.5,61.5,32.5,,,4.0,-4.0,
F1ECQ23YEB,4.0,,62.0,38.0,,,4,2.0,57.5,57.5,34.0,,,4.0,1.0,61.5,61.5,32.5,,,4.0,-4.0,
F1ECQ23YEC,4.0,73.5,73.5,30.833333333333332,,,6,2.0,57.5,57.5,34.0,,,4.0,1.0,61.5,61.5,32.5,,,4.0,-4.0,16.0
F1EDQ23WEA,4.0,30.5,39.0,48.25,,,10,2.0,27.5,27.5,61.5,,,4.0,1.0,68.5,68.5,25.5,,,4.0,-41.0,3.0
F1EDQ23WEB,4.0,30.5,39.0,48.25,,,10,2.0,27.5,27.5,61.5,,,4.0,1.0,68.5,68.5,25.5,,,4.0,-41.0,3.0
F1EDQ23WEC,4.0,30.5,18.5,41.5,,,23,2.0,27.5,27.5,61.5,,,4.0,1.0,68.5,68.5,25.5,,,4.0,-41.0,3.0
F1EEQ23XEA,4.0,22.5,22.5,63.0,,,8,2.0,22.5,22.5,63.0,,,4.0,1.0,46.0,60.5,29.75,,,6.0,-23.5,0.0
F1EEQ23XEB,4.0,22.5,22.5,63.0,,,8,2.0,22.5,22.5,63.0,,,4.0,1.0,46.0,60.5,29.75,,,6.0,-23.5,0.0
F1EEQ23XEC,4.0,22.5,3.5,49.03125,,,23,2.0,22.5,22.5,63.0,,,4.0,1.0,46.0,60.5,29.75,,,6.0,-23.5,0.0
F1EFQ24PEA,4.0,,47.5,44.5,,,4,2.0,41.0,41.0,51.0,,,4.0,1.0,48.0,62.5,29.1,,,7.0,-7.0,
F1EFQ24PEB,4.0,,47.5,44.5,,,4,2.0,41.0,41.0,51.0,,,4.0,1.0,48.0,62.5,29.1,,,7.0,-7.0,
F1EGQ24SEA,4.0,21.0,29.5,57.25,,,10,2.0,11.0,11.0,84.0,,,2.0,1.0,40.5,50.0,33.5625,,,11.0,-29.5,10.0
F1EGQ24SEB,4.0,21.0,29.5,57.25,,,10,2.0,11.0,11.0,84.0,,,2.0,1.0,40.5,50.0,33.5625,,,11.0,-29.5,10.0
F1EGQ24SEC,4.0,21.0,40.5,56.22222222222222,,,12,2.0,11.0,11.0,84.0,,,2.0,1.0,40.5,50.0,33.5625,,,11.0,-29.5,10.0
F1EHQ24REA,4.0,,56.5,38.0,,,4,2.0,63.5,63.5,30.0,,,2.0,1.0,65.5,65.5,27.0,,,6.0,-2.0,
F1EHQ24REB,4.0,,56.5,38.0,,,4,2.0,63.5,63.5,30.0,,,2.0,1.0,65.5,65.5,27.0,,,6.0,-2.0,
F1EJQ24LEA,4.0,55.5,60.5,26.125,,,10,2.0,48.0,48.0,39.0,,,4.0,1.0,55.0,60.0,23.75,,,9.0,-7.0,7.5
F1EJQ24LEB,4.0,55.5,60.5,26.125,,,10,2.0,48.0,48.0,39.0,,,4.0,1.0,55.0,60.0,23.75,,,9.0,-7.0,7.5
F1EJQ24LEC,4.0,55.5,58.5,26.666666666666668,,,12,2.0,48.0,48.0,39.0,,,4.0,1.0,55.0,60.0,23.75,,,9.0,-7.0,7.5
F1EKQ24WEA,4.0,38.0,41.5,44.375,,,10,2.0,27.5,27.5,65.5,,,2.0,1.0,35.5,52.5,40.2,,,8.0,-8.0,10.5
F1EKQ24WEB,4.0,38.0,41.5,44.375,,,5,2.0,27.5,27.5,65.5,,,2.0,1.0,35.5,52.5,40.2,,,8.0,-8.0,10.5
F1EKQ24WEC,4.0,38.0,43.5,41.65,,,13,2.0,27.5,27.5,65.5,,,2.0,1.0,35.5,52.5,40.2,,,8.0,-8.0,10.5
F1ELQ24QEA,4.0,35.0,46.5,45.25,,,10,2.0,23.5,23.5,70.5,,,4.0,1.0,27.5,66.5,37.214285714285715,,,11.0,-4.0,11.5
F1ELQ24QEB,4.0,35.0,46.5,45.25,,,5,2.0,23.5,23.5,70.5,,,4.0,1.0,27.5,66.5,37.214285714285715,,,11.0,-4.0,11.5
F1ELQ24QEC,4.0,35.0,47.0,39.916666666666664,,,8,2.0,23.5,23.5,70.5,,,4.0,1.0,27.5,66.5,37.214285714285715,,,11.0,-4.0,11.5
F1EMQ24MEA,4.0,28.0,39.0,43.625,,,5,2.0,35.0,35.0,50.5,,,4.0,1.0,46.5,44.0,34.0625,,,11.0,-11.5,-7.0
F1EMQ24MEB,4.0,28.0,39.0,43.625,,,5,2.0,35.0,35.0,50.5,,,4.0,1.0,46.5,44.0,34.0625,,,11.0,-11.5,-7.0
F1EMQ24MEC,4.0,28.0,55.5,40.5,,,13,2.0,35.0,35.0,50.5,,,4.0,1.0,46.5,44.0,34.0625,,,11.0,-11.5,-7.0
F1ENQ24UEA,4.0,38.0,43.0,37.791666666666664,,,15,2.0,46.0,46.0,45.0,,,4.0,1.0,63.5,63.5,30.5,,,6.0,-17.5,-8.0
F1EPQ24NEA,4.0,53.0,66.5,29.875,,,10,2.0,33.0,33.0,50.0,,,4.0,1.0,57.5,63.0,24.625,,,11.0,-24.5,20.0
F1EPQ24NEB,4.0,53.0,66.5,29.875,,,5,2.0,33.0,33.0,50.0,,,4.0,1.0,57.5,63.0,24.625,,,11.0,-24.5,20.0
F1EPQ24NEC,4.0,53.0,49.5,25.8,,,7,2.0,33.0,33.0,50.0,,,4.0,1.0,57.5,63.0,24.625,,,11.0,-24.5,20.0
F1ERQ24KEA,4.0,30.5,46.0,48.875,,,5,2.0,26.0,26.0,70.0,,,4.0,1.0,42.5,63.0,31.0,,,9.0,-16.5,4.5
F1ERQ24KEB,4.0,30.5,46.0,48.875,,,5,2.0,26.0,26.0,70.0,,,4.0,1.0,42.5,63.0,31.0,,,9.0,-16.5,4.5
F1ETQ24JEA,4.0,,49.0,55.5,,,6,2.0,37.5,37.5,49.0,,,4.0,1.0,63.5,63.5,28.5,,,8.0,-26.0,
F1ETQ24JEB,4.0,,49.0,55.5,,,6,2.0,37.5,37.5,49.0,,,4.0,1.0,63.5,63.5,28.5,,,8.0,-26.0,
F1EUQ24VEA,4.0,47.5,53.0,42.125,,,10,2.0,25.5,25.5,65.5,,,4.0,1.0,52.5,66.5,25.25,,,11.0,-27.0,22.0
F1EUQ24VEB,4.0,47.5,53.0,42.125,,,5,2.0,25.5,25.5,65.5,,,4.0,1.0,52.5,66.5,25.25,,,11.0,-27.0,22.0
F1EUQ24VEC,4.0,47.5,53.0,42.125,,,5,2.0,25.5,25.5,65.5,,,4.0,1.0,52.5,66.5,25.25,,,11.0,-27.0,22.0
F1EVQ24TEA,4.0,,62.5,27.0,,,2,2.0,47.0,47.0,44.5,,,2.0,1.0,30.5,60.5,41.57142857142857,,,11.0,16.5,
F1EVQ24TEB,4.0,61.5,69.0,21.2,,,8,2.0,47.0,47.0,44.5,,,2.0,1.0,30.5,60.5,41.57142857142857,,,11.0,16.5,14.5
F1EVQ24TEC,4.0,69.0,46.5,9.178571428571429,,,22,2.0,47.0,47.0,44.5,,,2.0,1.0,30.5,60.5,41.57142857142857,,,11.0,16.5,22.0
F212,4.0,23.5,23.5,49.5,,,4,2.0,23.5,23.5,49.5,,,4.0,1.0,23.5,23.5,49.5,,,4.0,0.0,0.0
F212Q33P,4.0,1.5,1.5,92.5,,,2,2.0,16.166666666666668,16.166666666666668,63.833333333333336,,,6.0,1.0,23.5,23.5,49.5,,,4.0,-7.333333333333332,-14.666666666666668
F213,4.0,32.5,32.5,36.5,,,6,2.0,32.5,32.5,36.5,,,6.0,1.0,32.5,32.5,36.5,,,6.0,0.0,0.0
F213Q27S,4.0,49.5,53.0,21.5,,,6,2.0,41.0,42.75,27.928571428571427,,,12.0,1.0,32.5,32.5,36.5,,,6.0,8.5,8.5
F213Q27SEA,4.0,,67.5,21.0,,,2,2.0,49.5,53.0,21.5,,,6.0,1.0,32.5,32.5,36.5,,,6.0,17.0,
F214,4.0,45.0,64.0,31.7,,,10,2.0,45.0,64.0,31.7,,,10.0,1.0,45.0,64.0,31.7,,,10.0,0.0,0.0
F216,4.0,43.0,43.0,32.0,,,4,2.0,43.0,43.0,32.0,,,4.0,1.0,43.0,43.0,32.0,,,4.0,0.0,0.0
F216Q33S,4.0,7.0,7.0,86.0,,,2,2.0,31.0,31.0,50.0,,,6.0,1.0,43.0,43.0,32.0,,,4.0,-12.0,-24.0
F218,4.0,48.0,49.5,29.166666666666668,,,12,2.0,48.0,49.5,29.166666666666668,,,12.0,1.0,48.0,49.5,29.166666666666668,,,12.0,0.0,0.0
F21B,4.0,65.5,65.5,24.5,,,4,2.0,65.5,65.5,24.5,,,4.0,1.0,65.5,65.5,24.5,,,4.0,0.0,0.0
F21BQ35J,4.0,31.0,31.0,29.5,,,2,2.0,54.0,54.0,26.166666666666668,,,6.0,1.0,65.5,65.5,24.5,,,4.0,-11.5,-23.0
F21BQ35JEA,4.0,37.0,38.0,23.5,,,5,2.0,31.0,31.0,29.5,,,2.0,1.0,65.5,65.5,24.5,,,4.0,-34.5,6.0
F21BQ35JEB,4.0,37.0,22.0,28.4,,,7,2.0,31.0,31.0,29.5,,,2.0,1.0,65.5,65.5,24.5,,,4.0,-34.5,6.0
F21E,4.0,57.0,57.0,28.0,,,6,2.0,57.0,57.0,28.0,,,6.0,1.0,57.0,57.0,28.0,,,6.0,0.0,0.0
F21EQ34J,4.0,23.0,23.0,37.5,,,2,2.0,48.5,48.5,30.375,,,8.0,1.0,57.0,57.0,28.0,,,6.0,-8.5,-25.5
F21EQ34JEA,4.0,48.0,33.5,25.125,,,10,2.0,23.0,23.0,37.5,,,2.0,1.0,57.0,57.0,28.0,,,6.0,-34.0,25.0
F21EQ34JEB,4.0,48.0,33.5,25.125,,,5,2.0,23.0,23.0,37.5,,,2.0,1.0,57.0,57.0,28.0,,,6.0,-34.0,25.0
F21M,4.0,10.5,38.5,42.5,,,8,2.0,10.5,38.5,42.5,,,8.0,1.0,10.5,38.5,42.5,,,8.0,0.0,0.0
F21MQ36B,4.0,13.0,18.5,33.25,,,3,2.0,11.181818181818182,33.04545454545455,40.1875,,,11.0,1.0,10.5,38.5,42.5,,,8.0,0.6818181818181817,1.8181818181818183
F21P,4.0,40.5,40.5,35.0,,,4,2.0,40.5,40.5,35.0,,,4.0,1.0,40.5,40.5,35.0,,,4.0,0.0,0.0
F21PQ23P,4.0,12.5,26.0,49.25,,,6,2.0,23.7,31.8,44.5,,,10.0,1.0,40.5,40.5,35.0,,,4.0,-16.8,-11.2
F21S,4.0,57.0,67.5,13.75,,,6,2.0,57.0,67.5,13.75,,,6.0,1.0,57.0,67.5,13.75,,,6.0,0.0,0.0
F21SQ32J,4.0,7.0,7.0,82.0,,,4,2.0,37.0,43.3,36.5,,,10.0,1.0,57.0,67.5,13.75,,,6.0,-20.0,-30.0
F21SQ32JEA,4.0,,14.0,44.25,,,3,2.0,7.0,7.0,82.0,,,4.0,1.0,57.0,67.5,13.75,,,6.0,-50.0,
F21SQ32JEB,4.0,,14.0,44.25,,,3,2.0,7.0,7.0,82.0,,,4.0,1.0,57.0,67.5,13.75,,,6.0,-50.0,
F21Y,4.0,46.0,66.5,23.666666666666668,,,12,2.0,46.0,66.5,23.666666666666668,,,12.0,1.0,46.0,66.5,23.666666666666668,,,12.0,0.0,0.0
F221,4.0,32.0,32.0,44.5,,,8,2.0,32.0,32.0,44.5,,,8.0,1.0,32.0,32.0,44.5,,,8.0,0.0,0.0
F221Q31H,4.0,30.0,5.5,26.25,,,3,2.0,31.454545454545453,24.772727272727273,38.416666666666664,,,11.0,1.0,32.0,32.0,44.5,,,8.0,-0.5454545454545467,-1.4545454545454533
F22B,4.0,5.0,5.0,64.0,,,8,2.0,5.0,5.0,64.0,,,8.0,1.0,5.0,5.0,64.0,,,8.0,0.0,0.0
F22BQ36D,4.0,30.5,29.0,18.5,,,3,2.0,11.954545454545455,11.545454545454545,48.833333333333336,,,11.0,1.0,5.0,5.0,64.0,,,8.0,6.954545454545455,18.545454545454547
F22E,4.0,44.5,44.5,26.5,,,4,2.0,44.5,44.5,26.5,,,4.0,1.0,44.5,44.5,26.5,,,4.0,0.0,0.0
F22EB3LZ,4.0,60.0,60.0,20.0,,,2,2.0,44.5,44.5,26.5,,,4.0,1.0,44.5,44.5,26.5,,,4.0,0.0,15.5
F22K,4.0,66.5,66.5,24.0,,,6,2.0,66.5,66.5,24.0,,,6.0,1.0,66.5,66.5,24.0,,,6.0,0.0,0.0
F22KQ36F,4.0,21.5,21.5,49.0,,,4,2.0,48.5,48.5,34.0,,,10.0,1.0,66.5,66.5,24.0,,,6.0,-18.0,-27.0
F22KQ36FEA,4.0,5.0,17.0,49.5,,,10,2.0,21.5,21.5,49.0,,,4.0,1.0,66.5,66.5,24.0,,,6.0,-45.0,-16.5
F22KQ36FEB,4.0,5.0,17.0,49.5,,,10,2.0,21.5,21.5,49.0,,,4.0,1.0,66.5,66.5,24.0,,,6.0,-45.0,-16.5
F22R,4.0,47.0,56.5,24.1,,,8,2.0,47.0,56.5,24.1,,,8.0,1.0,47.0,56.5,24.1,,,8.0,0.0,0.0
F22RQ31L,4.0,31.0,31.0,27.5,,,2,2.0,43.8,51.4,24.666666666666668,,,10.0,1.0,47.0,56.5,24.1,,,8.0,-3.200000000000003,-12.799999999999997
F22RQ31LEA,4.0,19.0,19.0,27.0,,,4,2.0,31.0,31.0,27.5,,,2.0,1.0,47.0,56.5,24.1,,,8.0,-16.0,-12.0
F22RQ31LEB,4.0,19.0,38.0,24.714285714285715,,,9,2.0,31.0,31.0,27.5,,,2.0,1.0,47.0,56.5,24.1,,,8.0,-16.0,-12.0
F22RQ31LEC,4.0,32.0,31.5,22.333333333333332,,,18,2.0,31.0,31.0,27.5,,,2.0,1.0,47.0,56.5,24.1,,,8.0,-16.0,1.0
F22W,4.0,10.0,10.0,67.5,,,4,2.0,10.0,10.0,67.5,,,4.0,1.0,10.0,10.0,67.5,,,4.0,0.0,0.0
F22WQ33G,4.0,5.0,5.0,71.0,,,2,2.0,8.333333333333334,8.333333333333334,68.66666666666667,,,6.0,1.0,10.0,10.0,67.5,,,4.0,-1.666666666666666,-3.333333333333334
F22WQ33GEA,4.0,,2.0,82.5,,,3,2.0,5.0,5.0,71.0,,,2.0,1.0,10.0,10.0,67.5,,,4.0,-5.0,
F22WQ33GEB,4.0,,8.5,79.0,,,2,2.0,5.0,5.0,71.0,,,2.0,1.0,10.0,10.0,67.5,,,4.0,-5.0,
F22Z,4.0,40.5,58.5,17.0,,,6,2.0,40.5,58.5,17.0,,,6.0,1.0,40.5,58.5,17.0,,,6.0,0.0,0.0
F22ZQ32Q,4.0,2.0,2.0,89.0,,,4,2.0,25.1,35.9,41.0,,,10.0,1.0,40.5,58.5,17.0,,,6.0,-15.399999999999999,-23.1
F231,4.0,57.5,57.5,25.0,,,4,2.0,57.5,57.5,25.0,,,4.0,1.0,57.5,57.5,25.0,,,4.0,0.0,0.0
F231Q34U,4.0,42.5,42.5,30.5,,,2,2.0,52.5,52.5,26.833333333333332,,,6.0,1.0,57.5,57.5,25.0,,,4.0,-5.0,-10.0
F231Q34UEA,4.0,,53.0,22.0,,,2,2.0,42.5,42.5,30.5,,,2.0,1.0,57.5,57.5,25.0,,,4.0,-15.0,
F231Q34UEC,4.0,,53.0,22.0,,,2,2.0,42.5,42.5,30.5,,,2.0,1.0,57.5,57.5,25.0,,,4.0,-15.0,
F233,4.0,18.5,18.5,48.5,,,6,2.0,18.5,18.5,48.5,,,6.0,1.0,18.5,18.5,48.5,,,6.0,0.0,0.0
F233Q36Z,4.0,19.0,19.0,36.0,,,2,2.0,18.625,18.625,45.375,,,8.0,1.0,18.5,18.5,48.5,,,6.0,0.125,0.375
F233Q36ZEA,4.0,26.5,26.5,28.166666666666668,,,8,2.0,19.0,19.0,36.0,,,2.0,1.0,18.5,18.5,48.5,,,6.0,0.5,7.5
F233Q36ZEB,4.0,26.5,22.0,29.857142857142858,,,10,2.0,19.0,19.0,36.0,,,2.0,1.0,18.5,18.5,48.5,,,6.0,0.5,7.5
F234,4.0,38.0,38.0,42.5,,,6,2.0,38.0,38.0,42.5,,,6.0,1.0,38.0,38.0,42.5,,,6.0,0.0,0.0
F234Q35G,4.0,48.0,48.0,29.0,,,2,2.0,40.5,40.5,39.125,,,8.0,1.0,38.0,38.0,42.5,,,6.0,2.5,7.5
F234Q35GEA,4.0,40.0,35.0,25.375,,,10,2.0,48.0,48.0,29.0,,,2.0,1.0,38.0,38.0,42.5,,,6.0,10.0,-8.0
F234Q35GEB,4.0,38.5,38.5,32.0,,,10,2.0,48.0,48.0,29.0,,,2.0,1.0,38.0,38.0,42.5,,,6.0,10.0,-9.5
F234Q35GEC,4.0,40.0,35.0,25.375,,,10,2.0,48.0,48.0,29.0,,,2.0,1.0,38.0,38.0,42.5,,,6.0,10.0,-8.0
F238,4.0,51.5,60.5,27.5,,,15,2.0,51.5,60.5,27.5,,,15.0,1.0,51.5,60.5,27.5,,,15.0,0.0,0.0
F239,4.0,33.0,33.0,37.0,,,6,2.0,33.0,33.0,37.0,,,6.0,1.0,33.0,33.0,37.0,,,6.0,0.0,0.0
F239Q35S,4.0,25.0,19.0,39.0,,,6,2.0,29.0,26.0,38.142857142857146,,,12.0,1.0,33.0,33.0,37.0,,,6.0,-4.0,-4.0
F23A,4.0,21.0,21.0,38.5,,,6,2.0,21.0,21.0,38.5,,,6.0,1.0,21.0,21.0,38.5,,,6.0,0.0,0.0
F23AQ35V,4.0,35.0,35.0,42.0,,,4,2.0,26.6,26.6,39.9,,,10.0,1.0,21.0,21.0,38.5,,,6.0,5.600000000000001,8.399999999999999
F23AQ35VEA,4.0,29.0,20.0,40.875,,,5,2.0,35.0,35.0,42.0,,,4.0,1.0,21.0,21.0,38.5,,,6.0,14.0,-6.0
F23AQ35VEB,4.0,24.0,24.0,48.875,,,7,2.0,35.0,35.0,42.0,,,4.0,1.0,21.0,21.0,38.5,,,6.0,14.0,-11.0
F23AQ35VEC,4.0,29.0,20.0,40.875,,,5,2.0,35.0,35.0,42.0,,,4.0,1.0,21.0,21.0,38.5,,,6.0,14.0,-6.0
F23E,4.0,61.5,61.5,22.0,,,6,2.0,61.5,61.5,22.0,,,6.0,1.0,61.5,61.5,22.0,,,6.0,0.0,0.0
F23EQ36B,4.0,64.5,64.5,21.0,,,4,2.0,62.7,62.7,21.6,,,10.0,1.0,61.5,61.5,22.0,,,6.0,1.2000000000000028,1.7999999999999972
F23EQ36BEA,4.0,,63.5,19.5,,,4,2.0,64.5,64.5,21.0,,,4.0,1.0,61.5,61.5,22.0,,,6.0,3.0,
F23EQ36BEB,4.0,,50.0,19.5,,,8,2.0,64.5,64.5,21.0,,,4.0,1.0,61.5,61.5,22.0,,,6.0,3.0,
F23G,4.0,45.5,60.5,19.75,,,6,2.0,45.5,60.5,19.75,,,6.0,1.0,45.5,60.5,19.75,,,6.0,0.0,0.0
F23GQ33J,4.0,2.5,2.5,86.0,,,2,2.0,34.75,46.0,33.0,,,8.0,1.0,45.5,60.5,19.75,,,6.0,-10.75,-32.25
F23GQ33JEC,4.0,,2.0,89.5,,,2,2.0,2.5,2.5,86.0,,,2.0,1.0,45.5,60.5,19.75,,,6.0,-43.0,
F23GQ33JED,4.0,,2.0,89.5,,,2,2.0,2.5,2.5,86.0,,,2.0,1.0,45.5,60.5,19.75,,,6.0,-43.0,
F23K,4.0,39.5,39.5,44.0,,,8,2.0,39.5,39.5,44.0,,,8.0,1.0,39.5,39.5,44.0,,,8.0,0.0,0.0
F23KQ36A,4.0,15.5,15.5,71.0,,,2,2.0,34.7,34.7,49.4,,,10.0,1.0,39.5,39.5,44.0,,,8.0,-4.799999999999997,-19.200000000000003
F23KQ36AEA,4.0,,8.5,80.0,,,2,2.0,15.5,15.5,71.0,,,2.0,1.0,39.5,39.5,44.0,,,8.0,-24.0,
F23KQ36AEB,4.0,,8.5,80.0,,,2,2.0,15.5,15.5,71.0,,,2.0,1.0,39.5,39.5,44.0,,,8.0,-24.0,
F23L,4.0,62.5,62.0,25.75,,,8,2.0,62.5,62.0,25.75,,,8.0,1.0,62.5,62.0,25.75,,,8.0,0.0,0.0
F23S,4.0,48.5,48.5,28.5,,,6,2.0,48.5,48.5,28.5,,,6.0,1.0,48.5,48.5,28.5,,,6.0,0.0,0.0
F23SQ34K,4.0,60.0,60.0,18.0,,,2,2.0,51.375,51.375,25.875,,,8.0,1.0,48.5,48.5,28.5,,,6.0,2.875,8.625
F23SQ34KEA,4.0,49.5,28.5,24.625,,,10,2.0,60.0,60.0,18.0,,,2.0,1.0,48.5,48.5,28.5,,,6.0,11.5,-10.5
F23SQ34KEB,4.0,49.5,48.75,25.8125,,,10,2.0,60.0,60.0,18.0,,,2.0,1.0,48.5,48.5,28.5,,,6.0,11.5,-10.5
F23V,4.0,8.0,7.5,62.92857142857143,,,11,2.0,8.0,7.5,62.92857142857143,,,11.0,1.0,8.0,7.5,62.92857142857143,,,11.0,0.0,0.0
F23VQ31M,4.0,3.0,3.0,85.5,,,2,2.0,7.230769230769231,6.8076923076923075,65.75,,,13.0,1.0,8.0,7.5,62.92857142857143,,,11.0,-0.7692307692307692,-4.230769230769231
F23Y,4.0,49.5,58.5,17.0,,,6,2.0,49.5,58.5,17.0,,,6.0,1.0,49.5,58.5,17.0,,,6.0,0.0,0.0
F23YQ34Y,4.0,52.5,52.5,25.0,,,2,2.0,50.25,57.0,18.6,,,8.0,1.0,49.5,58.5,17.0,,,6.0,0.75,2.25
F23YQ34YEA,4.0,33.0,33.0,25.0,,,4,2.0,52.5,52.5,25.0,,,2.0,1.0,49.5,58.5,17.0,,,6.0,3.0,-19.5
F23YQ34YEB,4.0,33.0,33.0,25.0,,,8,2.0,52.5,52.5,25.0,,,2.0,1.0,49.5,58.5,17.0,,,6.0,3.0,-19.5
F241,4.0,43.0,32.5,30.3,,,8,2.0,43.0,32.5,30.3,,,8.0,1.0,43.0,32.5,30.3,,,8.0,0.0,0.0
F241Q31V,4.0,8.5,8.5,36.5,,,4,2.0,31.5,24.5,32.07142857142857,,,12.0,1.0,43.0,32.5,30.3,,,8.0,-11.5,-23.0
F241Q31VEA,4.0,3.5,3.5,53.666666666666664,,,8,2.0,8.5,8.5,36.5,,,4.0,1.0,43.0,32.5,30.3,,,8.0,-34.5,-5.0
F241Q31VEB,4.0,3.5,3.5,53.666666666666664,,,8,2.0,8.5,8.5,36.5,,,4.0,1.0,43.0,32.5,30.3,,,8.0,-34.5,-5.0
F244,4.0,27.5,27.5,52.0,,,6,2.0,27.5,27.5,52.0,,,6.0,1.0,27.5,27.5,52.0,,,6.0,0.0,0.0
F244Q35R,4.0,16.5,16.5,65.5,,,4,2.0,23.1,23.1,57.4,,,10.0,1.0,27.5,27.5,52.0,,,6.0,-4.399999999999999,-6.600000000000001
F245,4.0,21.0,27.0,40.75,,,6,2.0,21.0,27.0,40.75,,,6.0,1.0,21.0,27.0,40.75,,,6.0,0.0,0.0
F245Q33F,4.0,1.0,1.0,86.0,,,2,2.0,16.0,20.5,49.8,,,8.0,1.0,21.0,27.0,40.75,,,6.0,-5.0,-15.0
F246,4.0,25.5,25.5,45.0,,,4,2.0,25.5,25.5,45.0,,,4.0,1.0,25.5,25.5,45.0,,,4.0,0.0,0.0
F246Q27M,4.0,56.5,56.5,16.5,,,6,2.0,44.1,44.1,26.0,,,10.0,1.0,25.5,25.5,45.0,,,4.0,18.6,12.399999999999999
F246Q27MEA,4.0,,53.0,20.75,,,3,2.0,56.5,56.5,16.5,,,6.0,1.0,25.5,25.5,45.0,,,4.0,31.0,
F247,4.0,28.0,28.0,40.0,,,6,2.0,28.0,28.0,40.0,,,6.0,1.0,28.0,28.0,40.0,,,6.0,0.0,0.0
F247Q36P,4.0,18.0,18.0,30.0,,,2,2.0,25.5,25.5,37.5,,,8.0,1.0,28.0,28.0,40.0,,,6.0,-2.5,-7.5
F247Q36PEA,4.0,42.0,42.0,21.5,,,4,2.0,18.0,18.0,30.0,,,2.0,1.0,28.0,28.0,40.0,,,6.0,-10.0,24.0
F247Q36PEB,4.0,42.0,42.0,21.5,,,4,2.0,18.0,18.0,30.0,,,2.0,1.0,28.0,28.0,40.0,,,6.0,-10.0,24.0
F24B,4.0,32.5,51.5,33.625,,,8,2.0,32.5,51.5,33.625,,,8.0,1.0,32.5,51.5,33.625,,,8.0,0.0,0.0
F24C,4.0,55.5,73.5,19.0,,,8,2.0,55.5,73.5,19.0,,,8.0,1.0,55.5,73.5,19.0,,,8.0,0.0,0.0
F24CQ27Q,4.0,56.0,54.0,10.5,,,6,2.0,55.714285714285715,65.14285714285714,15.222222222222221,,,14.0,1.0,55.5,73.5,19.0,,,8.0,0.2142857142857153,0.2857142857142847
F24CQ27QEA,4.0,,26.5,11.5,,,4,2.0,56.0,54.0,10.5,,,6.0,1.0,55.5,73.5,19.0,,,8.0,0.5,
F24E,4.0,44.5,49.5,20.5,,,9,2.0,44.5,49.5,20.5,,,9.0,1.0,44.5,49.5,20.5,,,9.0,0.0,0.0
F24EQ37F,4.0,48.0,48.0,10.5,,,4,2.0,45.57692307692308,49.03846153846154,18.0,,,13.0,1.0,44.5,49.5,20.5,,,9.0,1.0769230769230802,2.42307692307692
F24EQ37FEA,4.0,,77.0,10.0,,,2,2.0,48.0,48.0,10.5,,,4.0,1.0,44.5,49.5,20.5,,,9.0,3.5,
F24EQ37FEB,4.0,64.0,64.0,11.0,,,8,2.0,48.0,48.0,10.5,,,4.0,1.0,44.5,49.5,20.5,,,9.0,3.5,16.0
F24EQ37FEC,4.0,,77.0,10.0,,,4,2.0,48.0,48.0,10.5,,,4.0,1.0,44.5,49.5,20.5,,,9.0,3.5,
F24G,4.0,8.0,67.0,41.642857142857146,,,11,2.0,8.0,67.0,41.642857142857146,,,11.0,1.0,8.0,67.0,41.642857142857146,,,11.0,0.0,0.0
F24GQ27P,4.0,74.0,74.0,9.5,,,4,2.0,25.6,68.86666666666666,34.5,,,15.0,1.0,8.0,67.0,41.642857142857146,,,11.0,17.6,48.4
F24GQ27PEA,4.0,,23.0,10.416666666666666,,,9,2.0,74.0,74.0,9.5,,,4.0,1.0,8.0,67.0,41.642857142857146,,,11.0,66.0,
F24S,4.0,54.0,54.0,33.5,,,4,2.0,54.0,54.0,33.5,,,4.0,1.0,54.0,54.0,33.5,,,4.0,0.0,0.0
F24SQ34N,4.0,56.0,56.0,22.0,,,2,2.0,54.666666666666664,54.666666666666664,29.666666666666668,,,6.0,1.0,54.0,54.0,33.5,,,4.0,0.6666666666666643,1.3333333333333357
F24W,4.0,33.5,67.0,22.666666666666668,,,30,2.0,33.5,67.0,22.666666666666668,,,30.0,1.0,33.5,67.0,22.666666666666668,,,30.0,0.0,0.0
F24WQ37L,4.0,61.0,61.0,17.0,,,2,2.0,35.21875,66.625,22.40909090909091,,,32.0,1.0,33.5,67.0,22.666666666666668,,,30.0,1.71875,25.78125
F24WQ37LEA,4.0,75.0,68.5,15.846153846153847,,,18,2.0,61.0,61.0,17.0,,,2.0,1.0,33.5,67.0,22.666666666666668,,,30.0,27.5,14.0
F24WQ37LEB,4.0,57.0,54.0,12.25,,,8,2.0,61.0,61.0,17.0,,,2.0,1.0,33.5,67.0,22.666666666666668,,,30.0,27.5,-4.0
F24WQ37LEC,4.0,46.0,50.5,18.625,,,12,2.0,61.0,61.0,17.0,,,2.0,1.0,33.5,67.0,22.666666666666668,,,30.0,27.5,-15.0
F24X,4.0,21.5,63.0,41.3,,,10,2.0,21.5,63.0,41.3,,,10.0,1.0,21.5,63.0,41.3,,,10.0,0.0,0.0
F24Y,4.0,29.5,74.0,35.9,,,10,2.0,29.5,74.0,35.9,,,10.0,1.0,29.5,74.0,35.9,,,10.0,0.0,0.0
F251,4.0,36.0,36.0,41.0,,,4,2.0,36.0,36.0,41.0,,,4.0,1.0,36.0,36.0,41.0,,,4.0,0.0,0.0
F251Q23M,4.0,36.0,20.5,33.25,,,3,2.0,36.0,29.357142857142858,37.125,,,7.0,1.0,36.0,36.0,41.0,,,4.0,0.0,0.0
F251Q23S,4.0,43.5,44.0,32.0,,,7,2.0,40.77272727272727,41.09090909090909,35.0,,,11.0,1.0,36.0,36.0,41.0,,,4.0,4.772727272727273,2.7272727272727266
F254,4.0,46.0,46.0,23.5,,,6,2.0,46.0,46.0,23.5,,,6.0,1.0,46.0,46.0,23.5,,,6.0,0.0,0.0
F254Q27N,4.0,73.0,73.0,14.5,,,2,2.0,52.75,52.75,21.25,,,8.0,1.0,46.0,46.0,23.5,,,6.0,6.75,20.25
F254Q27NEA,4.0,,68.0,20.0,,,6,2.0,73.0,73.0,14.5,,,2.0,1.0,46.0,46.0,23.5,,,6.0,27.0,
F255,4.0,53.0,62.0,25.25,,,9,2.0,53.0,62.0,25.25,,,9.0,1.0,53.0,62.0,25.25,,,9.0,0.0,0.0
F255Q32Z,4.0,2.0,2.0,93.0,,,2,2.0,43.72727272727273,51.09090909090909,34.92857142857143,,,11.0,1.0,53.0,62.0,25.25,,,9.0,-9.272727272727273,-41.72727272727273
F257,4.0,15.0,52.5,40.25,,,9,2.0,15.0,52.5,40.25,,,9.0,1.0,15.0,52.5,40.25,,,9.0,0.0,0.0
F257Q32X,4.0,7.0,7.0,69.0,,,4,2.0,12.538461538461538,38.5,47.4375,,,13.0,1.0,15.0,52.5,40.25,,,9.0,-2.4615384615384617,-5.538461538461538
F258,4.0,35.5,35.5,36.0,,,6,2.0,35.5,35.5,36.0,,,6.0,1.0,35.5,35.5,36.0,,,6.0,0.0,0.0
F258Q34P,4.0,45.5,45.5,28.5,,,2,2.0,38.0,38.0,34.125,,,8.0,1.0,35.5,35.5,36.0,,,6.0,2.5,7.5
F25B,4.0,52.5,52.5,29.0,,,8,2.0,52.5,52.5,29.0,,,8.0,1.0,52.5,52.5,29.0,,,8.0,0.0,0.0
F25BQ33W,4.0,15.5,15.5,73.5,,,4,2.0,40.166666666666664,40.166666666666664,43.833333333333336,,,12.0,1.0,52.5,52.5,29.0,,,8.0,-12.333333333333336,-24.666666666666664
F25BQ33WEA,4.0,3.5,3.5,82.5,,,4,2.0,15.5,15.5,73.5,,,4.0,1.0,52.5,52.5,29.0,,,8.0,-37.0,-12.0
F25BQ33WEB,4.0,,7.0,83.0,,,2,2.0,15.5,15.5,73.5,,,4.0,1.0,52.5,52.5,29.0,,,8.0,-37.0,
F25E,4.0,73.0,73.0,17.5,,,10,2.0,73.0,73.0,17.5,,,10.0,,,,,,,,,0.0
F25EL3FG,4.0,82.5,82.5,13.0,,,4,2.0,75.71428571428571,75.71428571428571,16.214285714285715,,,14.0,,,,,,,,,6.785714285714292
F25EL3FGLA,4.0,,65.5,17.0,,,4,2.0,82.5,82.5,13.0,,,4.0,,,,,,,,,
F25EL3FGLB,4.0,,81.5,10.0,,,2,2.0,82.5,82.5,13.0,,,4.0,,,,,,,,,
F25F,4.0,21.5,41.5,44.25,,,8,2.0,21.5,41.5,44.25,,,8.0,1.0,21.5,41.5,44.25,,,8.0,0.0,0.0
F25H,4.0,24.5,24.5,44.5,,,6,2.0,24.5,24.5,44.5,,,6.0,1.0,24.5,24.5,44.5,,,6.0,0.0,0.0
F25HQ34W,4.0,26.0,26.0,40.0,,,4,2.0,25.1,25.1,42.7,,,10.0,1.0,24.5,24.5,44.5,,,6.0,0.6000000000000014,0.8999999999999986
F25HQ34WEA,4.0,10.5,1.5,41.125,,,10,2.0,26.0,26.0,40.0,,,4.0,1.0,24.5,24.5,44.5,,,6.0,1.5,-15.5
F25HQ34WEB,4.0,10.5,10.5,41.125,,,10,2.0,26.0,26.0,40.0,,,4.0,1.0,24.5,24.5,44.5,,,6.0,1.5,-15.5
F25K,4.0,6.0,6.0,69.5,,,4,2.0,6.0,6.0,69.5,,,4.0,1.0,6.0,6.0,69.5,,,4.0,0.0,0.0
F25KQ33M,4.0,1.0,1.0,96.5,,,4,2.0,3.5,3.5,83.0,,,8.0,1.0,6.0,6.0,69.5,,,4.0,-2.5,-2.5
F25KQ33MEA,4.0,,0.5,91.5,,,2,2.0,1.0,1.0,96.5,,,4.0,1.0,6.0,6.0,69.5,,,4.0,-5.0,
F25L,4.0,31.0,55.5,28.2,,,8,2.0,31.0,55.5,28.2,,,8.0,1.0,31.0,55.5,28.2,,,8.0,0.0,0.0
F25LQ31N,4.0,48.0,48.0,21.0,,,4,2.0,36.666666666666664,53.0,26.142857142857142,,,12.0,1.0,31.0,55.5,28.2,,,8.0,5.666666666666664,11.333333333333336
F25LQ31NEA,4.0,52.0,54.0,11.875,,,5,2.0,48.0,48.0,21.0,,,4.0,1.0,31.0,55.5,28.2,,,8.0,17.0,4.0
F25LQ31NEB,4.0,52.0,54.0,11.875,,,10,2.0,48.0,48.0,21.0,,,4.0,1.0,31.0,55.5,28.2,,,8.0,17.0,4.0
F25LQ31NEC,4.0,62.5,62.5,8.75,,,8,2.0,48.0,48.0,21.0,,,4.0,1.0,31.0,55.5,28.2,,,8.0,17.0,14.5
F25N,4.0,51.5,35.0,32.285714285714285,,,14,2.0,51.5,35.0,32.285714285714285,,,14.0,1.0,51.5,35.0,32.285714285714285,,,14.0,0.0,0.0
F25Q,4.0,22.5,22.5,55.0,,,4,2.0,22.5,22.5,55.0,,,4.0,1.0,22.5,22.5,55.0,,,4.0,0.0,0.0
F25QQ36Y,4.0,23.0,23.0,36.5,,,2,2.0,22.666666666666668,22.666666666666668,48.833333333333336,,,6.0,1.0,22.5,22.5,55.0,,,4.0,0.16666666666666785,0.33333333333333215
F25QQ36YEA,4.0,34.0,34.0,37.666666666666664,,,4,2.0,23.0,23.0,36.5,,,2.0,1.0,22.5,22.5,55.0,,,4.0,0.5,11.0
F25QQ36YEB,4.0,34.0,32.5,35.625,,,6,2.0,23.0,23.0,36.5,,,2.0,1.0,22.5,22.5,55.0,,,4.0,0.5,11.0
F25R,4.0,15.5,19.5,48.5,,,6,2.0,15.5,19.5,48.5,,,6.0,1.0,15.5,19.5,48.5,,,6.0,0.0,0.0
F25RQ32W,4.0,12.0,8.5,35.75,,,3,2.0,14.333333333333334,15.833333333333334,44.25,,,9.0,1.0,15.5,19.5,48.5,,,6.0,-1.166666666666666,-2.333333333333334
F25T,4.0,13.0,37.0,36.833333333333336,,,12,2.0,13.0,37.0,36.833333333333336,,,12.0,1.0,13.0,37.0,36.833333333333336,,,12.0,0.0,0.0
F25U,4.0,37.5,69.0,36.2,,,10,2.0,37.5,69.0,36.2,,,10.0,1.0,37.5,69.0,36.2,,,10.0,0.0,0.0
F25W,4.0,49.0,49.0,31.5,,,4,2.0,49.0,49.0,31.5,,,4.0,1.0,49.0,49.0,31.5,,,4.0,0.0,0.0
F25WQ23D,4.0,28.5,46.5,30.6,,,14,2.0,33.05555555555556,47.05555555555556,30.75,,,18.0,1.0,49.0,49.0,31.5,,,4.0,-15.944444444444443,-4.555555555555557
F263,4.0,43.5,43.5,32.0,,,4,2.0,43.5,43.5,32.0,,,4.0,1.0,43.5,43.5,32.0,,,4.0,0.0,0.0
F263Q32S,4.0,1.0,1.0,94.5,,,4,2.0,22.25,22.25,63.25,,,8.0,1.0,43.5,43.5,32.0,,,4.0,-21.25,-21.25
F264,4.0,5.0,11.0,66.3,,,10,2.0,5.0,11.0,66.3,,,10.0,1.0,5.0,11.0,66.3,,,10.0,0.0,0.0
F265,4.0,23.0,58.0,37.6,,,10,2.0,23.0,58.0,37.6,,,10.0,1.0,23.0,58.0,37.6,,,10.0,0.0,0.0
F267,4.0,49.0,49.0,24.0,,,4,2.0,49.0,49.0,24.0,,,4.0,1.0,49.0,49.0,24.0,,,4.0,0.0,0.0
F267Q36S,4.0,13.5,13.5,63.5,,,2,2.0,37.166666666666664,37.166666666666664,37.166666666666664,,,6.0,1.0,49.0,49.0,24.0,,,4.0,-11.833333333333336,-23.666666666666664
F267Q36SEA,4.0,16.5,16.5,49.333333333333336,,,8,2.0,13.5,13.5,63.5,,,2.0,1.0,49.0,49.0,24.0,,,4.0,-35.5,3.0
F267Q36SEB,4.0,16.5,16.5,49.333333333333336,,,4,2.0,13.5,13.5,63.5,,,2.0,1.0,49.0,49.0,24.0,,,4.0,-35.5,3.0
F26A,4.0,19.5,46.0,38.0,,,10,2.0,19.5,46.0,38.0,,,10.0,1.0,19.5,46.0,38.0,,,10.0,0.0,0.0
F26E,4.0,42.0,24.0,22.27777777777778,,,16,2.0,42.0,24.0,22.27777777777778,,,16.0,1.0,42.0,24.0,22.27777777777778,,,16.0,0.0,0.0
F26F,4.0,30.5,30.5,45.0,,,4,2.0,30.5,30.5,45.0,,,4.0,1.0,30.5,30.5,45.0,,,4.0,0.0,0.0
F26FQ36F,4.0,11.5,9.5,24.5,,,6,2.0,19.1,17.9,31.333333333333332,,,10.0,1.0,30.5,30.5,45.0,,,4.0,-11.399999999999999,-7.600000000000001
F26R,4.0,30.5,30.5,42.0,,,4,2.0,30.5,30.5,42.0,,,4.0,1.0,30.5,30.5,42.0,,,4.0,0.0,0.0
F26RB3MB,4.0,79.0,79.0,13.0,,,2,2.0,46.666666666666664,46.666666666666664,32.333333333333336,,,6.0,1.0,30.5,30.5,42.0,,,4.0,16.166666666666664,32.333333333333336
F26RB3MBEA,4.0,,74.0,12.5,,,4,2.0,79.0,79.0,13.0,,,2.0,1.0,30.5,30.5,42.0,,,4.0,48.5,
F26RB3MBEB,4.0,,69.0,16.0,,,2,2.0,79.0,79.0,13.0,,,2.0,1.0,30.5,30.5,42.0,,,4.0,48.5,
F26RB3MBEC,4.0,,78.5,12.0,,,2,2.0,79.0,79.0,13.0,,,2.0,1.0,30.5,30.5,42.0,,,4.0,48.5,
F26S,4.0,45.0,40.0,14.0,,,9,2.0,45.0,40.0,14.0,,,9.0,1.0,45.0,40.0,14.0,,,9.0,0.0,0.0
F26SQ37E,4.0,49.0,49.0,12.5,,,4,2.0,46.23076923076923,42.76923076923077,13.625,,,13.0,1.0,45.0,40.0,14.0,,,9.0,1.2307692307692335,2.7692307692307665
F26SQ37EEA,4.0,45.0,45.0,11.833333333333334,,,8,2.0,49.0,49.0,12.5,,,4.0,1.0,45.0,40.0,14.0,,,9.0,4.0,-4.0
F26SQ37EEB,4.0,45.0,45.0,11.833333333333334,,,8,2.0,49.0,49.0,12.5,,,4.0,1.0,45.0,40.0,14.0,,,9.0,4.0,-4.0
F26W,4.0,48.0,48.0,31.5,,,8,2.0,48.0,48.0,31.5,,,8.0,1.0,48.0,48.0,31.5,,,8.0,0.0,0.0
F26WQ35M,4.0,28.0,28.0,52.0,,,4,2.0,41.333333333333336,41.333333333333336,38.333333333333336,,,12.0,1.0,48.0,48.0,31.5,,,8.0,-6.666666666666664,-13.333333333333336
F26WQ35MEA,4.0,17.5,23.0,37.75,,,10,2.0,28.0,28.0,52.0,,,4.0,1.0,48.0,48.0,31.5,,,8.0,-20.0,-10.5
F26WQ35MEB,4.0,17.5,23.0,37.75,,,10,2.0,28.0,28.0,52.0,,,4.0,1.0,48.0,48.0,31.5,,,8.0,-20.0,-10.5
F26Y,4.0,37.5,53.0,19.0,,,6,2.0,37.5,53.0,19.0,,,6.0,1.0,37.5,53.0,19.0,,,6.0,0.0,0.0
F26YQ37G,4.0,28.5,28.5,28.5,,,4,2.0,33.9,43.2,22.166666666666668,,,10.0,1.0,37.5,53.0,19.0,,,6.0,-3.6000000000000014,-5.399999999999999
F26YQ37GEA,4.0,42.5,42.5,17.833333333333332,,,6,2.0,28.5,28.5,28.5,,,4.0,1.0,37.5,53.0,19.0,,,6.0,-9.0,14.0
F26YQ37GEB,4.0,40.5,40.5,18.166666666666668,,,4,2.0,28.5,28.5,28.5,,,4.0,1.0,37.5,53.0,19.0,,,6.0,-9.0,12.0
F26YQ37GEC,4.0,40.5,40.5,18.166666666666668,,,4,2.0,28.5,28.5,28.5,,,4.0,1.0,37.5,53.0,19.0,,,6.0,-9.0,12.0
F271,4.0,22.5,22.5,50.0,,,4,2.0,22.5,22.5,50.0,,,4.0,1.0,22.5,22.5,50.0,,,4.0,0.0,0.0
F271Q33E,4.0,5.5,5.5,78.5,,,2,2.0,16.833333333333332,16.833333333333332,59.5,,,6.0,1.0,22.5,22.5,50.0,,,4.0,-5.666666666666668,-11.333333333333332
F273,4.0,38.0,72.5,26.61111111111111,,,16,2.0,38.0,72.5,26.61111111111111,,,16.0,1.0,38.0,72.5,26.61111111111111,,,16.0,0.0,0.0
F275,4.0,14.5,63.5,41.75,,,8,2.0,14.5,63.5,41.75,,,8.0,1.0,14.5,63.5,41.75,,,8.0,0.0,0.0
F278,4.0,53.5,53.5,32.0,,,4,2.0,53.5,53.5,32.0,,,4.0,1.0,53.5,53.5,32.0,,,4.0,0.0,0.0
F278B3MA,4.0,55.5,52.0,16.214285714285715,,,10,2.0,53.5,53.5,32.0,,,4.0,1.0,53.5,53.5,32.0,,,4.0,0.0,2.0
F27B,4.0,4.5,4.5,71.5,,,4,2.0,4.5,4.5,71.5,,,4.0,1.0,4.5,4.5,71.5,,,4.0,0.0,0.0
F27BQ36C,4.0,6.0,10.0,40.5,,,3,2.0,5.142857142857143,6.857142857142857,56.0,,,7.0,1.0,4.5,4.5,71.5,,,4.0,0.6428571428571432,0.8571428571428568
F27E,4.0,9.5,62.5,44.8,,,10,2.0,9.5,62.5,44.8,,,10.0,1.0,9.5,62.5,44.8,,,10.0,0.0,0.0
F27F,4.0,11.5,48.0,40.75,,,8,2.0,11.5,48.0,40.75,,,8.0,1.0,11.5,48.0,40.75,,,8.0,0.0,0.0
F27K,4.0,26.0,65.0,35.6,,,10,2.0,26.0,65.0,35.6,,,10.0,1.0,26.0,65.0,35.6,,,10.0,0.0,0.0
F27Q,4.0,54.0,54.0,18.5,,,8,2.0,54.0,54.0,18.5,,,8.0,1.0,54.0,54.0,18.5,,,8.0,0.0,0.0
F27QQ27T,4.0,53.5,57.5,12.25,,,6,2.0,53.785714285714285,55.5,15.375,,,14.0,1.0,54.0,54.0,18.5,,,8.0,-0.2142857142857153,-0.2857142857142847
F27QQ27TEA,4.0,,16.5,17.166666666666668,,,11,2.0,53.5,57.5,12.25,,,6.0,1.0,54.0,54.0,18.5,,,8.0,-0.5,
F27S,4.0,18.5,18.5,60.0,,,4,2.0,18.5,18.5,60.0,,,4.0,1.0,18.5,18.5,60.0,,,4.0,0.0,0.0
F27SQ33N,4.0,2.5,2.5,86.5,,,4,2.0,10.5,10.5,73.25,,,8.0,1.0,18.5,18.5,60.0,,,4.0,-8.0,-8.0
F27SQ33NEA,4.0,2.0,2.0,90.5,,,4,2.0,2.5,2.5,86.5,,,4.0,1.0,18.5,18.5,60.0,,,4.0,-16.0,-0.5
F27T,4.0,19.0,19.0,48.5,,,8,2.0,19.0,19.0,48.5,,,8.0,1.0,19.0,19.0,48.5,,,8.0,0.0,0.0
F27TQ36E,4.0,42.0,40.5,14.5,,,6,2.0,28.857142857142858,28.214285714285715,31.5,,,14.0,1.0,19.0,19.0,48.5,,,8.0,9.857142857142858,13.142857142857142
F27Y,4.0,59.0,49.5,18.0,,,6,2.0,59.0,49.5,18.0,,,6.0,1.0,59.0,49.5,18.0,,,6.0,0.0,0.0
F27YQ37H,4.0,4.5,4.5,47.0,,,2,2.0,45.375,38.25,23.8,,,8.0,1.0,59.0,49.5,18.0,,,6.0,-13.625,-40.875
F27YQ37HEA,4.0,48.5,19.5,14.375,,,21,2.0,4.5,4.5,47.0,,,2.0,1.0,59.0,49.5,18.0,,,6.0,-54.5,44.0
F27YQ37HEB,4.0,15.5,51.0,21.4,,,7,2.0,4.5,4.5,47.0,,,2.0,1.0,59.0,49.5,18.0,,,6.0,-54.5,11.0
F27YQ37HEC,4.0,15.5,15.5,23.833333333333332,,,4,2.0,4.5,4.5,47.0,,,2.0,1.0,59.0,49.5,18.0,,,6.0,-54.5,11.0
F281,4.0,7.5,7.5,50.0,,,6,2.0,7.5,7.5,50.0,,,6.0,1.0,7.5,7.5,50.0,,,6.0,0.0,0.0
F281Q35T,4.0,31.5,36.0,28.5,,,6,2.0,19.5,21.75,37.714285714285715,,,12.0,1.0,7.5,7.5,50.0,,,6.0,12.0,12.0
F282,4.0,33.0,33.0,51.0,,,4,2.0,33.0,33.0,51.0,,,4.0,1.0,33.0,33.0,51.0,,,4.0,0.0,0.0
F282Q23J,4.0,26.5,27.0,31.75,,,8,2.0,28.666666666666668,29.0,36.5625,,,12.0,1.0,33.0,33.0,51.0,,,4.0,-4.333333333333332,-2.166666666666668
F282Q23JEA,4.0,4.5,4.5,76.5,,,2,2.0,26.5,27.0,31.75,,,8.0,1.0,33.0,33.0,51.0,,,4.0,-6.5,-22.0
F286,4.0,33.0,33.0,36.0,,,4,2.0,33.0,33.0,36.0,,,4.0,1.0,33.0,33.0,36.0,,,4.0,0.0,0.0
F286Q23L,4.0,36.0,34.5,24.75,,,3,2.0,34.285714285714285,33.642857142857146,30.375,,,7.0,1.0,33.0,33.0,36.0,,,4.0,1.2857142857142847,1.7142857142857153
F286Q23R,4.0,28.0,23.5,34.75,,,6,2.0,30.0,27.3,35.166666666666664,,,10.0,1.0,33.0,33.0,36.0,,,4.0,-3.0,-2.0
F287,4.0,56.5,55.0,30.7,,,10,2.0,56.5,55.0,30.7,,,10.0,1.0,56.5,55.0,30.7,,,10.0,0.0,0.0
F28D,4.0,13.0,13.0,68.0,,,4,2.0,13.0,13.0,68.0,,,4.0,1.0,13.0,13.0,68.0,,,4.0,0.0,0.0
F28DQ33D,4.0,0.0,0.0,92.5,,,2,2.0,8.666666666666666,8.666666666666666,76.16666666666667,,,6.0,1.0,13.0,13.0,68.0,,,4.0,-4.333333333333334,-8.666666666666666
F28E,4.0,58.0,58.0,28.5,,,6,2.0,58.0,58.0,28.5,,,6.0,1.0,58.0,58.0,28.5,,,6.0,0.0,0.0
F28EQ35B,4.0,38.5,38.5,42.5,,,4,2.0,50.2,50.2,34.1,,,10.0,1.0,58.0,58.0,28.5,,,6.0,-7.799999999999997,-11.700000000000003
F28EQ35BEA,4.0,22.0,29.5,36.25,,,10,2.0,38.5,38.5,42.5,,,4.0,1.0,58.0,58.0,28.5,,,6.0,-19.5,-16.5
F28EQ35BEB,4.0,30.0,30.0,39.0,,,10,2.0,38.5,38.5,42.5,,,4.0,1.0,58.0,58.0,28.5,,,6.0,-19.5,-8.5
F28EQ35BEC,4.0,22.0,29.5,36.25,,,10,2.0,38.5,38.5,42.5,,,4.0,1.0,58.0,58.0,28.5,,,6.0,-19.5,-16.5
F28F,4.0,37.5,46.0,17.4,,,22,2.0,37.5,46.0,17.4,,,22.0,1.0,37.5,46.0,17.4,,,22.0,0.0,0.0
F28FQ43H,4.0,41.5,41.5,22.0,,,2,2.0,37.833333333333336,45.625,17.6875,,,24.0,1.0,37.5,46.0,17.4,,,22.0,0.3333333333333357,3.6666666666666643
F28FQ43HEA,4.0,74.5,37.5,5.75,,,13,2.0,41.5,41.5,22.0,,,2.0,1.0,37.5,46.0,17.4,,,22.0,4.0,33.0
F28FQ43HEB,4.0,,64.0,10.0,,,3,2.0,41.5,41.5,22.0,,,2.0,1.0,37.5,46.0,17.4,,,22.0,4.0,
F28L,4.0,47.5,45.5,33.666666666666664,,,12,2.0,47.5,45.5,33.666666666666664,,,12.0,1.0,47.5,45.5,33.666666666666664,,,12.0,0.0,0.0
F28M,4.0,37.5,37.5,37.0,,,8,2.0,37.5,37.5,37.0,,,8.0,1.0,37.5,37.5,37.0,,,8.0,0.0,0.0
F28MQ23G,4.0,8.25,33.0,37.0,,,6,2.0,24.964285714285715,35.57142857142857,37.0,,,14.0,1.0,37.5,37.5,37.0,,,8.0,-12.535714285714285,-16.714285714285715
F28MQ23GEA,4.0,22.5,22.5,39.0,,,2,2.0,8.25,33.0,37.0,,,6.0,1.0,37.5,37.5,37.0,,,8.0,-29.25,14.25
F28MQ23GEB,4.0,18.5,18.5,34.7,,,8,2.0,8.25,33.0,37.0,,,6.0,1.0,37.5,37.5,37.0,,,8.0,-29.25,10.25
F28MQ23GEC,4.0,7.5,22.0,33.625,,,10,2.0,8.25,33.0,37.0,,,6.0,1.0,37.5,37.5,37.0,,,8.0,-29.25,-0.75
F28S,4.0,33.0,33.0,41.5,,,6,2.0,33.0,33.0,41.5,,,6.0,1.0,33.0,33.0,41.5,,,6.0,0.0,0.0
F28SQ34G,4.0,6.5,6.5,71.5,,,2,2.0,26.375,26.375,49.0,,,8.0,1.0,33.0,33.0,41.5,,,6.0,-6.625,-19.875
F28SQ34GEC,4.0,,8.0,73.0,,,2,2.0,6.5,6.5,71.5,,,2.0,1.0,33.0,33.0,41.5,,,6.0,-26.5,
F28SQ34GED,4.0,,8.0,73.0,,,2,2.0,6.5,6.5,71.5,,,2.0,1.0,33.0,33.0,41.5,,,6.0,-26.5,
F28U,4.0,56.0,56.0,19.5,,,6,2.0,56.0,56.0,19.5,,,6.0,1.0,56.0,56.0,19.5,,,6.0,0.0,0.0
F28UQ34T,4.0,62.5,62.5,20.0,,,2,2.0,57.625,57.625,19.625,,,8.0,1.0,56.0,56.0,19.5,,,6.0,1.625,4.875
F28V,4.0,74.5,74.5,19.5,,,6,2.0,74.5,74.5,19.5,,,6.0,1.0,74.5,74.5,19.5,,,6.0,0.0,0.0
F28VQ31A,4.0,33.5,33.5,35.0,,,2,2.0,64.25,64.25,23.375,,,8.0,1.0,74.5,74.5,19.5,,,6.0,-10.25,-30.75
F28VQ31AEA,4.0,3.0,23.0,52.625,,,5,2.0,33.5,33.5,35.0,,,2.0,1.0,74.5,74.5,19.5,,,6.0,-41.0,-30.5
F28VQ31AEB,4.0,3.0,23.0,52.625,,,10,2.0,33.5,33.5,35.0,,,2.0,1.0,74.5,74.5,19.5,,,6.0,-41.0,-30.5
F28VQ31AEC,4.0,26.5,26.5,53.333333333333336,,,10,2.0,33.5,33.5,35.0,,,2.0,1.0,74.5,74.5,19.5,,,6.0,-41.0,-7.0
F28W,4.0,17.0,17.0,49.5,,,8,2.0,17.0,17.0,49.5,,,8.0,1.0,17.0,17.0,49.5,,,8.0,0.0,0.0
F28WQ32B,4.0,4.5,4.5,76.0,,,4,2.0,12.833333333333334,12.833333333333334,58.333333333333336,,,12.0,1.0,17.0,17.0,49.5,,,8.0,-4.166666666666666,-8.333333333333334
F28X,4.0,43.0,43.0,24.0,,,6,2.0,43.0,43.0,24.0,,,6.0,1.0,43.0,43.0,24.0,,,6.0,0.0,0.0
F28XQ36V,4.0,25.5,25.5,30.5,,,2,2.0,38.625,38.625,25.625,,,8.0,1.0,43.0,43.0,24.0,,,6.0,-4.375,-13.125
F28XQ36VEA,4.0,34.0,34.0,20.333333333333332,,,4,2.0,25.5,25.5,30.5,,,2.0,1.0,43.0,43.0,24.0,,,6.0,-17.5,8.5
F28XQ36VEB,4.0,34.0,43.5,18.214285714285715,,,9,2.0,25.5,25.5,30.5,,,2.0,1.0,43.0,43.0,24.0,,,6.0,-17.5,8.5
F28Y,4.0,19.0,19.0,60.0,,,6,2.0,19.0,19.0,60.0,,,6.0,1.0,19.0,19.0,60.0,,,6.0,0.0,0.0
F28YQ36A,4.0,19.0,19.0,58.5,,,4,2.0,19.0,19.0,59.4,,,10.0,1.0,19.0,19.0,60.0,,,6.0,0.0,0.0
F28Z,4.0,54.5,54.5,27.5,,,4,2.0,54.5,54.5,27.5,,,4.0,1.0,54.5,54.5,27.5,,,4.0,0.0,0.0
F28ZQ32T,4.0,2.0,2.0,84.5,,,4,2.0,28.25,28.25,56.0,,,8.0,1.0,54.5,54.5,27.5,,,4.0,-26.25,-26.25
F294,4.0,18.0,69.5,37.333333333333336,,,6,2.0,18.0,69.5,37.333333333333336,,,6.0,1.0,18.0,69.5,37.333333333333336,,,6.0,0.0,0.0
F297,4.0,69.0,69.0,20.0,,,8,2.0,69.0,69.0,20.0,,,8.0,1.0,69.0,69.0,20.0,,,8.0,0.0,0.0
F297Q31B,4.0,78.5,78.5,7.5,,,2,2.0,70.9,70.9,17.5,,,10.0,1.0,69.0,69.0,20.0,,,8.0,1.9000000000000057,7.599999999999994
F297Q31BED,4.0,,75.0,9.0,,,2,2.0,78.5,78.5,7.5,,,2.0,1.0,69.0,69.0,20.0,,,8.0,9.5,
F297Q31BEE,4.0,85.5,85.5,6.666666666666667,,,6,2.0,78.5,78.5,7.5,,,2.0,1.0,69.0,69.0,20.0,,,8.0,9.5,7.0
F297Q31BEF,4.0,,75.0,9.0,,,2,2.0,78.5,78.5,7.5,,,2.0,1.0,69.0,69.0,20.0,,,8.0,9.5,
F298,4.0,46.5,67.0,21.142857142857142,,,11,2.0,46.5,67.0,21.142857142857142,,,11.0,1.0,46.5,67.0,21.142857142857142,,,11.0,0.0,0.0
F298Q31E,4.0,69.0,69.0,10.5,,,2,2.0,49.96153846153846,67.3076923076923,19.8125,,,13.0,1.0,46.5,67.0,21.142857142857142,,,11.0,3.46153846153846,19.03846153846154
F298Q31EEA,4.0,44.5,44.5,10.5,,,5,2.0,69.0,69.0,10.5,,,2.0,1.0,46.5,67.0,21.142857142857142,,,11.0,22.5,-24.5
F298Q31EEB,4.0,44.5,24.0,15.6,,,7,2.0,69.0,69.0,10.5,,,2.0,1.0,46.5,67.0,21.142857142857142,,,11.0,22.5,-24.5
F29A,4.0,26.0,26.0,47.0,,,6,2.0,26.0,26.0,47.0,,,6.0,1.0,26.0,26.0,47.0,,,6.0,0.0,0.0
F29AQ36L,4.0,27.0,27.0,25.5,,,2,2.0,26.25,26.25,41.625,,,8.0,1.0,26.0,26.0,47.0,,,6.0,0.25,0.75
F29AQ36LEA,4.0,11.0,11.0,29.5,,,4,2.0,27.0,27.0,25.5,,,2.0,1.0,26.0,26.0,47.0,,,6.0,1.0,-16.0
F29AQ36LEB,4.0,11.0,11.0,29.5,,,8,2.0,27.0,27.0,25.5,,,2.0,1.0,26.0,26.0,47.0,,,6.0,1.0,-16.0
F29B,4.0,42.0,60.5,20.25,,,9,2.0,42.0,60.5,20.25,,,9.0,1.0,42.0,60.5,20.25,,,9.0,0.0,0.0
F29BQ34X,4.0,53.0,53.0,22.5,,,4,2.0,45.38461538461539,58.19230769230769,20.8125,,,13.0,1.0,42.0,60.5,20.25,,,9.0,3.384615384615387,7.615384615384613
F29BQ34XEA,4.0,48.0,48.0,21.333333333333332,,,4,2.0,53.0,53.0,22.5,,,4.0,1.0,42.0,60.5,20.25,,,9.0,11.0,-5.0
F29BQ34XEB,4.0,48.0,48.0,21.333333333333332,,,8,2.0,53.0,53.0,22.5,,,4.0,1.0,42.0,60.5,20.25,,,9.0,11.0,-5.0
F29F,4.0,36.0,71.5,21.636363636363637,,,18,2.0,36.0,71.5,21.636363636363637,,,18.0,1.0,36.0,71.5,21.636363636363637,,,18.0,0.0,0.0
F29G,4.0,1.0,3.5,80.3,,,8,2.0,1.0,3.5,80.3,,,8.0,1.0,1.0,3.5,80.3,,,8.0,0.0,0.0
F29GQ31Z,4.0,0.5,0.5,89.0,,,4,2.0,0.8333333333333334,2.5,82.78571428571429,,,12.0,1.0,1.0,3.5,80.3,,,8.0,-0.16666666666666663,-0.33333333333333337
F29GQ31ZEA,4.0,,0.5,87.0,,,2,2.0,0.5,0.5,89.0,,,4.0,1.0,1.0,3.5,80.3,,,8.0,-0.5,
F29GQ31ZEB,4.0,,0.5,87.0,,,2,2.0,0.5,0.5,89.0,,,4.0,1.0,1.0,3.5,80.3,,,8.0,-0.5,
F29H,4.0,47.5,75.5,21.625,,,8,2.0,47.5,75.5,21.625,,,8.0,1.0,47.5,75.5,21.625,,,8.0,0.0,0.0
F29M,4.0,45.5,45.5,25.5,,,6,2.0,45.5,45.5,25.5,,,6.0,1.0,45.5,45.5,25.5,,,6.0,0.0,0.0
F29MQ36G,4.0,60.0,60.0,19.5,,,4,2.0,51.3,51.3,23.1,,,10.0,1.0,45.5,45.5,25.5,,,6.0,5.799999999999997,8.700000000000003
F29MQ36GEA,4.0,,26.5,37.0,,,6,2.0,60.0,60.0,19.5,,,4.0,1.0,45.5,45.5,25.5,,,6.0,14.5,
F29R,4.0,39.0,39.0,38.5,,,6,2.0,39.0,39.0,38.5,,,6.0,1.0,39.0,39.0,38.5,,,6.0,0.0,0.0
F29RQ36C,4.0,59.5,59.5,26.5,,,2,2.0,44.125,44.125,35.5,,,8.0,1.0,39.0,39.0,38.5,,,6.0,5.125,15.375
F29RQ36CEA,4.0,65.0,65.0,19.833333333333332,,,4,2.0,59.5,59.5,26.5,,,2.0,1.0,39.0,39.0,38.5,,,6.0,20.5,5.5
F29RQ36CEB,4.0,62.0,62.0,23.25,,,7,2.0,59.5,59.5,26.5,,,2.0,1.0,39.0,39.0,38.5,,,6.0,20.5,2.5
F29RQ36CEC,4.0,65.0,53.5,19.833333333333332,,,8,2.0,59.5,59.5,26.5,,,2.0,1.0,39.0,39.0,38.5,,,6.0,20.5,5.5
F29S,4.0,57.0,66.5,23.772727272727273,,,18,2.0,57.0,66.5,23.772727272727273,,,18.0,1.0,57.0,66.5,23.772727272727273,,,18.0,0.0,0.0
F29T,4.0,41.5,49.0,34.5,,,10,2.0,41.5,49.0,34.5,,,10.0,1.0,41.5,49.0,34.5,,,10.0,0.0,0.0
F29U,4.0,45.0,45.0,38.0,,,6,2.0,45.0,45.0,38.0,,,6.0,1.0,45.0,45.0,38.0,,,6.0,0.0,0.0
F29UQ33C,4.0,13.5,13.5,63.0,,,2,2.0,37.125,37.125,44.25,,,8.0,1.0,45.0,45.0,38.0,,,6.0,-7.875,-23.625
F29UQ33CEC,4.0,,4.5,77.5,,,2,2.0,13.5,13.5,63.0,,,2.0,1.0,45.0,45.0,38.0,,,6.0,-31.5,
F29UQ33CED,4.0,,4.5,77.5,,,2,2.0,13.5,13.5,63.0,,,2.0,1.0,45.0,45.0,38.0,,,6.0,-31.5,
F29W,4.0,16.5,16.5,56.0,,,8,2.0,16.5,16.5,56.0,,,8.0,1.0,16.5,16.5,56.0,,,8.0,0.0,0.0
F29WQ31J,4.0,2.0,2.0,69.5,,,2,2.0,13.6,13.6,58.7,,,10.0,1.0,16.5,16.5,56.0,,,8.0,-2.9000000000000004,-11.6
F29X,4.0,43.0,43.0,32.0,,,6,2.0,43.0,43.0,32.0,,,6.0,1.0,43.0,43.0,32.0,,,6.0,0.0,0.0
F29XQ33L,4.0,5.0,5.0,75.5,,,2,2.0,33.5,33.5,42.875,,,8.0,1.0,43.0,43.0,32.0,,,6.0,-9.5,-28.5
F2A3,4.0,9.5,9.5,53.0,,,8,2.0,9.5,9.5,53.0,,,8.0,1.0,9.5,9.5,53.0,,,8.0,0.0,0.0
F2A3Q31W,4.0,26.5,26.5,41.5,,,4,2.0,15.166666666666666,15.166666666666666,49.166666666666664,,,12.0,1.0,9.5,9.5,53.0,,,8.0,5.666666666666666,11.333333333333334
F2A3Q31WEA,4.0,10.5,14.0,37.375,,,5,2.0,26.5,26.5,41.5,,,4.0,1.0,9.5,9.5,53.0,,,8.0,17.0,-16.0
F2A3Q31WEB,4.0,28.0,28.0,41.875,,,7,2.0,26.5,26.5,41.5,,,4.0,1.0,9.5,9.5,53.0,,,8.0,17.0,1.5
F2A3Q31WEC,4.0,10.5,14.0,37.375,,,5,2.0,26.5,26.5,41.5,,,4.0,1.0,9.5,9.5,53.0,,,8.0,17.0,-16.0
F2A4,4.0,53.5,53.5,21.5,,,8,2.0,53.5,53.5,21.5,,,8.0,1.0,53.5,53.5,21.5,,,8.0,0.0,0.0
F2A4Q35L,4.0,34.5,34.5,37.0,,,4,2.0,47.166666666666664,47.166666666666664,26.666666666666668,,,12.0,1.0,53.5,53.5,21.5,,,8.0,-6.333333333333336,-12.666666666666664
F2A4Q35LEA,4.0,35.5,35.5,28.125,,,10,2.0,34.5,34.5,37.0,,,4.0,1.0,53.5,53.5,21.5,,,8.0,-19.0,1.0
F2A4Q35LEB,4.0,49.0,49.0,29.0,,,10,2.0,34.5,34.5,37.0,,,4.0,1.0,53.5,53.5,21.5,,,8.0,-19.0,14.5
F2A4Q35LEC,4.0,35.5,35.5,28.125,,,10,2.0,34.5,34.5,37.0,,,4.0,1.0,53.5,53.5,21.5,,,8.0,-19.0,1.0
F2A9,4.0,26.5,35.5,38.666666666666664,,,6,2.0,26.5,35.5,38.666666666666664,,,6.0,1.0,26.5,35.5,38.666666666666664,,,6.0,0.0,0.0
F2B3,4.0,57.5,57.5,22.0,,,4,2.0,57.5,57.5,22.0,,,4.0,1.0,57.5,57.5,22.0,,,4.0,0.0,0.0
F2B3Q32H,4.0,59.5,59.5,17.0,,,2,2.0,58.166666666666664,58.166666666666664,20.333333333333332,,,6.0,1.0,57.5,57.5,22.0,,,4.0,0.6666666666666643,1.3333333333333357
F2B3Q32HEA,4.0,17.0,28.0,44.25,,,5,2.0,59.5,59.5,17.0,,,2.0,1.0,57.5,57.5,22.0,,,4.0,2.0,-42.5
F2B3Q32HEB,4.0,17.0,28.0,44.25,,,5,2.0,59.5,59.5,17.0,,,2.0,1.0,57.5,57.5,22.0,,,4.0,2.0,-42.5
F2C2,4.0,51.5,47.5,24.166666666666668,,,5,2.0,51.5,47.5,24.166666666666668,,,5.0,1.0,51.5,47.5,24.166666666666668,,,5.0,0.0,0.0
F2C2Q23B,4.0,31.5,31.5,26.25,,,12,2.0,37.38235294117647,36.205882352941174,25.681818181818183,,,17.0,1.0,51.5,47.5,24.166666666666668,,,5.0,-14.117647058823529,-5.882352941176471
F2C6,4.0,17.5,17.5,46.5,,,6,2.0,17.5,17.5,46.5,,,6.0,1.0,17.5,17.5,46.5,,,6.0,0.0,0.0
F2C6Q37A,4.0,23.5,23.5,12.0,,,2,2.0,19.0,19.0,37.875,,,8.0,1.0,17.5,17.5,46.5,,,6.0,1.5,4.5
F2C6Q37AEA,4.0,5.0,5.0,28.5,,,4,2.0,23.5,23.5,12.0,,,2.0,1.0,17.5,17.5,46.5,,,6.0,6.0,-18.5
F2C6Q37AEB,4.0,5.0,5.0,28.5,,,4,2.0,23.5,23.5,12.0,,,2.0,1.0,17.5,17.5,46.5,,,6.0,6.0,-18.5
F2C6Q37AEC,4.0,31.0,30.5,23.166666666666668,,,6,2.0,23.5,23.5,12.0,,,2.0,1.0,17.5,17.5,46.5,,,6.0,6.0,7.5
F2C7,4.0,30.0,59.5,32.25,,,6,2.0,30.0,59.5,32.25,,,6.0,1.0,30.0,59.5,32.25,,,6.0,0.0,0.0
F2C7Q32Y,4.0,6.5,6.5,79.0,,,4,2.0,20.6,38.3,47.833333333333336,,,10.0,1.0,30.0,59.5,32.25,,,6.0,-9.399999999999999,-14.100000000000001
F2C7Q32YEA,4.0,,6.5,79.5,,,2,2.0,6.5,6.5,79.0,,,4.0,1.0,30.0,59.5,32.25,,,6.0,-23.5,
F2C9Q35H,4.0,30.0,30.0,25.5,,,4,2.0,30.0,30.0,25.5,,,4.0,,,,,,,,,0.0
F2C9Q35HEA,4.0,50.0,44.5,22.0,,,5,2.0,30.0,30.0,25.5,,,4.0,,,,,,,,,20.0
F2C9Q35HEB,4.0,50.0,36.5,24.3,,,7,2.0,30.0,30.0,25.5,,,4.0,,,,,,,,,20.0
F2D2,4.0,47.0,61.0,20.75,,,6,2.0,47.0,61.0,20.75,,,6.0,1.0,47.0,61.0,20.75,,,6.0,0.0,0.0
F2D2Q32P,4.0,3.5,3.5,85.0,,,4,2.0,29.6,38.0,42.166666666666664,,,10.0,1.0,47.0,61.0,20.75,,,6.0,-17.4,-26.1
F2D3,4.0,46.0,46.0,33.0,,,6,2.0,46.0,46.0,33.0,,,6.0,1.0,46.0,46.0,33.0,,,6.0,0.0,0.0
F2D3Q34M,4.0,26.5,26.5,39.5,,,4,2.0,38.2,38.2,35.6,,,10.0,1.0,46.0,46.0,33.0,,,6.0,-7.799999999999997,-11.700000000000003
F2D3Q34MEA,4.0,44.0,24.5,23.625,,,10,2.0,26.5,26.5,39.5,,,4.0,1.0,46.0,46.0,33.0,,,6.0,-19.5,17.5
F2D3Q34MEB,4.0,44.0,24.5,23.625,,,10,2.0,26.5,26.5,39.5,,,4.0,1.0,46.0,46.0,33.0,,,6.0,-19.5,17.5
F2D4,4.0,12.0,12.0,52.0,,,6,2.0,12.0,12.0,52.0,,,6.0,1.0,12.0,12.0,52.0,,,6.0,0.0,0.0
F2D4Q37A,4.0,36.0,36.0,35.5,,,4,2.0,21.6,21.6,45.4,,,10.0,1.0,12.0,12.0,52.0,,,6.0,9.600000000000001,14.399999999999999
F2D4Q37AEE,4.0,40.5,40.5,30.333333333333332,,,8,2.0,36.0,36.0,35.5,,,4.0,1.0,12.0,12.0,52.0,,,6.0,24.0,4.5
F2D4Q37AEF,4.0,40.5,40.5,30.333333333333332,,,8,2.0,36.0,36.0,35.5,,,4.0,1.0,12.0,12.0,52.0,,,6.0,24.0,4.5
F2E4Q31K,4.0,13.5,4.5,42.75,,,6,2.0,13.5,4.5,42.75,,,6.0,,,,,,,,,0.0
F2E4Q31KEB,4.0,,3.0,78.5,,,4,2.0,13.5,4.5,42.75,,,6.0,,,,,,,,,
F2E7,4.0,42.0,42.0,40.0,,,6,2.0,42.0,42.0,40.0,,,6.0,1.0,42.0,42.0,40.0,,,6.0,0.0,0.0
F2E7Q34C,4.0,7.5,7.5,79.0,,,4,2.0,28.2,28.2,55.6,,,10.0,1.0,42.0,42.0,40.0,,,6.0,-13.8,-20.7
F2E7Q34CEA,4.0,,3.0,86.0,,,2,2.0,7.5,7.5,79.0,,,4.0,1.0,42.0,42.0,40.0,,,6.0,-34.5,
F2E7Q34CEB,4.0,,3.0,86.0,,,2,2.0,7.5,7.5,79.0,,,4.0,1.0,42.0,42.0,40.0,,,6.0,-34.5,
F2E8,4.0,43.5,52.0,32.25,,,8,2.0,43.5,52.0,32.25,,,8.0,1.0,43.5,52.0,32.25,,,8.0,0.0,0.0
F2E9,4.0,43.5,43.5,36.5,,,4,2.0,43.5,43.5,36.5,,,4.0,1.0,43.5,43.5,36.5,,,4.0,0.0,0.0
F2E9Q33R,4.0,1.5,1.5,88.5,,,2,2.0,29.5,29.5,53.833333333333336,,,6.0,1.0,43.5,43.5,36.5,,,4.0,-14.0,-28.0
F2F2,4.0,41.5,63.5,25.75,,,9,2.0,41.5,63.5,25.75,,,9.0,1.0,41.5,63.5,25.75,,,9.0,0.0,0.0
F2F2Q33B,4.0,5.0,5.0,82.0,,,2,2.0,34.86363636363637,52.86363636363637,33.785714285714285,,,11.0,1.0,41.5,63.5,25.75,,,9.0,-6.636363636363633,-29.863636363636367
F2F2Q33BEA,4.0,,9.5,77.5,,,4,2.0,5.0,5.0,82.0,,,2.0,1.0,41.5,63.5,25.75,,,9.0,-36.5,
F2F2Q33BEB,4.0,,9.5,77.5,,,4,2.0,5.0,5.0,82.0,,,2.0,1.0,41.5,63.5,25.75,,,9.0,-36.5,
F2F3,4.0,19.5,60.0,46.1,,,10,2.0,19.5,60.0,46.1,,,10.0,1.0,19.5,60.0,46.1,,,10.0,0.0,0.0
F2F6,4.0,26.5,26.5,60.5,,,6,2.0,26.5,26.5,60.5,,,6.0,1.0,26.5,26.5,60.5,,,6.0,0.0,0.0
F2F6Q33U,4.0,30.5,30.5,36.5,,,2,2.0,27.5,27.5,54.5,,,8.0,1.0,26.5,26.5,60.5,,,6.0,1.0,3.0
F2F6Q33UEA,4.0,43.0,37.0,29.75,,,5,2.0,30.5,30.5,36.5,,,2.0,1.0,26.5,26.5,60.5,,,6.0,4.0,12.5
F2F6Q33UEB,4.0,45.0,45.0,28.375,,,7,2.0,30.5,30.5,36.5,,,2.0,1.0,26.5,26.5,60.5,,,6.0,4.0,14.5
F2F6Q33UEC,4.0,43.0,37.0,29.75,,,5,2.0,30.5,30.5,36.5,,,2.0,1.0,26.5,26.5,60.5,,,6.0,4.0,12.5
F2F7,4.0,39.5,39.5,31.0,,,4,2.0,39.5,39.5,31.0,,,4.0,1.0,39.5,39.5,31.0,,,4.0,0.0,0.0
F2F7Q23C,4.0,48.0,36.5,29.818181818181817,,,14,2.0,46.111111111111114,37.166666666666664,30.0,,,18.0,1.0,39.5,39.5,31.0,,,4.0,6.611111111111114,1.8888888888888857
F2F7Q23CEB,4.0,37.0,37.0,43.25,,,4,2.0,48.0,36.5,29.818181818181817,,,14.0,1.0,39.5,39.5,31.0,,,4.0,8.5,-11.0
F2G2,4.0,23.5,23.5,52.5,,,8,2.0,23.5,23.5,52.5,,,8.0,1.0,23.5,23.5,52.5,,,8.0,0.0,0.0
F2G2Q23H,4.0,12.75,24.5,33.0,,,6,2.0,18.892857142857142,23.928571428571427,42.75,,,14.0,1.0,23.5,23.5,52.5,,,8.0,-4.607142857142858,-6.142857142857142
F2G2Q23HEA,4.0,5.5,5.5,65.0,,,2,2.0,12.75,24.5,33.0,,,6.0,1.0,23.5,23.5,52.5,,,8.0,-10.75,-7.25
F2G3,4.0,54.5,69.0,25.5,,,12,2.0,54.5,69.0,25.5,,,12.0,1.0,54.5,69.0,25.5,,,12.0,0.0,0.0
F2G5,4.0,9.0,9.0,69.5,,,4,2.0,9.0,9.0,69.5,,,4.0,1.0,9.0,9.0,69.5,,,4.0,0.0,0.0
F2G5Q36R,4.0,3.0,3.0,76.5,,,2,2.0,7.0,7.0,71.83333333333333,,,6.0,1.0,9.0,9.0,69.5,,,4.0,-2.0,-4.0
F2G5Q36REA,4.0,4.5,4.5,72.5,,,4,2.0,3.0,3.0,76.5,,,2.0,1.0,9.0,9.0,69.5,,,4.0,-6.0,1.5
F2G5Q36REB,4.0,4.5,4.5,72.5,,,4,2.0,3.0,3.0,76.5,,,2.0,1.0,9.0,9.0,69.5,,,4.0,-6.0,1.5
F2G6,4.0,48.5,60.5,31.7,,,10,2.0,48.5,60.5,31.7,,,10.0,1.0,48.5,60.5,31.7,,,10.0,0.0,0.0
F2G7,4.0,65.0,65.0,20.5,,,8,2.0,65.0,65.0,20.5,,,8.0,1.0,65.0,65.0,20.5,,,8.0,0.0,0.0
F2G7Q33V,4.0,60.0,60.0,20.5,,,4,2.0,63.333333333333336,63.333333333333336,20.5,,,12.0,1.0,65.0,65.0,20.5,,,8.0,-1.6666666666666643,-3.3333333333333357
F2G7Q33VEA,4.0,,66.0,16.5,,,2,2.0,60.0,60.0,20.5,,,4.0,1.0,65.0,65.0,20.5,,,8.0,-5.0,
F2G7Q33VEB,4.0,,62.0,21.25,,,8,2.0,60.0,60.0,20.5,,,4.0,1.0,65.0,65.0,20.5,,,8.0,-5.0,
F2H3,4.0,34.0,34.0,46.0,,,8,2.0,34.0,34.0,46.0,,,8.0,1.0,34.0,34.0,46.0,,,8.0,0.0,0.0
F2H3Q35Z,4.0,8.5,8.5,83.5,,,4,2.0,25.5,25.5,58.5,,,12.0,1.0,34.0,34.0,46.0,,,8.0,-8.5,-17.0
F2H3Q35ZEA,4.0,,7.0,81.5,,,2,2.0,8.5,8.5,83.5,,,4.0,1.0,34.0,34.0,46.0,,,8.0,-25.5,
F2H3Q35ZEB,4.0,,7.0,81.5,,,2,2.0,8.5,8.5,83.5,,,4.0,1.0,34.0,34.0,46.0,,,8.0,-25.5,
F2H6,4.0,54.0,73.0,20.9,,,10,2.0,54.0,73.0,20.9,,,10.0,1.0,54.0,73.0,20.9,,,10.0,0.0,0.0
F2H7,4.0,6.0,6.0,75.5,,,6,2.0,6.0,6.0,75.5,,,6.0,1.0,6.0,6.0,75.5,,,6.0,0.0,0.0
F2H7Q37F,4.0,12.0,12.0,39.5,,,4,2.0,8.4,8.4,61.1,,,10.0,1.0,6.0,6.0,75.5,,,6.0,2.4000000000000004,3.5999999999999996
F2H7Q37FEA,4.0,19.5,30.0,29.0,,,9,2.0,12.0,12.0,39.5,,,4.0,1.0,6.0,6.0,75.5,,,6.0,6.0,7.5
F2H7Q37FEB,4.0,,7.5,34.25,,,6,2.0,12.0,12.0,39.5,,,4.0,1.0,6.0,6.0,75.5,,,6.0,6.0,
F2H9,4.0,22.0,22.0,56.5,,,8,2.0,22.0,22.0,56.5,,,8.0,1.0,22.0,22.0,56.5,,,8.0,0.0,0.0
F2J3,4.0,61.5,67.5,19.5,,,16,2.0,61.5,67.5,19.5,,,16.0,1.0,61.5,67.5,19.5,,,16.0,0.0,0.0
F2J3Q37A,4.0,56.5,68.0,13.961538461538462,,,18,2.0,58.85294117647059,67.76470588235294,16.5,,,34.0,1.0,61.5,67.5,19.5,,,16.0,-2.647058823529413,-2.352941176470587
F2J4,4.0,38.0,38.0,43.0,,,8,2.0,38.0,38.0,43.0,,,8.0,1.0,38.0,38.0,43.0,,,8.0,0.0,0.0
F2J4Q34Q,4.0,51.5,51.5,24.5,,,2,2.0,40.7,40.7,39.3,,,10.0,1.0,38.0,38.0,43.0,,,8.0,2.700000000000003,10.799999999999997
F2J4Q34QEA,4.0,,28.0,38.5,,,6,2.0,51.5,51.5,24.5,,,2.0,1.0,38.0,38.0,43.0,,,8.0,13.5,
F2J6,4.0,55.5,55.5,24.5,,,4,2.0,55.5,55.5,24.5,,,4.0,1.0,55.5,55.5,24.5,,,4.0,0.0,0.0
F2J6Q23N,4.0,44.5,42.5,29.666666666666668,,,8,2.0,48.166666666666664,46.833333333333336,28.375,,,12.0,1.0,55.5,55.5,24.5,,,4.0,-7.333333333333336,-3.6666666666666643
F2J6Q23NEA,4.0,32.5,42.0,36.0,,,7,2.0,44.5,42.5,29.666666666666668,,,8.0,1.0,55.5,55.5,24.5,,,4.0,-11.0,-12.0
F2J6Q23NEB,4.0,39.0,28.5,39.041666666666664,,,18,2.0,44.5,42.5,29.666666666666668,,,8.0,1.0,55.5,55.5,24.5,,,4.0,-11.0,-5.5
F2J6Q23NEC,4.0,39.0,19.0,34.13793103448276,,,41,2.0,44.5,42.5,29.666666666666668,,,8.0,1.0,55.5,55.5,24.5,,,4.0,-11.0,-5.5
F2J6Q23NED,4.0,41.0,27.5,38.8375,,,23,2.0,44.5,42.5,29.666666666666668,,,8.0,1.0,55.5,55.5,24.5,,,4.0,-11.0,-3.5
F2J6Q23T,4.0,13.5,18.5,46.5,,,16,2.0,21.9,25.9,43.357142857142854,,,20.0,1.0,55.5,55.5,24.5,,,4.0,-33.6,-8.399999999999999
F2J7,4.0,31.5,58.5,35.4,,,8,2.0,31.5,58.5,35.4,,,8.0,1.0,31.5,58.5,35.4,,,8.0,0.0,0.0
F2J7Q32D,4.0,2.5,2.5,78.5,,,4,2.0,21.833333333333332,39.833333333333336,47.714285714285715,,,12.0,1.0,31.5,58.5,35.4,,,8.0,-9.666666666666668,-19.333333333333332
F2J8,4.0,48.0,73.5,25.2,,,10,2.0,48.0,73.5,25.2,,,10.0,1.0,48.0,73.5,25.2,,,10.0,0.0,0.0
F2K2,4.0,23.5,23.5,52.0,,,4,2.0,23.5,23.5,52.0,,,4.0,1.0,23.5,23.5,52.0,,,4.0,0.0,0.0
F2K2Q32U,4.0,3.5,1.0,53.25,,,6,2.0,11.5,10.0,52.833333333333336,,,10.0,1.0,23.5,23.5,52.0,,,4.0,-12.0,-8.0
F2K5,4.0,2.5,0.0,91.125,,,8,2.0,2.5,0.0,91.125,,,8.0,1.0,2.5,0.0,91.125,,,8.0,0.0,0.0
F2K7,4.0,24.0,67.0,26.583333333333332,,,12,2.0,24.0,67.0,26.583333333333332,,,12.0,1.0,24.0,67.0,26.583333333333332,,,12.0,0.0,0.0
F2K9,4.0,47.0,62.5,22.25,,,8,2.0,47.0,62.5,22.25,,,8.0,1.0,47.0,62.5,22.25,,,8.0,0.0,0.0
F2L2,4.0,28.5,25.0,39.833333333333336,,,6,2.0,28.5,25.0,39.833333333333336,,,6.0,1.0,28.5,25.0,39.833333333333336,,,6.0,0.0,0.0
F2L4,4.0,34.5,34.5,43.0,,,6,2.0,34.5,34.5,43.0,,,6.0,1.0,34.5,34.5,43.0,,,6.0,0.0,0.0
F2L4Q34D,4.0,9.0,9.0,76.0,,,4,2.0,24.3,24.3,56.2,,,10.0,1.0,34.5,34.5,43.0,,,6.0,-10.2,-15.3
F2L4Q34DEA,4.0,,4.0,82.0,,,4,2.0,9.0,9.0,76.0,,,4.0,1.0,34.5,34.5,43.0,,,6.0,-25.5,
F2L4Q34DEB,4.0,,4.0,82.0,,,4,2.0,9.0,9.0,76.0,,,4.0,1.0,34.5,34.5,43.0,,,6.0,-25.5,
F2L5,4.0,46.0,45.0,25.72222222222222,,,16,2.0,46.0,45.0,25.72222222222222,,,16.0,1.0,46.0,45.0,25.72222222222222,,,16.0,0.0,0.0
F2L6,4.0,41.5,41.5,32.5,,,4,2.0,41.5,41.5,32.5,,,4.0,1.0,41.5,41.5,32.5,,,4.0,0.0,0.0
F2L6Q27REA,4.0,,36.5,36.0,,,8,,,,,,,,1.0,41.5,41.5,32.5,,,4.0,,
F2M2,4.0,46.5,50.0,32.18181818181818,,,18,2.0,46.5,50.0,32.18181818181818,,,18.0,1.0,46.5,50.0,32.18181818181818,,,18.0,0.0,0.0
F2M5,4.0,45.0,36.0,39.25,,,8,2.0,45.0,36.0,39.25,,,8.0,1.0,45.0,36.0,39.25,,,8.0,0.0,0.0
F2N1,4.0,41.0,41.0,36.0,,,4,2.0,41.0,41.0,36.0,,,4.0,1.0,41.0,41.0,36.0,,,4.0,0.0,0.0
F2N1Q23V,4.0,25.5,30.0,36.333333333333336,,,4,2.0,33.25,35.5,36.2,,,8.0,1.0,41.0,41.0,36.0,,,4.0,-7.75,-7.75
F2N2,4.0,21.5,21.5,51.0,,,8,2.0,21.5,21.5,51.0,,,8.0,1.0,21.5,21.5,51.0,,,8.0,0.0,0.0
F2N2Q34H,4.0,23.0,23.5,21.0,,,3,2.0,21.90909090909091,22.045454545454547,41.0,,,11.0,1.0,21.5,21.5,51.0,,,8.0,0.40909090909091006,1.09090909090909
F2N5,4.0,50.0,50.0,26.5,,,4,2.0,50.0,50.0,26.5,,,4.0,1.0,50.0,50.0,26.5,,,4.0,0.0,0.0
F2N5Q23Q,4.0,25.0,27.5,34.0,,,3,2.0,39.285714285714285,40.357142857142854,30.25,,,7.0,1.0,50.0,50.0,26.5,,,4.0,-10.714285714285715,-14.285714285714285
F2N5Q23QEE,4.0,35.5,38.5,36.666666666666664,,,24,2.0,25.0,27.5,34.0,,,3.0,1.0,50.0,50.0,26.5,,,4.0,-25.0,10.5
F2N5Q23QEF,4.0,35.5,33.5,42.13513513513514,,,48,2.0,25.0,27.5,34.0,,,3.0,1.0,50.0,50.0,26.5,,,4.0,-25.0,10.5
F2N5Q23QEG,4.0,35.5,32.0,43.166666666666664,,,12,2.0,25.0,27.5,34.0,,,3.0,1.0,50.0,50.0,26.5,,,4.0,-25.0,10.5
F2N5Q23QEH,4.0,22.0,38.0,40.7,,,14,2.0,25.0,27.5,34.0,,,3.0,1.0,50.0,50.0,26.5,,,4.0,-25.0,-3.0
F2N5Q23U,4.0,45.0,36.0,28.875,,,16,2.0,46.0,38.8,28.535714285714285,,,20.0,1.0,50.0,50.0,26.5,,,4.0,-4.0,-1.0
F2N6,4.0,54.0,67.5,24.083333333333332,,,12,2.0,54.0,67.5,24.083333333333332,,,12.0,1.0,54.0,67.5,24.083333333333332,,,12.0,0.0,0.0
F2N8,4.0,34.0,68.5,35.25,,,8,2.0,34.0,68.5,35.25,,,8.0,1.0,34.0,68.5,35.25,,,8.0,0.0,0.0
F2N9,4.0,51.0,51.0,30.0,,,6,2.0,51.0,51.0,30.0,,,6.0,1.0,51.0,51.0,30.0,,,6.0,0.0,0.0
F2N9Q32L,4.0,6.0,6.0,79.5,,,2,2.0,39.75,39.75,42.375,,,8.0,1.0,51.0,51.0,30.0,,,6.0,-11.25,-33.75
F2P2,4.0,22.0,22.0,49.5,,,4,2.0,22.0,22.0,49.5,,,4.0,1.0,22.0,22.0,49.5,,,4.0,0.0,0.0
F2P2Q33Q,4.0,2.5,2.5,84.5,,,4,2.0,12.25,12.25,67.0,,,8.0,1.0,22.0,22.0,49.5,,,4.0,-9.75,-9.75
F2P3,4.0,60.5,60.5,16.5,,,4,2.0,60.5,60.5,16.5,,,4.0,1.0,60.5,60.5,16.5,,,4.0,0.0,0.0
F2P3Q32N,4.0,12.0,12.0,62.5,,,2,2.0,44.333333333333336,44.333333333333336,31.833333333333332,,,6.0,1.0,60.5,60.5,16.5,,,4.0,-16.166666666666664,-32.333333333333336
F2P4,4.0,26.0,26.0,52.0,,,6,2.0,26.0,26.0,52.0,,,6.0,1.0,26.0,26.0,52.0,,,6.0,0.0,0.0
F2P4Q33K,4.0,3.5,3.5,83.0,,,2,2.0,20.375,20.375,59.75,,,8.0,1.0,26.0,26.0,52.0,,,6.0,-5.625,-16.875
F2P5,4.0,4.5,22.5,62.833333333333336,,,6,2.0,4.5,22.5,62.833333333333336,,,6.0,1.0,4.5,22.5,62.833333333333336,,,6.0,0.0,0.0
F2P6,4.0,46.5,46.5,29.5,,,4,2.0,46.5,46.5,29.5,,,4.0,1.0,46.5,46.5,29.5,,,4.0,0.0,0.0
F2P6Q32R,4.0,0.5,0.5,90.5,,,4,2.0,23.5,23.5,60.0,,,8.0,1.0,46.5,46.5,29.5,,,4.0,-23.0,-23.0
F2P7,4.0,5.5,43.5,53.125,,,13,2.0,5.5,43.5,53.125,,,13.0,1.0,5.5,43.5,53.125,,,13.0,0.0,0.0
F2P8,4.0,42.5,45.5,32.3,,,10,2.0,42.5,45.5,32.3,,,10.0,1.0,42.5,45.5,32.3,,,10.0,0.0,0.0
F2P9,4.0,48.0,44.0,33.25,,,4,2.0,48.0,44.0,33.25,,,4.0,1.0,48.0,44.0,33.25,,,4.0,0.0,0.0
F2P9Q23K,4.0,32.0,31.5,38.25,,,5,2.0,39.111111111111114,37.05555555555556,36.583333333333336,,,9.0,1.0,48.0,44.0,33.25,,,4.0,-8.888888888888886,-7.111111111111114
F2Q2,4.0,47.5,62.0,22.5,,,10,2.0,47.5,62.0,22.5,,,10.0,1.0,47.5,62.0,22.5,,,10.0,0.0,0.0
F2Q4,4.0,45.0,45.0,28.5,,,4,2.0,45.0,45.0,28.5,,,4.0,1.0,45.0,45.0,28.5,,,4.0,0.0,0.0
F2Q4Q33H,4.0,0.5,0.5,93.5,,,6,2.0,18.3,18.3,67.5,,,10.0,1.0,45.0,45.0,28.5,,,4.0,-26.7,-17.8
F2Q4Q33HEA,4.0,,1.5,89.0,,,3,2.0,0.5,0.5,93.5,,,6.0,1.0,45.0,45.0,28.5,,,4.0,-44.5,
F2Q4Q33HEB,4.0,,2.0,91.25,,,6,2.0,0.5,0.5,93.5,,,6.0,1.0,45.0,45.0,28.5,,,4.0,-44.5,
F2Q6,4.0,51.0,62.5,24.75,,,12,2.0,51.0,62.5,24.75,,,12.0,1.0,51.0,62.5,24.75,,,12.0,0.0,0.0
F2Q9,4.0,41.0,41.0,37.5,,,4,2.0,41.0,41.0,37.5,,,4.0,1.0,41.0,41.0,37.5,,,4.0,0.0,0.0
F2Q9Q36T,4.0,18.0,18.0,36.0,,,2,2.0,33.333333333333336,33.333333333333336,37.0,,,6.0,1.0,41.0,41.0,37.5,,,4.0,-7.666666666666664,-15.333333333333336
F2Q9Q36TEA,4.0,26.0,26.0,25.166666666666668,,,8,2.0,18.0,18.0,36.0,,,2.0,1.0,41.0,41.0,37.5,,,4.0,-23.0,8.0
F2Q9Q36TEB,4.0,26.0,26.0,25.166666666666668,,,8,2.0,18.0,18.0,36.0,,,2.0,1.0,41.0,41.0,37.5,,,4.0,-23.0,8.0
F2R2,4.0,42.5,45.5,37.3,,,10,2.0,42.5,45.5,37.3,,,10.0,1.0,42.5,45.5,37.3,,,10.0,0.0,0.0
F2R4,4.0,57.0,57.0,27.5,,,8,2.0,57.0,57.0,27.5,,,8.0,1.0,57.0,57.0,27.5,,,8.0,0.0,0.0
F2R4Q35N,4.0,20.0,20.0,58.5,,,4,2.0,44.666666666666664,44.666666666666664,37.833333333333336,,,12.0,1.0,57.0,57.0,27.5,,,8.0,-12.333333333333336,-24.666666666666664
F2R4Q35NEA,4.0,27.0,27.0,49.833333333333336,,,8,2.0,20.0,20.0,58.5,,,4.0,1.0,57.0,57.0,27.5,,,8.0,-37.0,7.0
F2R4Q35NEB,4.0,35.0,30.0,34.86363636363637,,,20,2.0,20.0,20.0,58.5,,,4.0,1.0,57.0,57.0,27.5,,,8.0,-37.0,15.0
F2R4Q35NEC,4.0,27.0,27.0,49.833333333333336,,,8,2.0,20.0,20.0,58.5,,,4.0,1.0,57.0,57.0,27.5,,,8.0,-37.0,7.0
F2R7,4.0,43.5,71.5,19.5,,,6,2.0,43.5,71.5,19.5,,,6.0,1.0,43.5,71.5,19.5,,,6.0,0.0,0.0
F2R7Q32M,4.0,16.5,16.5,71.0,,,2,2.0,36.75,57.75,29.8,,,8.0,1.0,43.5,71.5,19.5,,,6.0,-6.75,-20.25
F2S4,4.0,34.0,34.0,48.5,,,8,2.0,34.0,34.0,48.5,,,8.0,1.0,34.0,34.0,48.5,,,8.0,0.0,0.0
F2S4Q23F,4.0,13.0,9.5,34.25,,,6,2.0,25.0,23.5,41.375,,,14.0,1.0,34.0,34.0,48.5,,,8.0,-9.0,-12.0
F2S4Q23FEA,4.0,28.5,28.5,50.0,,,2,2.0,13.0,9.5,34.25,,,6.0,1.0,34.0,34.0,48.5,,,8.0,-21.0,15.5
F2S4Q23FEB,4.0,,48.0,38.75,,,6,2.0,13.0,9.5,34.25,,,6.0,1.0,34.0,34.0,48.5,,,8.0,-21.0,
F2S4Q23FEC,4.0,14.5,20.5,38.125,,,10,2.0,13.0,9.5,34.25,,,6.0,1.0,34.0,34.0,48.5,,,8.0,-21.0,1.5
F2S9,4.0,35.5,35.5,29.5,,,6,2.0,35.5,35.5,29.5,,,6.0,1.0,35.5,35.5,29.5,,,6.0,0.0,0.0
F2S9Q32C,4.0,4.0,4.0,69.5,,,4,2.0,22.9,22.9,45.5,,,10.0,1.0,35.5,35.5,29.5,,,6.0,-12.600000000000001,-18.9
F2S9Q32CEA,4.0,,14.0,40.8,,,8,2.0,4.0,4.0,69.5,,,4.0,1.0,35.5,35.5,29.5,,,6.0,-31.5,
F2T1,4.0,40.5,40.5,40.0,,,6,2.0,40.5,40.5,40.0,,,6.0,1.0,40.5,40.5,40.0,,,6.0,0.0,0.0
F2T1Q23A,4.0,24.5,59.0,26.25,,,6,2.0,32.5,49.75,32.142857142857146,,,12.0,1.0,40.5,40.5,40.0,,,6.0,-8.0,-8.0
F2T1Q23AEJ,4.0,32.5,27.0,37.611111111111114,,,12,2.0,24.5,59.0,26.25,,,6.0,1.0,40.5,40.5,40.0,,,6.0,-16.0,8.0
F2T1Q23AEK,4.0,13.0,35.0,40.84615384615385,,,17,2.0,24.5,59.0,26.25,,,6.0,1.0,40.5,40.5,40.0,,,6.0,-16.0,-11.5
F2T1Q23AEL,4.0,32.5,22.0,36.970588235294116,,,22,2.0,24.5,59.0,26.25,,,6.0,1.0,40.5,40.5,40.0,,,6.0,-16.0,8.0
F2T1Q23AEM,4.0,31.5,29.0,34.65625,,,23,2.0,24.5,59.0,26.25,,,6.0,1.0,40.5,40.5,40.0,,,6.0,-16.0,7.0
F2T3,4.0,45.5,39.5,24.25,,,9,2.0,45.5,39.5,24.25,,,9.0,1.0,45.5,39.5,24.25,,,9.0,0.0,0.0
F2T3B3MQ,4.0,28.5,51.0,17.0625,,,24,2.0,33.13636363636363,47.86363636363637,19.022727272727273,,,33.0,1.0,45.5,39.5,24.25,,,9.0,-12.363636363636367,-4.636363636363633
F2T5,4.0,30.0,30.0,49.5,,,6,2.0,30.0,30.0,49.5,,,6.0,1.0,30.0,30.0,49.5,,,6.0,0.0,0.0
F2T5Q36X,4.0,34.5,34.5,29.0,,,2,2.0,31.125,31.125,44.375,,,8.0,1.0,30.0,30.0,49.5,,,6.0,1.125,3.375
F2T5Q36XEA,4.0,25.0,25.0,28.833333333333332,,,8,2.0,34.5,34.5,29.0,,,2.0,1.0,30.0,30.0,49.5,,,6.0,4.5,-9.5
F2T5Q36XEB,4.0,25.0,25.0,28.833333333333332,,,4,2.0,34.5,34.5,29.0,,,2.0,1.0,30.0,30.0,49.5,,,6.0,4.5,-9.5
F2T6,4.0,24.5,30.5,41.7,,,10,2.0,24.5,30.5,41.7,,,10.0,1.0,24.5,30.5,41.7,,,10.0,0.0,0.0
F2T8,4.0,63.0,51.0,25.857142857142858,,,14,2.0,63.0,51.0,25.857142857142858,,,14.0,1.0,63.0,51.0,25.857142857142858,,,14.0,0.0,0.0
F2T9,4.0,33.0,73.0,32.25,,,8,2.0,33.0,73.0,32.25,,,8.0,1.0,33.0,73.0,32.25,,,8.0,0.0,0.0
F2U2,4.0,22.0,22.0,56.0,,,6,2.0,22.0,22.0,56.0,,,6.0,1.0,22.0,22.0,56.0,,,6.0,0.0,0.0
F2U2Q35U,4.0,26.0,9.0,35.25,,,6,2.0,24.0,15.5,44.142857142857146,,,12.0,1.0,22.0,22.0,56.0,,,6.0,2.0,2.0
F2U9,4.0,16.0,16.0,58.5,,,8,2.0,16.0,16.0,58.5,,,8.0,1.0,16.0,16.0,58.5,,,8.0,0.0,0.0
F2U9Q36N,4.0,11.5,11.5,48.0,,,2,2.0,15.1,15.1,56.4,,,10.0,1.0,16.0,16.0,58.5,,,8.0,-0.9000000000000004,-3.5999999999999996
F2U9Q36NEA,4.0,14.5,14.5,27.5,,,4,2.0,11.5,11.5,48.0,,,2.0,1.0,16.0,16.0,58.5,,,8.0,-4.5,3.0
F2U9Q36NEB,4.0,14.5,52.5,20.928571428571427,,,9,2.0,11.5,11.5,48.0,,,2.0,1.0,16.0,16.0,58.5,,,8.0,-4.5,3.0
F2V2,4.0,45.5,45.5,35.0,,,6,2.0,45.5,45.5,35.0,,,6.0,1.0,45.5,45.5,35.0,,,6.0,0.0,0.0
F2V2Q36W,4.0,35.0,35.0,35.5,,,6,2.0,40.25,40.25,35.25,,,12.0,1.0,45.5,45.5,35.0,,,6.0,-5.25,-5.25
F2V2Q36WEA,4.0,,62.0,20.0,,,6,2.0,35.0,35.0,35.5,,,6.0,1.0,45.5,45.5,35.0,,,6.0,-10.5,
F2V2Q36WEB,4.0,55.0,55.0,18.5,,,8,2.0,35.0,35.0,35.5,,,6.0,1.0,45.5,45.5,35.0,,,6.0,-10.5,20.0
F2V6,4.0,18.0,18.0,53.5,,,4,2.0,18.0,18.0,53.5,,,4.0,1.0,18.0,18.0,53.5,,,4.0,0.0,0.0
F2V6Q37B,4.0,12.0,12.0,76.0,,,6,2.0,14.4,14.4,67.0,,,10.0,1.0,18.0,18.0,53.5,,,4.0,-3.5999999999999996,-2.4000000000000004
F2V6Q37BEA,4.0,15.5,15.5,50.833333333333336,,,8,2.0,12.0,12.0,76.0,,,6.0,1.0,18.0,18.0,53.5,,,4.0,-6.0,3.5
F2V6Q37BEB,4.0,15.5,15.5,50.833333333333336,,,8,2.0,12.0,12.0,76.0,,,6.0,1.0,18.0,18.0,53.5,,,4.0,-6.0,3.5
F2V7,4.0,28.0,74.5,29.2,,,10,2.0,28.0,74.5,29.2,,,10.0,1.0,28.0,74.5,29.2,,,10.0,0.0,0.0
F2V9,4.0,41.5,42.0,31.0,,,6,2.0,41.5,42.0,31.0,,,6.0,1.0,41.5,42.0,31.0,,,6.0,0.0,0.0
F2V9Q32F,4.0,15.0,15.0,59.5,,,4,2.0,30.9,31.2,40.5,,,10.0,1.0,41.5,42.0,31.0,,,6.0,-10.600000000000001,-15.899999999999999
F2V9Q32FEA,4.0,,21.0,53.5,,,6,2.0,15.0,15.0,59.5,,,4.0,1.0,41.5,42.0,31.0,,,6.0,-26.5,
F2V9Q32FEB,4.0,24.0,25.5,49.8,,,16,2.0,15.0,15.0,59.5,,,4.0,1.0,41.5,42.0,31.0,,,6.0,-26.5,9.0
F2V9Q32FEC,4.0,,21.0,53.5,,,6,2.0,15.0,15.0,59.5,,,4.0,1.0,41.5,42.0,31.0,,,6.0,-26.5,
F2W3,4.0,38.5,66.5,23.0,,,8,2.0,38.5,66.5,23.0,,,8.0,1.0,38.5,66.5,23.0,,,8.0,0.0,0.0
F2W6,4.0,26.5,73.5,32.7,,,10,2.0,26.5,73.5,32.7,,,10.0,1.0,26.5,73.5,32.7,,,10.0,0.0,0.0
F2W7,4.0,57.5,73.0,22.25,,,12,2.0,57.5,73.0,22.25,,,12.0,1.0,57.5,73.0,22.25,,,12.0,0.0,0.0
F2X1,4.0,45.5,59.0,22.7,,,10,2.0,45.5,59.0,22.7,,,10.0,1.0,45.5,59.0,22.7,,,10.0,0.0,0.0
F2X2,4.0,27.0,27.0,46.5,,,4,2.0,27.0,27.0,46.5,,,4.0,1.0,27.0,27.0,46.5,,,4.0,0.0,0.0
F2X2Q37K,4.0,25.0,25.0,42.0,,,2,2.0,26.333333333333332,26.333333333333332,45.0,,,6.0,1.0,27.0,27.0,46.5,,,4.0,-0.6666666666666679,-1.3333333333333321
F2X2Q37KEA,4.0,55.5,57.5,22.384615384615383,,,17,2.0,25.0,25.0,42.0,,,2.0,1.0,27.0,27.0,46.5,,,4.0,-2.0,30.5
F2X2Q37KEB,4.0,,72.0,20.75,,,3,2.0,25.0,25.0,42.0,,,2.0,1.0,27.0,27.0,46.5,,,4.0,-2.0,
F2X2Q37KEC,4.0,60.5,53.5,14.75,,,9,2.0,25.0,25.0,42.0,,,2.0,1.0,27.0,27.0,46.5,,,4.0,-2.0,35.5
F2X2Q37KED,4.0,59.5,59.5,20.333333333333332,,,5,2.0,25.0,25.0,42.0,,,2.0,1.0,27.0,27.0,46.5,,,4.0,-2.0,34.5
F2X3,4.0,12.5,12.5,51.5,,,6,2.0,12.5,12.5,51.5,,,6.0,1.0,12.5,12.5,51.5,,,6.0,0.0,0.0
F2X3Q36Q,4.0,15.5,15.5,23.5,,,2,2.0,13.25,13.25,44.5,,,8.0,1.0,12.5,12.5,51.5,,,6.0,0.75,2.25
F2X3Q36QEA,4.0,13.0,13.0,26.333333333333332,,,4,2.0,15.5,15.5,23.5,,,2.0,1.0,12.5,12.5,51.5,,,6.0,3.0,-2.5
F2X3Q36QEB,4.0,13.0,13.0,26.333333333333332,,,4,2.0,15.5,15.5,23.5,,,2.0,1.0,12.5,12.5,51.5,,,6.0,3.0,-2.5
F2X4,4.0,25.5,25.5,54.0,,,6,2.0,25.5,25.5,54.0,,,6.0,1.0,25.5,25.5,54.0,,,6.0,0.0,0.0
F2X4Q32K,4.0,11.0,11.0,69.0,,,2,2.0,21.875,21.875,57.75,,,8.0,1.0,25.5,25.5,54.0,,,6.0,-3.625,-10.875
F2X4Q32KEA,4.0,,15.5,72.0,,,4,2.0,11.0,11.0,69.0,,,2.0,1.0,25.5,25.5,54.0,,,6.0,-14.5,
F2X4Q32KEB,4.0,,15.5,72.0,,,4,2.0,11.0,11.0,69.0,,,2.0,1.0,25.5,25.5,54.0,,,6.0,-14.5,
F2X5,4.0,49.0,49.0,27.0,,,6,2.0,49.0,49.0,27.0,,,6.0,1.0,49.0,49.0,27.0,,,6.0,0.0,0.0
F2X5Q34V,4.0,40.0,40.0,19.0,,,2,2.0,46.75,46.75,25.0,,,8.0,1.0,49.0,49.0,27.0,,,6.0,-2.25,-6.75
F2X5Q34VEA,4.0,24.5,19.0,19.75,,,10,2.0,40.0,40.0,19.0,,,2.0,1.0,49.0,49.0,27.0,,,6.0,-9.0,-15.5
F2X5Q34VEB,4.0,24.5,19.0,19.75,,,10,2.0,40.0,40.0,19.0,,,2.0,1.0,49.0,49.0,27.0,,,6.0,-9.0,-15.5
F2X6,4.0,31.0,31.0,53.5,,,6,2.0,31.0,31.0,53.5,,,6.0,1.0,31.0,31.0,53.5,,,6.0,0.0,0.0
F2X6Q33A,4.0,9.0,9.0,61.0,,,2,2.0,25.5,25.5,55.375,,,8.0,1.0,31.0,31.0,53.5,,,6.0,-5.5,-16.5
F2X6Q33AEA,4.0,,5.0,76.5,,,2,2.0,9.0,9.0,61.0,,,2.0,1.0,31.0,31.0,53.5,,,6.0,-22.0,
F2X6Q33AEB,4.0,,5.0,76.5,,,4,2.0,9.0,9.0,61.0,,,2.0,1.0,31.0,31.0,53.5,,,6.0,-22.0,
F2X9,4.0,59.0,59.0,20.5,,,6,2.0,51.8,51.8,26.7,,,10.0,1.0,41.0,41.0,36.0,,,4.0,10.799999999999997,7.200000000000003
F2X9Q23W,4.0,38.0,41.5,23.666666666666668,,,4,2.0,59.0,59.0,20.5,,,6.0,1.0,41.0,41.0,36.0,,,4.0,18.0,-21.0
F2Y2,4.0,42.0,42.0,32.0,,,10,2.0,42.0,42.0,32.0,,,10.0,1.0,42.0,42.0,32.0,,,10.0,0.0,0.0
F2Y2B3MC,4.0,74.0,74.0,11.0,,,2,2.0,47.333333333333336,47.333333333333336,28.5,,,12.0,1.0,42.0,42.0,32.0,,,10.0,5.333333333333336,26.666666666666664
F2Y2B3MCEA,4.0,,70.5,16.0,,,4,2.0,74.0,74.0,11.0,,,2.0,1.0,42.0,42.0,32.0,,,10.0,32.0,
F2Y2B3MCEB,4.0,,74.5,16.75,,,6,2.0,74.0,74.0,11.0,,,2.0,1.0,42.0,42.0,32.0,,,10.0,32.0,
F2Y2B3MCEC,4.0,,78.0,14.5,,,4,2.0,74.0,74.0,11.0,,,2.0,1.0,42.0,42.0,32.0,,,10.0,32.0,
F2Y3,4.0,25.0,25.0,45.0,,,6,2.0,25.0,25.0,45.0,,,6.0,1.0,25.0,25.0,45.0,,,6.0,0.0,0.0
F2Y3Q32E,4.0,8.5,8.5,56.0,,,2,2.0,20.875,20.875,47.75,,,8.0,1.0,25.0,25.0,45.0,,,6.0,-4.125,-12.375
F2Y3Q32EED,4.0,,6.0,70.0,,,2,2.0,8.5,8.5,56.0,,,2.0,1.0,25.0,25.0,45.0,,,6.0,-16.5,
F2Y3Q32EEF,4.0,,6.0,70.0,,,2,2.0,8.5,8.5,56.0,,,2.0,1.0,25.0,25.0,45.0,,,6.0,-16.5,
F2Y5,4.0,61.0,68.5,14.333333333333334,,,6,2.0,61.0,68.5,14.333333333333334,,,6.0,1.0,61.0,68.5,14.333333333333334,,,6.0,0.0,0.0
F2Y8,4.0,26.5,70.0,31.75,,,10,2.0,26.5,70.0,31.75,,,10.0,1.0,26.5,70.0,31.75,,,10.0,0.0,0.0
F2Y9,4.0,25.0,31.0,25.5,,,6,2.0,25.0,31.0,25.5,,,6.0,1.0,25.0,31.0,25.5,,,6.0,0.0,0.0
F2Y9Q32V,4.0,7.0,7.0,58.0,,,2,2.0,20.5,25.0,32.0,,,8.0,1.0,25.0,31.0,25.5,,,6.0,-4.5,-13.5
F2Z3,4.0,49.5,26.5,31.055555555555557,,,15,2.0,47.693548387096776,36.04838709677419,28.38888888888889,,,31.0,1.0,46.0,45.0,25.72222222222222,,,16.0,1.6935483870967758,1.8064516129032242
F2Z6,4.0,43.5,43.5,35.5,,,8,2.0,43.5,43.5,35.5,,,8.0,1.0,43.5,43.5,35.5,,,8.0,0.0,0.0
F2Z6Q36K,4.0,14.0,14.0,40.5,,,2,2.0,37.6,37.6,36.5,,,10.0,1.0,43.5,43.5,35.5,,,8.0,-5.899999999999999,-23.6
F2Z6Q36KEA,4.0,15.0,15.0,53.166666666666664,,,4,2.0,14.0,14.0,40.5,,,2.0,1.0,43.5,43.5,35.5,,,8.0,-29.5,1.0
F2Z6Q36KEB,4.0,15.0,15.0,53.166666666666664,,,4,2.0,14.0,14.0,40.5,,,2.0,1.0,43.5,43.5,35.5,,,8.0,-29.5,1.0
F2Z7,4.0,28.0,28.0,22.0,,,6,2.0,28.0,28.0,22.0,,,6.0,1.0,28.0,28.0,22.0,,,6.0,0.0,0.0
F2Z7Q35W,4.0,37.5,40.5,19.0,,,8,2.0,33.42857142857143,35.142857142857146,20.0,,,14.0,1.0,28.0,28.0,22.0,,,6.0,5.428571428571431,4.071428571428569
F2Z8,4.0,35.5,35.5,45.0,,,6,2.0,35.5,35.5,45.0,,,6.0,1.0,35.5,35.5,45.0,,,6.0,0.0,0.0
F2Z8Q23E,4.0,23.5,42.5,32.0,,,4,2.0,30.7,38.3,38.5,,,10.0,1.0,35.5,35.5,45.0,,,6.0,-4.800000000000001,-7.199999999999999
F2Z8Q23EEA,4.0,33.5,33.5,49.0,,,2,2.0,23.5,42.5,32.0,,,4.0,1.0,35.5,35.5,45.0,,,6.0,-12.0,10.0
F2Z8Q23EEB,4.0,35.0,33.0,30.375,,,10,2.0,23.5,42.5,32.0,,,4.0,1.0,35.5,35.5,45.0,,,6.0,-12.0,11.5
F2Z8Q23EEC,4.0,35.0,33.0,30.375,,,10,2.0,23.5,42.5,32.0,,,4.0,1.0,35.5,35.5,45.0,,,6.0,-12.0,11.5
F2Z9,4.0,16.0,24.0,49.083333333333336,,,12,2.0,32.0,36.75,39.125,,,24.0,1.0,48.0,49.5,29.166666666666668,,,12.0,-16.0,-16.0
F311,4.0,51.0,59.5,23.0,,,8,2.0,51.0,59.5,23.0,,,8.0,1.0,51.0,59.5,23.0,,,8.0,0.0,0.0
F311Q43J,4.0,38.5,37.5,25.625,,,7,2.0,45.166666666666664,49.233333333333334,24.05,,,15.0,1.0,51.0,59.5,23.0,,,8.0,-5.833333333333336,-6.666666666666664
F312,4.0,61.0,68.0,17.0625,,,21,2.0,53.4,69.425,17.283333333333335,,,40.0,1.0,45.0,71.0,17.535714285714285,,,19.0,8.399999999999999,7.600000000000001
F31S,4.0,60.0,60.0,22.5,,,2,2.0,60.0,60.0,22.5,,,2.0,1.0,60.0,60.0,22.5,,,2.0,0.0,0.0
F31SQ4MD,4.0,68.5,68.5,17.5,,,4,2.0,65.66666666666667,65.66666666666667,19.166666666666668,,,6.0,1.0,60.0,60.0,22.5,,,2.0,5.666666666666671,2.8333333333333286
F31SQ4MDEA,4.0,61.0,61.0,26.25,,,4,2.0,68.5,68.5,17.5,,,4.0,1.0,60.0,60.0,22.5,,,2.0,8.5,-7.5
F31SQ4PQ,4.0,60.5,60.5,27.0,,,2,2.0,60.25,60.25,24.75,,,4.0,1.0,60.0,60.0,22.5,,,2.0,0.25,0.25
F31U,4.0,57.0,59.5,15.5,,,6,2.0,57.0,59.5,15.5,,,6.0,1.0,57.0,59.5,15.5,,,6.0,0.0,0.0
F31UQ41D,4.0,44.0,44.5,17.85,,,14,2.0,47.9,49.0,17.178571428571427,,,20.0,1.0,57.0,59.5,15.5,,,6.0,-9.100000000000001,-3.8999999999999986
F31V,4.0,32.0,32.0,43.5,,,4,2.0,32.0,32.0,43.5,,,4.0,1.0,32.0,32.0,43.5,,,4.0,0.0,0.0
F31VQ45A,4.0,41.5,47.5,19.770833333333332,,,15,2.0,39.5,44.23684210526316,23.160714285714285,,,19.0,1.0,32.0,32.0,43.5,,,4.0,7.5,2.0
F31W,4.0,35.5,37.0,28.166666666666668,,,8,2.0,35.5,37.0,28.166666666666668,,,8.0,1.0,35.5,37.0,28.166666666666668,,,8.0,0.0,0.0
F31WQ43K,4.0,51.0,51.0,28.0,,,2,2.0,38.6,39.8,28.142857142857142,,,10.0,1.0,35.5,37.0,28.166666666666668,,,8.0,3.1000000000000014,12.399999999999999
F31WQ43KEA,4.0,51.0,36.5,27.4,,,8,2.0,51.0,51.0,28.0,,,2.0,1.0,35.5,37.0,28.166666666666668,,,8.0,15.5,0.0
F31WQ43L,4.0,39.0,39.0,30.0,,,4,2.0,36.666666666666664,37.666666666666664,28.625,,,12.0,1.0,35.5,37.0,28.166666666666668,,,8.0,1.1666666666666643,2.3333333333333357
F31WQ43LEA,4.0,48.0,14.5,35.0,,,10,2.0,39.0,39.0,30.0,,,4.0,1.0,35.5,37.0,28.166666666666668,,,8.0,3.5,9.0
F31X,4.0,63.5,63.5,27.0,,,2,2.0,63.5,63.5,27.0,,,2.0,1.0,63.5,63.5,27.0,,,2.0,0.0,0.0
F31Y,4.0,51.5,51.5,31.0,,,2,2.0,51.5,51.5,31.0,,,2.0,1.0,51.5,51.5,31.0,,,2.0,0.0,0.0
F31YQ48X,4.0,61.5,61.5,18.5,,,4,2.0,58.166666666666664,58.166666666666664,22.666666666666668,,,6.0,1.0,51.5,51.5,31.0,,,2.0,6.666666666666664,3.3333333333333357
F31Z,4.0,48.5,48.5,34.5,,,2,2.0,48.5,48.5,34.5,,,2.0,1.0,48.5,48.5,34.5,,,2.0,0.0,0.0
F31ZQ48Y,4.0,75.5,75.5,13.5,,,2,2.0,62.0,62.0,24.0,,,4.0,1.0,48.5,48.5,34.5,,,2.0,13.5,13.5
F321,4.0,48.0,48.0,31.5,,,4,2.0,48.0,48.0,31.5,,,4.0,1.0,48.0,48.0,31.5,,,4.0,0.0,0.0
F321Q48Z,4.0,26.5,26.5,24.0,,,2,2.0,40.833333333333336,40.833333333333336,29.0,,,6.0,1.0,48.0,48.0,31.5,,,4.0,-7.166666666666664,-14.333333333333336
F322,4.0,49.0,53.0,17.25,,,3,2.0,49.0,53.0,17.25,,,3.0,1.0,49.0,53.0,17.25,,,3.0,0.0,0.0
F322Q41E,4.0,55.5,57.5,15.3125,,,11,2.0,54.107142857142854,56.535714285714285,15.7,,,14.0,1.0,49.0,53.0,17.25,,,3.0,5.107142857142854,1.392857142857146
F322Q41EEQ,4.0,,38.0,38.166666666666664,,,6,2.0,55.5,57.5,15.3125,,,11.0,1.0,49.0,53.0,17.25,,,3.0,6.5,
F32S,4.0,37.0,37.0,28.0,,,2,2.0,37.0,37.0,28.0,,,2.0,1.0,37.0,37.0,28.0,,,2.0,0.0,0.0
F32SQ46L,4.0,58.5,58.5,19.5,,,4,2.0,51.333333333333336,51.333333333333336,22.333333333333332,,,6.0,1.0,37.0,37.0,28.0,,,2.0,14.333333333333336,7.166666666666664
F32T,4.0,30.0,30.0,32.0,,,4,2.0,30.0,30.0,32.0,,,4.0,1.0,30.0,30.0,32.0,,,4.0,0.0,0.0
F32TQ48R,4.0,59.5,59.5,15.5,,,2,2.0,39.833333333333336,39.833333333333336,26.5,,,6.0,1.0,30.0,30.0,32.0,,,4.0,9.833333333333336,19.666666666666664
F32U,4.0,42.5,42.5,35.0,,,4,2.0,42.5,42.5,35.0,,,4.0,1.0,42.5,42.5,35.0,,,4.0,0.0,0.0
F32UQ43C,4.0,62.0,62.0,18.5,,,6,2.0,54.2,54.2,25.1,,,10.0,1.0,42.5,42.5,35.0,,,4.0,11.700000000000003,7.799999999999997
F32V,4.0,71.0,71.0,17.5,,,4,2.0,71.0,71.0,17.5,,,4.0,1.0,71.0,71.0,17.5,,,4.0,0.0,0.0
F32W,4.0,57.0,57.0,22.0,,,4,2.0,57.0,57.0,22.0,,,4.0,1.0,57.0,57.0,22.0,,,4.0,0.0,0.0
F32X,4.0,3.0,3.0,83.0,,,2,2.0,3.0,3.0,83.0,,,2.0,1.0,3.0,3.0,83.0,,,2.0,0.0,0.0
F32Y,4.0,49.5,49.5,35.0,,,4,2.0,49.5,49.5,35.0,,,4.0,1.0,49.5,49.5,35.0,,,4.0,0.0,0.0
F32Z,4.0,14.0,14.0,57.5,,,2,2.0,14.0,14.0,57.5,,,2.0,1.0,14.0,14.0,57.5,,,2.0,0.0,0.0
F331,4.0,23.5,52.5,29.625,,,10,2.0,23.5,52.5,29.625,,,10.0,1.0,23.5,52.5,29.625,,,10.0,0.0,0.0
F332,4.0,30.0,30.0,42.5,,,2,2.0,30.0,30.0,42.5,,,2.0,1.0,30.0,30.0,42.5,,,2.0,0.0,0.0
F33S,4.0,43.0,43.0,31.625,,,5,2.0,43.0,43.0,31.625,,,5.0,1.0,43.0,43.0,31.625,,,5.0,0.0,0.0
F33U,4.0,26.0,43.0,32.4,,,14,2.0,26.0,43.0,32.4,,,14.0,1.0,26.0,43.0,32.4,,,14.0,0.0,0.0
F33UB4CE,4.0,69.5,69.5,17.0,,,4,2.0,35.666666666666664,48.888888888888886,29.833333333333332,,,18.0,1.0,26.0,43.0,32.4,,,14.0,9.666666666666664,33.833333333333336
F33UB4CELA,4.0,,80.0,8.5,,,4,2.0,69.5,69.5,17.0,,,4.0,1.0,26.0,43.0,32.4,,,14.0,43.5,
F33UB4CELC,4.0,,80.5,7.5,,,2,2.0,69.5,69.5,17.0,,,4.0,1.0,26.0,43.0,32.4,,,14.0,43.5,
F33UB4CELD,4.0,,85.0,6.0,,,2,2.0,69.5,69.5,17.0,,,4.0,1.0,26.0,43.0,32.4,,,14.0,43.5,
F33V,4.0,0.0,0.0,96.5,,,2,2.0,0.0,0.0,96.5,,,2.0,1.0,0.0,0.0,96.5,,,2.0,0.0,0.0
F33VQ49A,4.0,0.0,0.0,83.5,,,4,2.0,0.0,0.0,87.83333333333333,,,6.0,1.0,0.0,0.0,96.5,,,2.0,0.0,0.0
F33X,4.0,73.0,73.0,17.5,,,2,2.0,73.0,73.0,17.5,,,2.0,1.0,73.0,73.0,17.5,,,2.0,0.0,0.0
F33XQ49B,4.0,46.5,46.5,25.5,,,2,2.0,59.75,59.75,21.5,,,4.0,1.0,73.0,73.0,17.5,,,2.0,-13.25,-13.25
F33Y,4.0,33.0,33.0,41.5,,,4,2.0,33.0,33.0,41.5,,,4.0,1.0,33.0,33.0,41.5,,,4.0,0.0,0.0
F33YQ44A,4.0,66.0,45.0,20.166666666666668,,,8,2.0,55.0,41.0,25.5,,,12.0,1.0,33.0,33.0,41.5,,,4.0,22.0,11.0
F33Z,4.0,43.5,43.5,37.0,,,4,2.0,43.5,43.5,37.0,,,4.0,1.0,43.5,43.5,37.0,,,4.0,0.0,0.0
F33ZQ46H,4.0,71.0,71.0,16.0,,,2,2.0,52.666666666666664,52.666666666666664,30.0,,,6.0,1.0,43.5,43.5,37.0,,,4.0,9.166666666666664,18.333333333333336
F341,4.0,74.0,74.0,17.5,,,4,2.0,74.0,74.0,17.5,,,4.0,1.0,74.0,74.0,17.5,,,4.0,0.0,0.0
F342,4.0,43.5,56.5,16.964285714285715,,,21,2.0,46.5,57.166666666666664,16.63888888888889,,,27.0,1.0,57.0,59.5,15.5,,,6.0,-10.5,-3.0
F34S,4.0,37.0,37.0,33.5,,,2,2.0,37.0,37.0,33.5,,,2.0,1.0,37.0,37.0,33.5,,,2.0,0.0,0.0
F34T,4.0,1.0,1.0,97.0,,,4,2.0,1.0,1.0,97.0,,,4.0,1.0,1.0,1.0,97.0,,,4.0,0.0,0.0
F34U,4.0,14.0,14.0,46.0,,,2,2.0,14.0,14.0,46.0,,,2.0,1.0,14.0,14.0,46.0,,,2.0,0.0,0.0
F34V,4.0,36.5,73.0,23.5,,,6,2.0,36.5,73.0,23.5,,,6.0,1.0,36.5,73.0,23.5,,,6.0,0.0,0.0
F34VQ43A,4.0,56.5,63.0,17.166666666666668,,,4,2.0,44.5,69.0,20.333333333333332,,,10.0,1.0,36.5,73.0,23.5,,,6.0,8.0,12.0
F34W,4.0,41.0,41.0,33.0,,,2,2.0,41.0,41.0,33.0,,,2.0,1.0,41.0,41.0,33.0,,,2.0,0.0,0.0
F34X,4.0,1.5,1.5,93.0,,,4,2.0,1.5,1.5,93.0,,,4.0,1.0,1.5,1.5,93.0,,,4.0,0.0,0.0
F34Y,4.0,75.5,75.5,17.0,,,2,2.0,75.5,75.5,17.0,,,2.0,1.0,75.5,75.5,17.0,,,2.0,0.0,0.0
F34YQ49C,4.0,76.0,76.0,11.5,,,4,2.0,75.83333333333333,75.83333333333333,13.333333333333334,,,6.0,1.0,75.5,75.5,17.0,,,2.0,0.3333333333333286,0.1666666666666714
F34Z,4.0,1.0,1.0,95.5,,,4,2.0,1.0,1.0,95.5,,,4.0,1.0,1.0,1.0,95.5,,,4.0,0.0,0.0
F34ZQ49D,4.0,0.5,0.5,91.0,,,2,2.0,0.8333333333333334,0.8333333333333334,94.0,,,6.0,1.0,1.0,1.0,95.5,,,4.0,-0.16666666666666663,-0.33333333333333337
F351,4.0,35.0,35.0,48.0,,,2,2.0,35.0,35.0,48.0,,,2.0,1.0,35.0,35.0,48.0,,,2.0,0.0,0.0
F352,4.0,2.0,2.0,96.0,,,4,2.0,2.0,2.0,96.0,,,4.0,1.0,2.0,2.0,96.0,,,4.0,0.0,0.0
F35S,4.0,38.0,25.0,23.75,,,6,2.0,38.0,25.0,23.75,,,6.0,1.0,38.0,25.0,23.75,,,6.0,0.0,0.0
F35SQ41B,4.0,28.5,51.5,27.833333333333332,,,8,2.0,32.57142857142857,40.142857142857146,26.2,,,14.0,1.0,38.0,25.0,23.75,,,6.0,-5.428571428571431,-4.071428571428569
F35T,4.0,29.5,29.5,43.0,,,2,2.0,29.5,29.5,43.0,,,2.0,1.0,29.5,29.5,43.0,,,2.0,0.0,0.0
F35TQ49E,4.0,16.5,16.5,50.5,,,4,2.0,20.833333333333332,20.833333333333332,48.0,,,6.0,1.0,29.5,29.5,43.0,,,2.0,-8.666666666666668,-4.333333333333332
F35U,4.0,35.0,71.5,21.666666666666668,,,4,2.0,35.0,71.5,21.666666666666668,,,4.0,1.0,35.0,71.5,21.666666666666668,,,4.0,0.0,0.0
F35V,4.0,23.0,23.0,61.5,,,4,2.0,23.0,23.0,61.5,,,4.0,1.0,23.0,23.0,61.5,,,4.0,0.0,0.0
F35VQ46C,4.0,25.0,30.5,33.7,,,8,2.0,24.333333333333332,28.0,41.642857142857146,,,12.0,1.0,23.0,23.0,61.5,,,4.0,1.3333333333333321,0.6666666666666679
F35W,4.0,45.0,71.0,17.535714285714285,,,19,2.0,45.0,71.0,17.535714285714285,,,19.0,1.0,45.0,71.0,17.535714285714285,,,19.0,0.0,0.0
F35X,4.0,38.0,38.0,36.5,,,2,2.0,38.0,38.0,36.5,,,2.0,1.0,38.0,38.0,36.5,,,2.0,0.0,0.0
F35Y,4.0,17.0,45.5,27.5,,,8,2.0,17.0,45.5,27.5,,,8.0,1.0,17.0,45.5,27.5,,,8.0,0.0,0.0
F35YB4CG,4.0,42.5,73.0,20.5,,,3,2.0,23.954545454545453,53.0,25.75,,,11.0,1.0,17.0,45.5,27.5,,,8.0,6.954545454545453,18.545454545454547
F35YB4CGLA,4.0,,63.5,21.5,,,2,2.0,42.5,73.0,20.5,,,3.0,1.0,17.0,45.5,27.5,,,8.0,25.5,
F35YB4CGLB,4.0,69.0,69.0,15.625,,,7,2.0,42.5,73.0,20.5,,,3.0,1.0,17.0,45.5,27.5,,,8.0,25.5,26.5
F35YB4CGLC,4.0,,70.0,19.0,,,4,2.0,42.5,73.0,20.5,,,3.0,1.0,17.0,45.5,27.5,,,8.0,25.5,
F35YB4CGLD,4.0,72.0,56.0,7.642857142857143,,,11,2.0,42.5,73.0,20.5,,,3.0,1.0,17.0,45.5,27.5,,,8.0,25.5,29.5
F35Z,4.0,65.5,65.5,24.5,,,4,2.0,65.5,65.5,24.5,,,4.0,1.0,65.5,65.5,24.5,,,4.0,0.0,0.0
F361,4.0,57.5,57.5,31.0,,,6,2.0,57.5,57.5,31.0,,,6.0,1.0,57.5,57.5,31.0,,,6.0,0.0,0.0
F361Q50A,4.0,62.5,65.5,12.642857142857142,,,12,2.0,60.833333333333336,62.833333333333336,18.15,,,18.0,1.0,57.5,57.5,31.0,,,6.0,3.3333333333333357,1.6666666666666643
F362,4.0,53.5,53.5,23.0,,,2,2.0,53.5,53.5,23.0,,,2.0,1.0,53.5,53.5,23.0,,,2.0,0.0,0.0
F362Q49F,4.0,32.5,32.5,27.0,,,2,2.0,43.0,43.0,25.0,,,4.0,1.0,53.5,53.5,23.0,,,2.0,-10.5,-10.5
F36T,4.0,44.5,44.5,34.5,,,2,2.0,44.5,44.5,34.5,,,2.0,1.0,44.5,44.5,34.5,,,2.0,0.0,0.0
F36U,4.0,0.0,0.0,98.5,,,4,2.0,0.0,0.0,98.5,,,4.0,1.0,0.0,0.0,98.5,,,4.0,0.0,0.0
F36UQ49G,4.0,1.5,1.5,89.0,,,2,2.0,0.5,0.5,95.33333333333333,,,6.0,1.0,0.0,0.0,98.5,,,4.0,0.5,1.0
F36V,4.0,62.0,62.0,24.0,,,4,2.0,62.0,62.0,24.0,,,4.0,1.0,62.0,62.0,24.0,,,4.0,0.0,0.0
F36W,4.0,65.5,65.5,23.5,,,4,2.0,65.5,65.5,23.5,,,4.0,1.0,65.5,65.5,23.5,,,4.0,0.0,0.0
F36WQ49H,4.0,62.0,62.0,14.5,,,2,2.0,64.33333333333333,64.33333333333333,20.5,,,6.0,1.0,65.5,65.5,23.5,,,4.0,-1.1666666666666714,-2.3333333333333286
F36Y,4.0,19.5,49.0,28.75,,,3,2.0,19.5,49.0,28.75,,,3.0,1.0,19.5,49.0,28.75,,,3.0,0.0,0.0
F36YQ41F,4.0,34.0,51.0,17.8,,,7,2.0,29.65,50.4,20.928571428571427,,,10.0,1.0,19.5,49.0,28.75,,,3.0,10.149999999999999,4.350000000000001
F36YQ42F,4.0,67.0,67.0,25.0,,,2,2.0,38.5,56.2,27.5,,,5.0,1.0,19.5,49.0,28.75,,,3.0,19.0,28.5
F36Z,4.0,48.5,48.5,28.5,,,4,2.0,48.5,48.5,28.5,,,4.0,1.0,48.5,48.5,28.5,,,4.0,0.0,0.0
F36ZQ49J,4.0,59.0,59.0,24.0,,,2,2.0,52.0,52.0,27.0,,,6.0,1.0,48.5,48.5,28.5,,,4.0,3.5,7.0
F371,4.0,34.5,34.5,38.5,,,6,2.0,34.5,34.5,38.5,,,6.0,1.0,34.5,34.5,38.5,,,6.0,0.0,0.0
F372,4.0,81.5,81.5,11.0,,,2,2.0,81.5,81.5,11.0,,,2.0,1.0,81.5,81.5,11.0,,,2.0,0.0,0.0
F372Q49K,4.0,72.5,72.5,8.5,,,2,2.0,77.0,77.0,9.75,,,4.0,1.0,81.5,81.5,11.0,,,2.0,-4.5,-4.5
F37T,4.0,1.5,1.5,94.5,,,4,2.0,1.5,1.5,94.5,,,4.0,1.0,1.5,1.5,94.5,,,4.0,0.0,0.0
F37TQ49L,4.0,0.0,0.0,84.5,,,2,2.0,1.0,1.0,91.16666666666667,,,6.0,1.0,1.5,1.5,94.5,,,4.0,-0.5,-1.0
F37U,4.0,53.0,53.0,24.0,,,2,2.0,53.0,53.0,24.0,,,2.0,1.0,53.0,53.0,24.0,,,2.0,0.0,0.0
F37V,4.0,53.0,53.0,28.0,,,2,2.0,53.0,53.0,28.0,,,2.0,1.0,53.0,53.0,28.0,,,2.0,0.0,0.0
F37X,4.0,1.0,1.0,97.0,,,4,2.0,1.0,1.0,97.0,,,4.0,1.0,1.0,1.0,97.0,,,4.0,0.0,0.0
F37Y,4.0,65.5,65.5,21.25,,,5,2.0,65.5,65.5,21.25,,,5.0,1.0,65.5,65.5,21.25,,,5.0,0.0,0.0
F37Z,4.0,52.0,52.0,30.5,,,2,2.0,52.0,52.0,30.5,,,2.0,1.0,52.0,52.0,30.5,,,2.0,0.0,0.0
F37ZQ49M,4.0,53.0,53.0,23.0,,,2,2.0,52.5,52.5,26.75,,,4.0,1.0,52.0,52.0,30.5,,,2.0,0.5,0.5
F381,4.0,39.0,61.0,22.625,,,10,2.0,39.0,61.0,22.625,,,10.0,1.0,39.0,61.0,22.625,,,10.0,0.0,0.0
F382,4.0,63.0,63.0,22.0,,,4,2.0,63.0,63.0,22.0,,,4.0,1.0,63.0,63.0,22.0,,,4.0,0.0,0.0
F382Q49N,4.0,42.5,42.5,40.5,,,2,2.0,56.166666666666664,56.166666666666664,28.166666666666668,,,6.0,1.0,63.0,63.0,22.0,,,4.0,-6.833333333333336,-13.666666666666664
F38S,4.0,28.0,28.0,27.0,,,4,2.0,28.0,28.0,27.0,,,4.0,1.0,28.0,28.0,27.0,,,4.0,0.0,0.0
F38SQ46A,4.0,50.0,50.0,16.0,,,2,2.0,35.333333333333336,35.333333333333336,23.333333333333332,,,6.0,1.0,28.0,28.0,27.0,,,4.0,7.333333333333336,14.666666666666664
F38T,4.0,45.5,61.0,12.25,,,6,2.0,45.5,61.0,12.25,,,6.0,1.0,45.5,61.0,12.25,,,6.0,0.0,0.0
F38V,4.0,0.0,0.0,99.0,,,6,2.0,0.0,0.0,99.0,,,6.0,1.0,0.0,0.0,99.0,,,6.0,0.0,0.0
F38W,4.0,67.0,67.0,25.0,,,4,2.0,67.0,67.0,25.0,,,4.0,1.0,67.0,67.0,25.0,,,4.0,0.0,0.0
F38X,4.0,71.5,71.5,15.5,,,4,2.0,71.5,71.5,15.5,,,4.0,1.0,71.5,71.5,15.5,,,4.0,0.0,0.0
F38Y,4.0,48.0,52.5,17.25,,,3,2.0,48.0,52.5,17.25,,,3.0,1.0,48.0,52.5,17.25,,,3.0,0.0,0.0
F38YQ41G,4.0,48.0,31.5,17.178571428571427,,,11,2.0,48.0,36.0,17.194444444444443,,,14.0,1.0,48.0,52.5,17.25,,,3.0,0.0,0.0
F38Z,4.0,38.5,52.5,21.5,,,6,2.0,38.5,52.5,21.5,,,6.0,1.0,38.5,52.5,21.5,,,6.0,0.0,0.0
F38ZQ41H,4.0,76.0,62.5,8.666666666666666,,,5,2.0,55.54545454545455,57.04545454545455,16.0,,,11.0,1.0,38.5,52.5,21.5,,,6.0,17.045454545454547,20.454545454545453
F391,4.0,60.5,60.5,24.0,,,4,2.0,60.5,60.5,24.0,,,4.0,1.0,60.5,60.5,24.0,,,4.0,0.0,0.0
F392,4.0,35.5,71.0,19.0,,,10,2.0,35.5,71.0,19.0,,,10.0,1.0,35.5,71.0,19.0,,,10.0,0.0,0.0
F39S,4.0,38.0,64.5,18.25,,,6,2.0,38.0,64.5,18.25,,,6.0,1.0,38.0,64.5,18.25,,,6.0,0.0,0.0
F39SQ41J,4.0,30.5,55.0,20.0,,,8,2.0,33.714285714285715,59.07142857142857,19.3,,,14.0,1.0,38.0,64.5,18.25,,,6.0,-4.285714285714285,-3.2142857142857153
F39U,4.0,67.5,67.5,21.5,,,2,2.0,67.5,67.5,21.5,,,2.0,1.0,67.5,67.5,21.5,,,2.0,0.0,0.0
F39UQ46T,4.0,74.0,74.0,12.5,,,2,2.0,70.75,70.75,17.0,,,4.0,1.0,67.5,67.5,21.5,,,2.0,3.25,3.25
F39V,4.0,56.0,56.0,22.0,,,2,2.0,56.0,56.0,22.0,,,2.0,1.0,56.0,56.0,22.0,,,2.0,0.0,0.0
F39W,4.0,74.0,74.0,18.5,,,4,2.0,74.0,74.0,18.5,,,4.0,1.0,74.0,74.0,18.5,,,4.0,0.0,0.0
F39X,4.0,41.5,41.5,30.5,,,4,2.0,41.5,41.5,30.5,,,4.0,1.0,41.5,41.5,30.5,,,4.0,0.0,0.0
F39XQ46N,4.0,24.0,24.0,34.0,,,4,2.0,32.75,32.75,32.25,,,8.0,1.0,41.5,41.5,30.5,,,4.0,-8.75,-8.75
F39Z,4.0,80.5,80.5,14.5,,,4,2.0,80.5,80.5,14.5,,,4.0,1.0,80.5,80.5,14.5,,,4.0,0.0,0.0
F3A1,4.0,31.0,31.0,40.5,,,2,2.0,31.0,31.0,40.5,,,2.0,1.0,31.0,31.0,40.5,,,2.0,0.0,0.0
F3A2,4.0,75.5,75.5,16.0,,,4,2.0,75.5,75.5,16.0,,,4.0,1.0,75.5,75.5,16.0,,,4.0,0.0,0.0
F3A2Q48V,4.0,80.5,80.5,11.5,,,4,2.0,78.0,78.0,13.75,,,8.0,1.0,75.5,75.5,16.0,,,4.0,2.5,2.5
F3AS,4.0,47.0,73.0,16.0,,,3,2.0,47.0,73.0,16.0,,,3.0,1.0,47.0,73.0,16.0,,,3.0,0.0,0.0
F3ASQ4BM,4.0,64.5,64.5,17.0,,,2,2.0,54.0,69.6,16.333333333333332,,,5.0,1.0,47.0,73.0,16.0,,,3.0,7.0,10.5
F3ASQ4ME,4.0,63.0,63.0,13.5,,,4,2.0,56.142857142857146,67.28571428571429,14.75,,,7.0,1.0,47.0,73.0,16.0,,,3.0,9.142857142857146,6.857142857142854
F3AT,4.0,25.5,25.0,30.75,,,3,2.0,25.5,25.0,30.75,,,3.0,1.0,25.5,25.0,30.75,,,3.0,0.0,0.0
F3ATQ41K,4.0,14.0,34.5,36.75,,,6,2.0,17.833333333333332,31.333333333333332,34.75,,,9.0,1.0,25.5,25.0,30.75,,,3.0,-7.666666666666668,-3.833333333333332
F3AU,4.0,25.5,25.5,48.5,,,4,2.0,25.5,25.5,48.5,,,4.0,1.0,25.5,25.5,48.5,,,4.0,0.0,0.0
F3AV,4.0,36.0,36.0,36.5,,,4,2.0,36.0,36.0,36.5,,,4.0,1.0,36.0,36.0,36.5,,,4.0,0.0,0.0
F3AW,4.0,45.0,45.0,34.5,,,4,2.0,45.0,45.0,34.5,,,4.0,1.0,45.0,45.0,34.5,,,4.0,0.0,0.0
F3AWQ42B,4.0,55.5,52.0,12.1875,,,12,2.0,52.875,50.25,16.65,,,16.0,1.0,45.0,45.0,34.5,,,4.0,7.875,2.625
F3AX,4.0,53.5,66.0,15.0,,,3,2.0,53.5,66.0,15.0,,,3.0,1.0,53.5,66.0,15.0,,,3.0,0.0,0.0
F3AY,4.0,66.5,66.5,24.75,,,5,2.0,66.5,66.5,24.75,,,5.0,1.0,66.5,66.5,24.75,,,5.0,0.0,0.0
F3AZ,4.0,45.0,45.0,29.0,,,4,2.0,45.0,45.0,29.0,,,4.0,1.0,45.0,45.0,29.0,,,4.0,0.0,0.0
F3AZQ49P,4.0,38.0,38.0,30.0,,,4,2.0,41.5,41.5,29.5,,,8.0,1.0,45.0,45.0,29.0,,,4.0,-3.5,-3.5
F3B1,4.0,54.0,54.0,22.5,,,2,2.0,54.0,54.0,22.5,,,2.0,1.0,54.0,54.0,22.5,,,2.0,0.0,0.0
F3B1Q49Q,4.0,61.0,61.0,18.0,,,2,2.0,57.5,57.5,20.25,,,4.0,1.0,54.0,54.0,22.5,,,2.0,3.5,3.5
F3B2,4.0,59.0,59.0,18.5,,,4,2.0,59.0,59.0,18.5,,,4.0,1.0,59.0,59.0,18.5,,,4.0,0.0,0.0
F3B2Q49R,4.0,55.5,55.5,15.0,,,2,2.0,57.833333333333336,57.833333333333336,17.333333333333332,,,6.0,1.0,59.0,59.0,18.5,,,4.0,-1.1666666666666643,-2.3333333333333357
F3BS,4.0,51.0,51.0,34.5,,,4,2.0,51.0,51.0,34.5,,,4.0,1.0,51.0,51.0,34.5,,,4.0,0.0,0.0
F3BT,4.0,40.5,40.5,24.0,,,2,2.0,40.5,40.5,24.0,,,2.0,1.0,40.5,40.5,24.0,,,2.0,0.0,0.0
F3BU,4.0,78.5,78.5,12.0,,,2,2.0,78.5,78.5,12.0,,,2.0,1.0,78.5,78.5,12.0,,,2.0,0.0,0.0
F3BUQ48W,4.0,73.0,73.0,17.5,,,2,2.0,75.75,75.75,14.75,,,4.0,1.0,78.5,78.5,12.0,,,2.0,-2.75,-2.75
F3BV,4.0,0.5,0.5,99.0,,,4,2.0,0.5,0.5,99.0,,,4.0,1.0,0.5,0.5,99.0,,,4.0,0.0,0.0
F3BVQ46P,4.0,0.5,10.0,87.83333333333333,,,6,2.0,0.5,6.2,92.3,,,10.0,1.0,0.5,0.5,99.0,,,4.0,0.0,0.0
F3BX,4.0,53.5,65.5,16.5,,,6,2.0,53.5,65.5,16.5,,,6.0,1.0,53.5,65.5,16.5,,,6.0,0.0,0.0
F3BXQ42B,4.0,54.5,82.5,8.25,,,6,2.0,54.0,74.0,12.375,,,12.0,1.0,53.5,65.5,16.5,,,6.0,0.5,0.5
F3BXQ42BEA,4.0,,74.0,11.5,,,2,2.0,54.5,82.5,8.25,,,6.0,1.0,53.5,65.5,16.5,,,6.0,1.0,
F3BXQ42BEB,4.0,80.0,75.0,6.6875,,,13,2.0,54.5,82.5,8.25,,,6.0,1.0,53.5,65.5,16.5,,,6.0,1.0,25.5
F3BY,4.0,42.0,28.5,21.75,,,3,2.0,42.0,28.5,21.75,,,3.0,1.0,42.0,28.5,21.75,,,3.0,0.0,0.0
F3BZ,4.0,2.0,3.5,47.75,,,6,2.0,2.0,3.5,47.75,,,6.0,1.0,2.0,3.5,47.75,,,6.0,0.0,0.0
F3C1,4.0,68.5,68.5,16.5,,,4,2.0,68.5,68.5,16.5,,,4.0,1.0,68.5,68.5,16.5,,,4.0,0.0,0.0
F3C1Q42C,4.0,81.5,81.5,11.0,,,2,2.0,72.83333333333333,72.83333333333333,14.666666666666666,,,6.0,1.0,68.5,68.5,16.5,,,4.0,4.333333333333329,8.666666666666671
F3C1Q42CEA,4.0,83.0,82.0,5.083333333333333,,,10,2.0,81.5,81.5,11.0,,,2.0,1.0,68.5,68.5,16.5,,,4.0,13.0,1.5
F3C1Q42CEB,4.0,,84.0,9.5,,,2,2.0,81.5,81.5,11.0,,,2.0,1.0,68.5,68.5,16.5,,,4.0,13.0,
F3C2,4.0,66.5,66.5,21.0,,,2,2.0,66.5,66.5,21.0,,,2.0,1.0,66.5,66.5,21.0,,,2.0,0.0,0.0
F3C2Q49S,4.0,67.5,67.5,9.5,,,4,2.0,67.16666666666667,67.16666666666667,13.333333333333334,,,6.0,1.0,66.5,66.5,21.0,,,2.0,0.6666666666666714,0.3333333333333286
F3CS,4.0,59.0,59.0,29.5,,,2,2.0,59.0,59.0,29.5,,,2.0,1.0,59.0,59.0,29.5,,,2.0,0.0,0.0
F3CT,4.0,44.5,38.5,23.0,,,3,2.0,44.5,38.5,23.0,,,3.0,1.0,44.5,38.5,23.0,,,3.0,0.0,0.0
F3CTQ41L,4.0,54.5,67.5,14.833333333333334,,,8,2.0,51.77272727272727,59.59090909090909,16.875,,,11.0,1.0,44.5,38.5,23.0,,,3.0,7.272727272727273,2.7272727272727266
F3CU,4.0,46.0,68.0,17.375,,,7,2.0,46.0,68.0,17.375,,,7.0,1.0,46.0,68.0,17.375,,,7.0,0.0,0.0
F3CUQ47A,4.0,46.5,49.5,24.0,,,10,2.0,46.294117647058826,57.11764705882353,21.791666666666668,,,17.0,1.0,46.0,68.0,17.375,,,7.0,0.29411764705882604,0.20588235294117396
F3CUQ47B,4.0,30.0,56.0,26.0,,,8,2.0,37.46666666666667,61.6,22.55,,,15.0,1.0,46.0,68.0,17.375,,,7.0,-8.533333333333331,-7.466666666666669
F3CV,4.0,50.0,50.0,35.5,,,6,2.0,50.0,50.0,35.5,,,6.0,1.0,50.0,50.0,35.5,,,6.0,0.0,0.0
F3CVQ53A,4.0,35.5,58.5,18.5,,,6,2.0,42.75,54.25,25.785714285714285,,,12.0,1.0,50.0,50.0,35.5,,,6.0,-7.25,-7.25
F3CW,4.0,11.0,11.0,52.0,,,2,2.0,11.0,11.0,52.0,,,2.0,1.0,11.0,11.0,52.0,,,2.0,0.0,0.0
F3CX,4.0,12.0,57.0,25.333333333333332,,,8,2.0,47.888888888888886,64.38888888888889,17.5,,,27.0,1.0,63.0,67.5,14.142857142857142,,,19.0,-15.111111111111114,-35.888888888888886
F3CY,4.0,43.5,43.5,30.5,,,4,2.0,43.5,43.5,30.5,,,4.0,1.0,43.5,43.5,30.5,,,4.0,0.0,0.0
F3CZ,4.0,57.5,57.5,18.75,,,6,2.0,57.5,57.5,18.75,,,6.0,1.0,57.5,57.5,18.75,,,6.0,0.0,0.0
F3CZQ41M,4.0,65.5,45.5,15.916666666666666,,,10,2.0,62.5,50.0,17.05,,,16.0,1.0,57.5,57.5,18.75,,,6.0,5.0,3.0
F3D1,4.0,37.5,66.5,20.0,,,4,2.0,37.5,66.5,20.0,,,4.0,1.0,37.5,66.5,20.0,,,4.0,0.0,0.0
F3D2,4.0,46.5,46.5,37.0,,,2,2.0,46.5,46.5,37.0,,,2.0,1.0,46.5,46.5,37.0,,,2.0,0.0,0.0
F3D2Q49T,4.0,57.0,57.0,15.5,,,2,2.0,51.75,51.75,26.25,,,4.0,1.0,46.5,46.5,37.0,,,2.0,5.25,5.25
F3DS,4.0,71.5,71.5,14.0,,,4,2.0,71.5,71.5,14.0,,,4.0,1.0,71.5,71.5,14.0,,,4.0,0.0,0.0
F3DSQ49U,4.0,57.0,57.0,13.0,,,2,2.0,66.66666666666667,66.66666666666667,13.666666666666666,,,6.0,1.0,71.5,71.5,14.0,,,4.0,-4.833333333333329,-9.666666666666671
F3DT,4.0,2.5,2.5,89.5,,,4,2.0,2.5,2.5,89.5,,,4.0,1.0,2.5,2.5,89.5,,,4.0,0.0,0.0
F3DU,4.0,0.0,0.0,100.0,,,4,2.0,0.0,0.0,100.0,,,4.0,1.0,0.0,0.0,100.0,,,4.0,0.0,0.0
F3DV,4.0,61.5,61.5,21.5,,,2,2.0,61.5,61.5,21.5,,,2.0,1.0,61.5,61.5,21.5,,,2.0,0.0,0.0
F3DW,4.0,33.5,33.5,41.0,,,2,2.0,33.5,33.5,41.0,,,2.0,1.0,33.5,33.5,41.0,,,2.0,0.0,0.0
F3DWQ49V,4.0,17.0,17.0,50.5,,,2,2.0,25.25,25.25,45.75,,,4.0,1.0,33.5,33.5,41.0,,,2.0,-8.25,-8.25
F3DX,4.0,55.5,55.5,36.0,,,2,2.0,55.5,55.5,36.0,,,2.0,1.0,55.5,55.5,36.0,,,2.0,0.0,0.0
F3DY,4.0,52.0,41.0,22.0,,,16,2.0,52.0,41.0,22.0,,,16.0,1.0,52.0,41.0,22.0,,,16.0,0.0,0.0
F3DYQ47A,4.0,51.0,57.5,11.083333333333334,,,9,2.0,51.64,46.94,18.36111111111111,,,25.0,1.0,52.0,41.0,22.0,,,16.0,-0.35999999999999943,-0.6400000000000006
F3DYQ47AEE,4.0,,38.5,25.833333333333332,,,6,2.0,51.0,57.5,11.083333333333334,,,9.0,1.0,52.0,41.0,22.0,,,16.0,-1.0,
F3DZ,4.0,66.5,66.5,15.5,,,2,2.0,66.5,66.5,15.5,,,2.0,1.0,66.5,66.5,15.5,,,2.0,0.0,0.0
F3E1,4.0,31.5,31.5,49.0,,,4,2.0,31.5,31.5,49.0,,,4.0,1.0,31.5,31.5,49.0,,,4.0,0.0,0.0
F3E2,4.0,75.0,75.0,11.5,,,2,2.0,75.0,75.0,11.5,,,2.0,1.0,75.0,75.0,11.5,,,2.0,0.0,0.0
F3E2Q46R,4.0,81.5,81.5,14.0,,,4,2.0,79.33333333333333,79.33333333333333,13.166666666666666,,,6.0,1.0,75.0,75.0,11.5,,,2.0,4.333333333333329,2.1666666666666714
F3ES,4.0,34.5,34.5,28.5,,,4,2.0,34.5,34.5,28.5,,,4.0,1.0,34.5,34.5,28.5,,,4.0,0.0,0.0
F3ET,4.0,38.5,38.5,38.5,,,2,2.0,38.5,38.5,38.5,,,2.0,1.0,38.5,38.5,38.5,,,2.0,0.0,0.0
F3EV,4.0,49.0,49.0,28.0,,,4,2.0,49.0,49.0,28.0,,,4.0,1.0,49.0,49.0,28.0,,,4.0,0.0,0.0
F3EX,4.0,49.0,49.0,28.5,,,4,2.0,49.0,49.0,28.5,,,4.0,1.0,49.0,49.0,28.5,,,4.0,0.0,0.0
F3EXQ46F,4.0,64.0,64.0,18.5,,,2,2.0,54.0,54.0,25.166666666666668,,,6.0,1.0,49.0,49.0,28.5,,,4.0,5.0,10.0
F3EY,4.0,47.5,47.5,41.0,,,4,2.0,47.5,47.5,41.0,,,4.0,1.0,47.5,47.5,41.0,,,4.0,0.0,0.0
F3EZ,4.0,57.0,62.5,14.25,,,6,2.0,57.0,62.5,14.25,,,6.0,1.0,57.0,62.5,14.25,,,6.0,0.0,0.0
F3EZQ41N,4.0,57.5,56.0,14.5,,,11,2.0,57.3235294117647,58.294117647058826,14.416666666666666,,,17.0,1.0,57.0,62.5,14.25,,,6.0,0.32352941176470296,0.17647058823529704
F3F2,4.0,38.0,38.0,31.5,,,2,2.0,38.0,38.0,31.5,,,2.0,1.0,38.0,38.0,31.5,,,2.0,0.0,0.0
F3FS,4.0,40.5,60.0,16.0,,,7,2.0,40.5,60.0,16.0,,,7.0,1.0,40.5,60.0,16.0,,,7.0,0.0,0.0
F3FSQ5FS,4.0,57.0,61.0,14.25,,,6,2.0,48.11538461538461,60.46153846153846,15.222222222222221,,,13.0,1.0,40.5,60.0,16.0,,,7.0,7.615384615384613,8.884615384615387
F3FU,4.0,43.5,43.5,30.5,,,8,2.0,43.5,43.5,30.5,,,8.0,1.0,43.5,43.5,30.5,,,8.0,0.0,0.0
F3FUQ56A,4.0,43.5,64.0,21.8125,,,10,2.0,43.5,54.888888888888886,24.708333333333332,,,18.0,1.0,43.5,43.5,30.5,,,8.0,0.0,0.0
F3FV,4.0,39.5,39.5,41.5,,,2,2.0,39.5,39.5,41.5,,,2.0,1.0,39.5,39.5,41.5,,,2.0,0.0,0.0
F3FW,4.0,63.5,63.5,21.0,,,2,2.0,63.5,63.5,21.0,,,2.0,1.0,63.5,63.5,21.0,,,2.0,0.0,0.0
F3FX,4.0,46.5,46.5,33.5,,,4,2.0,46.5,46.5,33.5,,,4.0,1.0,46.5,46.5,33.5,,,4.0,0.0,0.0
F3FXQ48U,4.0,74.0,74.0,9.5,,,4,2.0,60.25,60.25,21.5,,,8.0,1.0,46.5,46.5,33.5,,,4.0,13.75,13.75
F3FY,4.0,36.0,36.0,32.0,,,2,2.0,36.0,36.0,32.0,,,2.0,1.0,36.0,36.0,32.0,,,2.0,0.0,0.0
F3G1,4.0,47.5,47.5,33.0,,,4,2.0,47.5,47.5,33.0,,,4.0,1.0,47.5,47.5,33.0,,,4.0,0.0,0.0
F3G2,4.0,64.5,64.5,12.5,,,2,2.0,45.9,63.9,16.0,,,5.0,1.0,33.5,63.5,17.75,,,3.0,12.399999999999999,18.6
F3G2Q42H,4.0,52.5,83.5,14.75,,,3,2.0,64.5,64.5,12.5,,,2.0,1.0,33.5,63.5,17.75,,,3.0,31.0,-12.0
F3GS,4.0,0.0,0.0,99.0,,,4,2.0,0.0,0.0,99.0,,,4.0,1.0,0.0,0.0,99.0,,,4.0,0.0,0.0
F3GT,4.0,73.5,73.5,14.5,,,4,2.0,73.5,73.5,14.5,,,4.0,1.0,73.5,73.5,14.5,,,4.0,0.0,0.0
F3GTQ46Q,4.0,85.0,85.0,10.0,,,4,2.0,79.25,79.25,12.25,,,8.0,1.0,73.5,73.5,14.5,,,4.0,5.75,5.75
F3GU,4.0,0.0,0.0,97.0,,,4,2.0,0.0,0.0,97.0,,,4.0,1.0,0.0,0.0,97.0,,,4.0,0.0,0.0
F3GUQ49W,4.0,0.5,0.5,83.0,,,2,2.0,0.16666666666666666,0.16666666666666666,92.33333333333333,,,6.0,1.0,0.0,0.0,97.0,,,4.0,0.16666666666666666,0.33333333333333337
F3GV,4.0,54.0,54.0,22.0,,,2,2.0,54.0,54.0,22.0,,,2.0,1.0,54.0,54.0,22.0,,,2.0,0.0,0.0
F3GVQ49X,4.0,36.5,36.5,37.5,,,2,2.0,45.25,45.25,29.75,,,4.0,1.0,54.0,54.0,22.0,,,2.0,-8.75,-8.75
F3GW,4.0,27.0,26.5,33.833333333333336,,,4,2.0,27.0,26.5,33.833333333333336,,,4.0,1.0,27.0,26.5,33.833333333333336,,,4.0,0.0,0.0
F3GWB4CC,4.0,52.0,52.0,26.0,,,2,2.0,35.333333333333336,35.0,31.875,,,6.0,1.0,27.0,26.5,33.833333333333336,,,4.0,8.333333333333336,16.666666666666664
F3GWB4CCLA,4.0,,69.0,25.0,,,6,2.0,52.0,52.0,26.0,,,2.0,1.0,27.0,26.5,33.833333333333336,,,4.0,25.0,
F3GX,4.0,3.0,3.0,96.0,,,4,2.0,3.0,3.0,96.0,,,4.0,1.0,3.0,3.0,96.0,,,4.0,0.0,0.0
F3GZ,4.0,1.5,1.5,96.0,,,2,2.0,1.5,1.5,96.0,,,2.0,1.0,1.5,1.5,96.0,,,2.0,0.0,0.0
F3GZQ49Y,4.0,0.0,0.0,92.5,,,4,2.0,0.5,0.5,93.66666666666667,,,6.0,1.0,1.5,1.5,96.0,,,2.0,-1.0,-0.5
F3H1,4.0,58.5,69.5,14.5,,,6,2.0,58.5,69.5,14.5,,,6.0,1.0,58.5,69.5,14.5,,,6.0,0.0,0.0
F3H1Q48A,4.0,68.5,65.5,10.0,,,8,2.0,64.21428571428571,67.21428571428571,12.0,,,14.0,1.0,58.5,69.5,14.5,,,6.0,5.714285714285708,4.285714285714292
F3H1Q48AEE,4.0,,33.0,18.8,,,8,2.0,68.5,65.5,10.0,,,8.0,1.0,58.5,69.5,14.5,,,6.0,10.0,
F3H1Q48AEH,4.0,,66.5,17.0,,,2,2.0,68.5,65.5,10.0,,,8.0,1.0,58.5,69.5,14.5,,,6.0,10.0,
F3H2,4.0,25.5,36.0,33.5,,,4,2.0,25.5,36.0,33.5,,,4.0,1.0,25.5,36.0,33.5,,,4.0,0.0,0.0
F3HS,4.0,39.0,39.0,28.0,,,4,2.0,39.0,39.0,28.0,,,4.0,1.0,39.0,39.0,28.0,,,4.0,0.0,0.0
F3HU,4.0,3.0,3.0,91.0,,,4,2.0,3.0,3.0,91.0,,,4.0,1.0,3.0,3.0,91.0,,,4.0,0.0,0.0
F3HUQ49Z,4.0,3.0,3.0,77.0,,,2,2.0,3.0,3.0,86.33333333333333,,,6.0,1.0,3.0,3.0,91.0,,,4.0,0.0,0.0
F3HW,4.0,29.5,29.5,50.0,,,4,2.0,29.5,29.5,50.0,,,4.0,1.0,29.5,29.5,50.0,,,4.0,0.0,0.0
F3HWQ41P,4.0,40.0,63.0,14.5,,,3,2.0,34.0,43.857142857142854,32.25,,,7.0,1.0,29.5,29.5,50.0,,,4.0,4.5,6.0
F3HWQ42P,4.0,57.5,77.5,9.25,,,3,2.0,41.5,50.07142857142857,29.625,,,7.0,1.0,29.5,29.5,50.0,,,4.0,12.0,16.0
F3HX,4.0,5.0,5.0,92.5,,,2,2.0,5.0,5.0,92.5,,,2.0,1.0,5.0,5.0,92.5,,,2.0,0.0,0.0
F3HY,4.0,51.0,51.0,30.5,,,2,2.0,51.0,51.0,30.5,,,2.0,1.0,51.0,51.0,30.5,,,2.0,0.0,0.0
F3HZ,4.0,17.5,17.5,57.0,,,4,2.0,17.5,17.5,57.0,,,4.0,1.0,17.5,17.5,57.0,,,4.0,0.0,0.0
F3HZQ45B,4.0,26.0,29.5,20.2,,,7,2.0,22.90909090909091,25.136363636363637,30.714285714285715,,,11.0,1.0,17.5,17.5,57.0,,,4.0,5.40909090909091,3.09090909090909
F3J1,4.0,29.0,29.0,49.5,,,2,2.0,29.0,29.0,49.5,,,2.0,1.0,29.0,29.0,49.5,,,2.0,0.0,0.0
F3J1B4CA,4.0,47.0,52.0,17.75,,,6,2.0,42.5,46.25,24.1,,,8.0,1.0,29.0,29.0,49.5,,,2.0,13.5,4.5
F3J1B4CALA,4.0,62.5,65.0,21.642857142857142,,,10,2.0,47.0,52.0,17.75,,,6.0,1.0,29.0,29.0,49.5,,,2.0,18.0,15.5
F3JS,4.0,9.5,9.5,70.0,,,4,2.0,9.5,9.5,70.0,,,4.0,1.0,9.5,9.5,70.0,,,4.0,0.0,0.0
F3JT,4.0,71.5,71.5,15.0,,,4,2.0,71.5,71.5,15.0,,,4.0,1.0,71.5,71.5,15.0,,,4.0,0.0,0.0
F3JTQ51A,4.0,54.0,72.5,14.0,,,6,2.0,61.0,72.1,14.333333333333334,,,10.0,1.0,71.5,71.5,15.0,,,4.0,-10.5,-7.0
F3JU,4.0,59.5,59.5,26.5,,,2,2.0,59.5,59.5,26.5,,,2.0,1.0,59.5,59.5,26.5,,,2.0,0.0,0.0
F3JW,4.0,37.5,37.5,34.5,,,2,2.0,37.5,37.5,34.5,,,2.0,1.0,37.5,37.5,34.5,,,2.0,0.0,0.0
F3JX,4.0,56.0,57.5,20.166666666666668,,,5,2.0,50.166666666666664,63.625,18.571428571428573,,,12.0,1.0,46.0,68.0,17.375,,,7.0,4.166666666666664,5.833333333333336
F3JXQ4MF,4.0,64.0,64.0,24.5,,,2,2.0,56.0,57.5,20.166666666666668,,,5.0,1.0,46.0,68.0,17.375,,,7.0,10.0,8.0
F3JY,4.0,45.5,45.5,28.5,,,4,2.0,45.5,45.5,28.5,,,4.0,1.0,45.5,45.5,28.5,,,4.0,0.0,0.0
F3JYQ46E,4.0,58.5,58.5,18.5,,,4,2.0,52.0,52.0,23.5,,,8.0,1.0,45.5,45.5,28.5,,,4.0,6.5,6.5
F3JZ,4.0,44.0,52.0,23.333333333333332,,,4,2.0,44.0,52.0,23.333333333333332,,,4.0,1.0,44.0,52.0,23.333333333333332,,,4.0,0.0,0.0
F3K1,4.0,71.0,71.0,22.5,,,4,2.0,71.0,71.0,22.5,,,4.0,1.0,71.0,71.0,22.5,,,4.0,0.0,0.0
F3K2,4.0,58.5,58.5,28.5,,,2,2.0,58.5,58.5,28.5,,,2.0,1.0,58.5,58.5,28.5,,,2.0,0.0,0.0
F3KS,4.0,36.5,36.5,40.0,,,4,2.0,36.5,36.5,40.0,,,4.0,1.0,36.5,36.5,40.0,,,4.0,0.0,0.0
F3KSQ46M,4.0,22.0,22.0,55.5,,,2,2.0,31.666666666666668,31.666666666666668,45.166666666666664,,,6.0,1.0,36.5,36.5,40.0,,,4.0,-4.833333333333332,-9.666666666666668
F3KT,4.0,7.0,7.0,80.0,,,2,2.0,7.0,7.0,80.0,,,2.0,1.0,7.0,7.0,80.0,,,2.0,0.0,0.0
F3KTQ41A,4.0,7.0,7.0,54.5,,,4,2.0,7.0,7.0,63.0,,,6.0,1.0,7.0,7.0,80.0,,,2.0,0.0,0.0
F3KU,4.0,47.0,38.5,22.5,,,4,2.0,47.0,38.5,22.5,,,4.0,1.0,47.0,38.5,22.5,,,4.0,0.0,0.0
F3KV,4.0,48.5,48.5,30.5,,,4,2.0,48.5,48.5,30.5,,,4.0,1.0,48.5,48.5,30.5,,,4.0,0.0,0.0
F3KW,4.0,63.0,63.0,24.0,,,2,2.0,63.0,63.0,24.0,,,2.0,1.0,63.0,63.0,24.0,,,2.0,0.0,0.0
F3KWQ48T,4.0,70.5,70.5,10.5,,,2,2.0,66.75,66.75,17.25,,,4.0,1.0,63.0,63.0,24.0,,,2.0,3.75,3.75
F3KX,4.0,28.5,28.5,56.0,,,4,2.0,28.5,28.5,56.0,,,4.0,1.0,28.5,28.5,56.0,,,4.0,0.0,0.0
F3KXQ41B,4.0,0.5,0.5,85.0,,,2,2.0,19.166666666666668,19.166666666666668,65.66666666666667,,,6.0,1.0,28.5,28.5,56.0,,,4.0,-9.333333333333332,-18.666666666666668
F3KY,4.0,60.5,68.0,18.75,,,8,2.0,60.5,68.0,18.75,,,8.0,1.0,60.5,68.0,18.75,,,8.0,0.0,0.0
F3KZ,4.0,48.0,48.0,31.0,,,2,2.0,48.0,48.0,31.0,,,2.0,1.0,48.0,48.0,31.0,,,2.0,0.0,0.0
F3KZQ41C,4.0,55.0,55.0,17.5,,,2,2.0,51.5,51.5,24.25,,,4.0,1.0,48.0,48.0,31.0,,,2.0,3.5,3.5
F3L1,4.0,5.0,5.0,87.0,,,2,2.0,5.0,5.0,87.0,,,2.0,1.0,5.0,5.0,87.0,,,2.0,0.0,0.0
F3L2,4.0,30.5,30.5,46.0,,,4,2.0,30.5,30.5,46.0,,,4.0,1.0,30.5,30.5,46.0,,,4.0,0.0,0.0
F3LS,4.0,2.0,2.0,96.5,,,4,2.0,2.0,2.0,96.5,,,4.0,1.0,2.0,2.0,96.5,,,4.0,0.0,0.0
F3LSQ41D,4.0,2.5,2.5,91.5,,,4,2.0,2.25,2.25,94.0,,,8.0,1.0,2.0,2.0,96.5,,,4.0,0.25,0.25
F3LU,4.0,57.0,57.0,19.5,,,2,2.0,57.0,57.0,19.5,,,2.0,1.0,57.0,57.0,19.5,,,2.0,0.0,0.0
F3LX,4.0,19.5,40.5,23.0,,,3,2.0,19.5,40.5,23.0,,,3.0,1.0,19.5,40.5,23.0,,,3.0,0.0,0.0
F3LXQ46V,4.0,32.0,41.0,25.9375,,,11,2.0,29.321428571428573,40.892857142857146,25.35,,,14.0,1.0,19.5,40.5,23.0,,,3.0,9.821428571428573,2.678571428571427
F3LY,4.0,52.5,26.5,18.75,,,6,2.0,33.95,38.05,28.5,,,20.0,1.0,26.0,43.0,32.4,,,14.0,7.950000000000003,18.549999999999997
F3LYQ49Z,4.0,62.0,62.0,18.0,,,2,2.0,52.5,26.5,18.75,,,6.0,1.0,26.0,43.0,32.4,,,14.0,26.5,9.5
F3LZ,4.0,0.5,1.5,54.0,,,3,2.0,0.5,1.5,54.0,,,3.0,1.0,0.5,1.5,54.0,,,3.0,0.0,0.0
F3M1,4.0,49.5,49.5,32.0,,,4,2.0,49.5,49.5,32.0,,,4.0,1.0,49.5,49.5,32.0,,,4.0,0.0,0.0
F3M2,4.0,31.0,31.0,52.5,,,2,2.0,31.0,31.0,52.5,,,2.0,1.0,31.0,31.0,52.5,,,2.0,0.0,0.0
F3MS,4.0,53.0,53.0,19.5,,,4,2.0,53.0,53.0,19.5,,,4.0,1.0,53.0,53.0,19.5,,,4.0,0.0,0.0
F3MU,4.0,28.5,28.5,46.5,,,4,2.0,28.5,28.5,46.5,,,4.0,1.0,28.5,28.5,46.5,,,4.0,0.0,0.0
F3MUQ41E,4.0,20.5,20.5,44.0,,,4,2.0,24.5,24.5,45.25,,,8.0,1.0,28.5,28.5,46.5,,,4.0,-4.0,-4.0
F3MV,4.0,59.5,59.5,17.75,,,3,2.0,59.5,59.5,17.75,,,3.0,1.0,59.5,59.5,17.75,,,3.0,0.0,0.0
F3MW,4.0,42.5,42.5,25.5,,,4,2.0,42.5,42.5,25.5,,,4.0,1.0,42.5,42.5,25.5,,,4.0,0.0,0.0
F3MX,4.0,75.0,75.0,12.0,,,4,2.0,51.214285714285715,60.214285714285715,17.5,,,7.0,1.0,19.5,40.5,23.0,,,3.0,31.714285714285715,23.785714285714285
F3MXQ46W,4.0,30.5,42.5,24.0,,,11,2.0,75.0,75.0,12.0,,,4.0,1.0,19.5,40.5,23.0,,,3.0,55.5,-44.5
F3MZ,4.0,66.0,66.0,16.5,,,4,2.0,66.0,66.0,16.5,,,4.0,1.0,66.0,66.0,16.5,,,4.0,0.0,0.0
F3MZQ41F,4.0,63.0,63.0,15.5,,,4,2.0,64.5,64.5,16.0,,,8.0,1.0,66.0,66.0,16.5,,,4.0,-1.5,-1.5
F3N2,4.0,48.5,48.5,23.5,,,4,2.0,48.5,48.5,23.5,,,4.0,1.0,48.5,48.5,23.5,,,4.0,0.0,0.0
F3N2Q46K,4.0,69.0,69.0,12.5,,,2,2.0,55.333333333333336,55.333333333333336,19.833333333333332,,,6.0,1.0,48.5,48.5,23.5,,,4.0,6.833333333333336,13.666666666666664
F3NT,4.0,23.0,49.0,26.0,,,8,2.0,23.0,49.0,26.0,,,8.0,1.0,23.0,49.0,26.0,,,8.0,0.0,0.0
F3NU,4.0,59.0,59.0,29.5,,,2,2.0,59.0,59.0,29.5,,,2.0,1.0,59.0,59.0,29.5,,,2.0,0.0,0.0
F3NV,4.0,37.0,37.0,32.5,,,4,2.0,37.0,37.0,32.5,,,4.0,1.0,37.0,37.0,32.5,,,4.0,0.0,0.0
F3NW,4.0,4.0,53.0,42.5,,,5,2.0,4.0,53.0,42.5,,,5.0,1.0,4.0,53.0,42.5,,,5.0,0.0,0.0
F3NX,4.0,14.5,14.5,63.0,,,6,2.0,14.5,14.5,63.0,,,6.0,1.0,14.5,14.5,63.0,,,6.0,0.0,0.0
F3NY,4.0,33.5,70.0,26.2,,,13,2.0,33.5,70.0,26.2,,,13.0,1.0,33.5,70.0,26.2,,,13.0,0.0,0.0
F3NZ,4.0,73.5,73.5,20.0,,,4,2.0,73.5,73.5,20.0,,,4.0,1.0,73.5,73.5,20.0,,,4.0,0.0,0.0
F3NZQ41A,4.0,61.5,61.5,19.0,,,6,2.0,66.3,66.3,19.4,,,10.0,1.0,73.5,73.5,20.0,,,4.0,-7.200000000000003,-4.799999999999997
F3P1,4.0,69.5,69.5,18.5,,,2,2.0,69.5,69.5,18.5,,,2.0,1.0,69.5,69.5,18.5,,,2.0,0.0,0.0
F3P2,4.0,58.25,64.5,16.375,,,3,2.0,58.25,64.5,16.375,,,3.0,1.0,58.25,64.5,16.375,,,3.0,0.0,0.0
F3PS,4.0,40.0,76.5,12.666666666666666,,,8,2.0,40.0,76.5,12.666666666666666,,,8.0,1.0,40.0,76.5,12.666666666666666,,,8.0,0.0,0.0
F3PT,4.0,54.5,54.5,21.5,,,4,2.0,54.5,54.5,21.5,,,4.0,1.0,54.5,54.5,21.5,,,4.0,0.0,0.0
F3PTQ41G,4.0,65.0,65.0,14.0,,,4,2.0,59.75,59.75,17.75,,,8.0,1.0,54.5,54.5,21.5,,,4.0,5.25,5.25
F3PU,4.0,11.0,24.0,43.25,,,3,2.0,11.0,24.0,43.25,,,3.0,1.0,11.0,24.0,43.25,,,3.0,0.0,0.0
F3PV,4.0,42.0,42.0,37.0,,,2,2.0,42.0,42.0,37.0,,,2.0,1.0,42.0,42.0,37.0,,,2.0,0.0,0.0
F3PVQ46S,4.0,54.0,54.0,24.0,,,4,2.0,50.0,50.0,28.333333333333332,,,6.0,1.0,42.0,42.0,37.0,,,2.0,8.0,4.0
F3PW,4.0,18.0,56.0,23.0,,,6,2.0,18.0,56.0,23.0,,,6.0,1.0,18.0,56.0,23.0,,,6.0,0.0,0.0
F3PWQ48Z,4.0,46.5,46.5,28.5,,,4,2.0,29.4,52.2,24.833333333333332,,,10.0,1.0,18.0,56.0,23.0,,,6.0,11.399999999999999,17.1
F3PY,4.0,68.5,68.5,20.0,,,2,2.0,68.5,68.5,20.0,,,2.0,1.0,68.5,68.5,20.0,,,2.0,0.0,0.0
F3PZ,4.0,67.5,67.5,20.0,,,6,2.0,69.9,68.7,15.555555555555555,,,15.0,1.0,71.5,69.5,13.333333333333334,,,9.0,-1.5999999999999943,-2.4000000000000057
F3Q1,4.0,55.0,55.0,24.0,,,2,2.0,55.0,55.0,24.0,,,2.0,1.0,55.0,55.0,24.0,,,2.0,0.0,0.0
F3Q2,4.0,55.5,55.5,19.5,,,4,2.0,55.5,55.5,19.5,,,4.0,1.0,55.5,55.5,19.5,,,4.0,0.0,0.0
F3QS,4.0,71.5,69.5,13.333333333333334,,,9,2.0,71.5,69.5,13.333333333333334,,,9.0,1.0,71.5,69.5,13.333333333333334,,,9.0,0.0,0.0
F3QU,4.0,64.0,64.0,27.0,,,4,2.0,64.0,64.0,27.0,,,4.0,1.0,64.0,64.0,27.0,,,4.0,0.0,0.0
F3QUQ46G,4.0,73.0,73.0,14.0,,,2,2.0,67.0,67.0,22.666666666666668,,,6.0,1.0,64.0,64.0,27.0,,,4.0,3.0,6.0
F3QV,4.0,0.5,0.5,90.0,,,4,2.0,0.5,0.5,90.0,,,4.0,1.0,0.5,0.5,90.0,,,4.0,0.0,0.0
F3QW,4.0,22.0,22.0,49.5,,,2,2.0,22.0,22.0,49.5,,,2.0,1.0,22.0,22.0,49.5,,,2.0,0.0,0.0
F3QX,4.0,33.5,63.5,17.75,,,3,2.0,33.5,63.5,17.75,,,3.0,1.0,33.5,63.5,17.75,,,3.0,0.0,0.0
F3QXQ42T,4.0,46.0,46.0,28.0,,,2,2.0,38.5,56.5,21.166666666666668,,,5.0,1.0,33.5,63.5,17.75,,,3.0,5.0,7.5
F3QXQ42TEA,4.0,,60.0,20.0,,,4,2.0,46.0,46.0,28.0,,,2.0,1.0,33.5,63.5,17.75,,,3.0,12.5,
F3QXQ42TEB,4.0,,75.5,19.5,,,3,2.0,46.0,46.0,28.0,,,2.0,1.0,33.5,63.5,17.75,,,3.0,12.5,
F3QXQ42TEC,4.0,61.5,62.5,10.214285714285714,,,11,2.0,46.0,46.0,28.0,,,2.0,1.0,33.5,63.5,17.75,,,3.0,12.5,15.5
F3QY,4.0,48.5,48.5,24.5,,,4,2.0,48.5,48.5,24.5,,,4.0,1.0,48.5,48.5,24.5,,,4.0,0.0,0.0
F3R1,4.0,37.5,37.5,29.0,,,4,2.0,37.5,37.5,29.0,,,4.0,1.0,37.5,37.5,29.0,,,4.0,0.0,0.0
F3R1Q46D,4.0,37.5,37.5,35.5,,,4,2.0,37.5,37.5,32.25,,,8.0,1.0,37.5,37.5,29.0,,,4.0,0.0,0.0
F3R2,4.0,66.0,66.0,21.5,,,2,2.0,66.0,66.0,21.5,,,2.0,1.0,66.0,66.0,21.5,,,2.0,0.0,0.0
F3RT,4.0,8.5,8.5,69.0,,,4,2.0,8.5,8.5,69.0,,,4.0,1.0,8.5,8.5,69.0,,,4.0,0.0,0.0
F3RU,4.0,35.5,67.5,22.0,,,3,2.0,35.5,67.5,22.0,,,3.0,1.0,35.5,67.5,22.0,,,3.0,0.0,0.0
F3RW,4.0,64.0,64.0,21.5,,,4,2.0,64.0,64.0,21.5,,,4.0,1.0,64.0,64.0,21.5,,,4.0,0.0,0.0
F3RX,4.0,30.0,30.0,44.0,,,6,2.0,30.0,30.0,44.0,,,6.0,1.0,30.0,30.0,44.0,,,6.0,0.0,0.0
F3RXQ42A,4.0,29.5,20.5,25.75,,,8,2.0,29.714285714285715,24.571428571428573,31.833333333333332,,,14.0,1.0,30.0,30.0,44.0,,,6.0,-0.2857142857142847,-0.2142857142857153
F3RXQ46A,4.0,40.5,46.0,25.142857142857142,,,10,2.0,36.5625,40.0,30.8,,,16.0,1.0,30.0,30.0,44.0,,,6.0,6.5625,3.9375
F3RY,4.0,33.0,39.0,24.5,,,5,2.0,33.0,39.0,24.5,,,5.0,1.0,33.0,39.0,24.5,,,5.0,0.0,0.0
F3S2,4.0,58.5,58.5,23.0,,,2,2.0,58.5,58.5,23.0,,,2.0,1.0,58.5,58.5,23.0,,,2.0,0.0,0.0
F3SS,4.0,33.0,56.5,22.25,,,6,2.0,33.0,56.5,22.25,,,6.0,1.0,33.0,56.5,22.25,,,6.0,0.0,0.0
F3SSQ41Q,4.0,53.0,46.5,14.785714285714286,,,10,2.0,45.5,50.25,17.5,,,16.0,1.0,33.0,56.5,22.25,,,6.0,12.5,7.5
F3SU,4.0,50.5,72.0,13.5,,,6,2.0,50.5,72.0,13.5,,,6.0,1.0,50.5,72.0,13.5,,,6.0,0.0,0.0
F3SUQ46U,4.0,77.0,77.0,15.0,,,2,2.0,57.125,73.25,13.8,,,8.0,1.0,50.5,72.0,13.5,,,6.0,6.625,19.875
F3SV,4.0,15.5,30.5,25.0,,,6,2.0,15.5,30.5,25.0,,,6.0,1.0,15.5,30.5,25.0,,,6.0,0.0,0.0
F3SW,4.0,65.5,65.5,20.5,,,4,2.0,65.5,65.5,20.5,,,4.0,1.0,65.5,65.5,20.5,,,4.0,0.0,0.0
F3SY,4.0,1.0,1.0,97.5,,,6,2.0,1.0,1.0,97.5,,,6.0,1.0,1.0,1.0,97.5,,,6.0,0.0,0.0
F3SZ,4.0,29.0,29.0,48.5,,,2,2.0,29.0,29.0,48.5,,,2.0,1.0,29.0,29.0,48.5,,,2.0,0.0,0.0
F3T1,4.0,50.5,50.5,27.5,,,2,2.0,50.5,50.5,27.5,,,2.0,1.0,50.5,50.5,27.5,,,2.0,0.0,0.0
F3T2,4.0,65.0,65.0,23.0,,,4,2.0,65.0,65.0,23.0,,,4.0,1.0,65.0,65.0,23.0,,,4.0,0.0,0.0
F3T2Q41R,4.0,51.5,55.5,11.833333333333334,,,9,2.0,55.65384615384615,58.42307692307692,14.625,,,13.0,1.0,65.0,65.0,23.0,,,4.0,-9.346153846153847,-4.153846153846153
F3TT,4.0,22.0,67.0,23.8,,,7,2.0,22.0,67.0,23.8,,,7.0,1.0,22.0,67.0,23.8,,,7.0,0.0,0.0
F3TTQ4JK,4.0,68.0,68.0,15.0,,,4,2.0,38.72727272727273,67.36363636363636,21.285714285714285,,,11.0,1.0,22.0,67.0,23.8,,,7.0,16.727272727272727,29.272727272727273
F3TTQ4MG,4.0,75.5,75.5,11.5,,,2,2.0,33.888888888888886,68.88888888888889,21.75,,,9.0,1.0,22.0,67.0,23.8,,,7.0,11.888888888888886,41.611111111111114
F3TU,4.0,43.5,51.5,20.75,,,12,2.0,43.5,51.5,20.75,,,12.0,1.0,43.5,51.5,20.75,,,12.0,0.0,0.0
F3TUQ41S,4.0,32.5,50.5,25.666666666666668,,,8,2.0,39.1,51.1,22.857142857142858,,,20.0,1.0,43.5,51.5,20.75,,,12.0,-4.399999999999999,-6.600000000000001
F3TV,4.0,49.0,49.0,28.5,,,2,2.0,49.0,49.0,28.5,,,2.0,1.0,49.0,49.0,28.5,,,2.0,0.0,0.0
F3TW,4.0,62.0,62.0,27.0,,,2,2.0,62.0,62.0,27.0,,,2.0,1.0,62.0,62.0,27.0,,,2.0,0.0,0.0
F3TWQ4MH,4.0,67.5,67.5,15.5,,,4,2.0,65.66666666666667,65.66666666666667,19.333333333333332,,,6.0,1.0,62.0,62.0,27.0,,,2.0,3.6666666666666714,1.8333333333333286
F3TWQ4MHEB,4.0,59.0,59.0,23.166666666666668,,,6,2.0,67.5,67.5,15.5,,,4.0,1.0,62.0,62.0,27.0,,,2.0,5.5,-8.5
F3TX,4.0,71.0,71.0,19.5,,,4,2.0,71.0,71.0,19.5,,,4.0,1.0,71.0,71.0,19.5,,,4.0,0.0,0.0
F3TXQ46J,4.0,65.0,65.0,20.0,,,4,2.0,68.0,68.0,19.75,,,8.0,1.0,71.0,71.0,19.5,,,4.0,-3.0,-3.0
F3TY,4.0,5.5,5.5,83.0,,,4,2.0,5.5,5.5,83.0,,,4.0,1.0,5.5,5.5,83.0,,,4.0,0.0,0.0
F3TZ,4.0,3.0,3.0,90.0,,,2,2.0,3.0,3.0,90.0,,,2.0,1.0,3.0,3.0,90.0,,,2.0,0.0,0.0
F3U1,4.0,23.0,23.0,37.0,,,2,2.0,23.0,23.0,37.0,,,2.0,1.0,23.0,23.0,37.0,,,2.0,0.0,0.0
F3U2,4.0,33.5,50.5,27.166666666666668,,,8,2.0,33.5,50.5,27.166666666666668,,,8.0,1.0,33.5,50.5,27.166666666666668,,,8.0,0.0,0.0
F3US,4.0,68.0,68.0,16.0,,,4,2.0,68.0,68.0,16.0,,,4.0,1.0,68.0,68.0,16.0,,,4.0,0.0,0.0
F3UT,4.0,56.0,56.0,35.0,,,2,2.0,56.0,56.0,35.0,,,2.0,1.0,56.0,56.0,35.0,,,2.0,0.0,0.0
F3UU,4.0,65.5,65.5,20.125,,,10,2.0,65.5,65.5,20.125,,,10.0,1.0,65.5,65.5,20.125,,,10.0,0.0,0.0
F3UV,4.0,34.0,34.0,39.0,,,2,2.0,34.0,34.0,39.0,,,2.0,1.0,34.0,34.0,39.0,,,2.0,0.0,0.0
F3UW,4.0,48.0,48.0,24.5,,,4,2.0,48.0,48.0,24.5,,,4.0,1.0,48.0,48.0,24.5,,,4.0,0.0,0.0
F3UX,4.0,2.0,2.0,94.0,,,2,2.0,2.0,2.0,94.0,,,2.0,1.0,2.0,2.0,94.0,,,2.0,0.0,0.0
F3UY,4.0,79.0,79.0,16.5,,,2,2.0,79.0,79.0,16.5,,,2.0,1.0,79.0,79.0,16.5,,,2.0,0.0,0.0
F3UYQ47B,4.0,76.5,80.5,10.5,,,6,2.0,77.125,80.125,12.0,,,8.0,1.0,79.0,79.0,16.5,,,2.0,-1.875,-0.625
F3UZ,4.0,83.0,83.0,5.0,,,2,2.0,53.3,71.3,13.5,,,5.0,1.0,33.5,63.5,17.75,,,3.0,19.799999999999997,29.700000000000003
F3UZQ43B,4.0,80.5,78.0,3.1666666666666665,,,5,2.0,83.0,83.0,5.0,,,2.0,1.0,33.5,63.5,17.75,,,3.0,49.5,-2.5
F3V1,4.0,13.0,16.5,41.0,,,4,2.0,13.0,16.5,41.0,,,4.0,1.0,13.0,16.5,41.0,,,4.0,0.0,0.0
F3V2,4.0,26.5,26.5,41.0,,,4,2.0,26.5,26.5,41.0,,,4.0,1.0,26.5,26.5,41.0,,,4.0,0.0,0.0
F3V2Q48S,4.0,37.5,37.5,53.0,,,4,2.0,32.0,32.0,47.0,,,8.0,1.0,26.5,26.5,41.0,,,4.0,5.5,5.5
F3VS,4.0,39.5,39.5,31.0,,,4,2.0,39.5,39.5,31.0,,,4.0,1.0,39.5,39.5,31.0,,,4.0,0.0,0.0
F3VT,4.0,53.0,53.0,27.5,,,2,2.0,53.0,53.0,27.5,,,2.0,1.0,53.0,53.0,27.5,,,2.0,0.0,0.0
F3VW,4.0,44.0,44.0,37.0,,,2,2.0,44.0,44.0,37.0,,,2.0,1.0,44.0,44.0,37.0,,,2.0,0.0,0.0
F3VWQ41H,4.0,41.5,41.5,28.0,,,2,2.0,42.75,42.75,32.5,,,4.0,1.0,44.0,44.0,37.0,,,2.0,-1.25,-1.25
F3VZ,4.0,39.5,39.5,28.5,,,4,2.0,39.5,39.5,28.5,,,4.0,1.0,39.5,39.5,28.5,,,4.0,0.0,0.0
F3W1,4.0,60.5,60.5,26.0,,,2,2.0,60.5,60.5,26.0,,,2.0,1.0,60.5,60.5,26.0,,,2.0,0.0,0.0
F3W2,4.0,42.0,19.0,24.25,,,3,2.0,42.0,19.0,24.25,,,3.0,1.0,42.0,19.0,24.25,,,3.0,0.0,0.0
F3W2Q44B,4.0,47.5,53.5,29.625,,,5,2.0,45.4375,40.5625,27.833333333333332,,,8.0,1.0,42.0,19.0,24.25,,,3.0,3.4375,2.0625
F3W2Q44C,4.0,39.5,54.5,18.75,,,6,2.0,40.333333333333336,42.666666666666664,20.583333333333332,,,9.0,1.0,42.0,19.0,24.25,,,3.0,-1.6666666666666643,-0.8333333333333357
F3WS,4.0,33.5,33.5,34.5,,,4,2.0,33.5,33.5,34.5,,,4.0,1.0,33.5,33.5,34.5,,,4.0,0.0,0.0
F3WT,4.0,57.0,57.0,26.0,,,2,2.0,57.0,57.0,26.0,,,2.0,1.0,57.0,57.0,26.0,,,2.0,0.0,0.0
F3WTQ41J,4.0,35.0,35.0,33.0,,,4,2.0,42.333333333333336,42.333333333333336,30.666666666666668,,,6.0,1.0,57.0,57.0,26.0,,,2.0,-14.666666666666664,-7.333333333333336
F3WU,4.0,40.5,40.5,41.5,,,4,2.0,40.5,40.5,41.5,,,4.0,1.0,40.5,40.5,41.5,,,4.0,0.0,0.0
F3WUQ41K,4.0,44.5,44.5,16.5,,,2,2.0,41.833333333333336,41.833333333333336,33.166666666666664,,,6.0,1.0,40.5,40.5,41.5,,,4.0,1.3333333333333357,2.6666666666666643
F3WV,4.0,59.5,59.5,28.0,,,4,2.0,59.5,59.5,28.0,,,4.0,1.0,59.5,59.5,28.0,,,4.0,0.0,0.0
F3WW,4.0,0.0,0.0,95.5,,,4,2.0,0.0,0.0,95.5,,,4.0,1.0,0.0,0.0,95.5,,,4.0,0.0,0.0
F3WX,4.0,64.0,64.0,20.5,,,6,2.0,64.0,64.0,20.5,,,6.0,1.0,64.0,64.0,20.5,,,6.0,0.0,0.0
F3WXQ48A,4.0,55.5,61.0,11.416666666666666,,,9,2.0,58.9,62.2,14.444444444444445,,,15.0,1.0,64.0,64.0,20.5,,,6.0,-5.100000000000001,-3.3999999999999986
F3WZ,4.0,57.0,57.0,21.0,,,4,2.0,57.0,57.0,21.0,,,4.0,1.0,57.0,57.0,21.0,,,4.0,0.0,0.0
F3WZQ46B,4.0,68.5,68.5,15.875,,,5,2.0,63.388888888888886,63.388888888888886,17.583333333333332,,,9.0,1.0,57.0,57.0,21.0,,,4.0,6.388888888888886,5.111111111111114
F3X1,4.0,39.5,39.5,36.0,,,4,2.0,39.5,39.5,36.0,,,4.0,1.0,39.5,39.5,36.0,,,4.0,0.0,0.0
F3X1Q41L,4.0,74.0,74.0,12.0,,,2,2.0,51.0,51.0,28.0,,,6.0,1.0,39.5,39.5,36.0,,,4.0,11.5,23.0
F3X2,4.0,45.0,58.5,27.5,,,10,2.0,45.0,58.5,27.5,,,10.0,1.0,45.0,58.5,27.5,,,10.0,0.0,0.0
F3XS,4.0,1.0,1.0,96.5,,,4,2.0,1.0,1.0,96.5,,,4.0,1.0,1.0,1.0,96.5,,,4.0,0.0,0.0
F3XSQ41M,4.0,0.0,0.0,81.0,,,2,2.0,0.6666666666666666,0.6666666666666666,91.33333333333333,,,6.0,1.0,1.0,1.0,96.5,,,4.0,-0.33333333333333337,-0.6666666666666666
F3XT,4.0,38.5,64.0,24.5,,,4,2.0,38.5,64.0,24.5,,,4.0,1.0,38.5,64.0,24.5,,,4.0,0.0,0.0
F3XU,4.0,47.0,47.0,17.0,,,6,2.0,47.0,47.0,17.0,,,6.0,1.0,47.0,47.0,17.0,,,6.0,0.0,0.0
F3XUQ41T,4.0,50.0,53.5,21.0,,,11,2.0,48.94117647058823,51.205882352941174,19.666666666666668,,,17.0,1.0,47.0,47.0,17.0,,,6.0,1.941176470588232,1.058823529411768
F3XV,4.0,47.5,47.5,33.5,,,2,2.0,47.5,47.5,33.5,,,2.0,1.0,47.5,47.5,33.5,,,2.0,0.0,0.0
F3XW,4.0,63.0,67.5,14.142857142857142,,,19,2.0,63.0,67.5,14.142857142857142,,,19.0,1.0,63.0,67.5,14.142857142857142,,,19.0,0.0,0.0
F3XX,4.0,19.5,57.0,29.75,,,5,2.0,28.115384615384617,53.0,28.2,,,13.0,1.0,33.5,50.5,27.166666666666668,,,8.0,-5.384615384615383,-8.615384615384617
F3XY,4.0,65.0,65.0,20.0,,,2,2.0,65.0,65.0,20.0,,,2.0,1.0,65.0,65.0,20.0,,,2.0,0.0,0.0
F3XZ,4.0,45.5,45.5,26.0,,,10,2.0,45.5,45.5,26.0,,,10.0,1.0,45.5,45.5,26.0,,,10.0,0.0,0.0
F3Y1,4.0,44.5,44.5,39.0,,,2,2.0,44.5,44.5,39.0,,,2.0,1.0,44.5,44.5,39.0,,,2.0,0.0,0.0
F3Y2,4.0,56.0,61.5,21.7,,,13,2.0,56.0,61.5,21.7,,,13.0,1.0,56.0,61.5,21.7,,,13.0,0.0,0.0
F3Y2Q43X,4.0,50.0,50.0,33.5,,,2,2.0,55.2,59.96666666666667,22.772727272727273,,,15.0,1.0,56.0,61.5,21.7,,,13.0,-0.7999999999999972,-5.200000000000003
F3Y2Q43XEA,4.0,44.0,28.0,39.166666666666664,,,10,2.0,50.0,50.0,33.5,,,2.0,1.0,56.0,61.5,21.7,,,13.0,-6.0,-6.0
F3YS,4.0,60.5,60.5,26.0,,,4,2.0,60.5,60.5,26.0,,,4.0,1.0,60.5,60.5,26.0,,,4.0,0.0,0.0
F3YSQ49A,4.0,52.0,50.5,15.722222222222221,,,14,2.0,53.888888888888886,52.72222222222222,17.59090909090909,,,18.0,1.0,60.5,60.5,26.0,,,4.0,-6.611111111111114,-1.8888888888888857
F3YT,4.0,69.5,69.5,19.5,,,2,2.0,69.5,69.5,19.5,,,2.0,1.0,69.5,69.5,19.5,,,2.0,0.0,0.0
F3YTQ41N,4.0,55.5,55.5,15.5,,,4,2.0,60.166666666666664,60.166666666666664,16.833333333333332,,,6.0,1.0,69.5,69.5,19.5,,,2.0,-9.333333333333336,-4.666666666666664
F3YU,4.0,36.0,36.0,33.5,,,2,2.0,36.0,36.0,33.5,,,2.0,1.0,36.0,36.0,33.5,,,2.0,0.0,0.0
F3YV,4.0,72.0,72.0,17.5,,,4,2.0,72.0,72.0,17.5,,,4.0,1.0,72.0,72.0,17.5,,,4.0,0.0,0.0
F3YW,4.0,57.0,57.0,18.0,,,2,2.0,57.0,57.0,18.0,,,2.0,1.0,57.0,57.0,18.0,,,2.0,0.0,0.0
F3YX,4.0,6.0,8.0,48.0,,,4,2.0,4.888888888888889,33.0,44.857142857142854,,,9.0,1.0,4.0,53.0,42.5,,,5.0,0.8888888888888893,1.1111111111111107
F3YY,4.0,40.0,40.0,39.5,,,4,2.0,40.0,40.0,39.5,,,4.0,1.0,40.0,40.0,39.5,,,4.0,0.0,0.0
F3YZ,4.0,0.0,0.0,99.0,,,4,2.0,0.0,0.0,99.0,,,4.0,1.0,0.0,0.0,99.0,,,4.0,0.0,0.0
F3Z1,4.0,1.5,1.5,95.0,,,6,2.0,1.5,1.5,95.0,,,6.0,1.0,1.5,1.5,95.0,,,6.0,0.0,0.0
F3Z2,4.0,15.0,15.0,67.5,,,4,2.0,15.0,15.0,67.5,,,4.0,1.0,15.0,15.0,67.5,,,4.0,0.0,0.0
F3Z2Q46B,4.0,23.0,23.0,69.5,,,4,2.0,19.0,19.0,68.5,,,8.0,1.0,15.0,15.0,67.5,,,4.0,4.0,4.0
F3ZT,4.0,24.5,24.5,49.0,,,4,2.0,24.5,24.5,49.0,,,4.0,1.0,24.5,24.5,49.0,,,4.0,0.0,0.0
F3ZU,4.0,38.5,38.5,30.5,,,2,2.0,38.5,38.5,30.5,,,2.0,1.0,38.5,38.5,30.5,,,2.0,0.0,0.0
F3ZV,4.0,41.0,41.0,22.5,,,6,2.0,41.0,41.0,22.5,,,6.0,1.0,41.0,41.0,22.5,,,6.0,0.0,0.0
F3ZVQ41U,4.0,42.5,26.0,20.5,,,11,2.0,41.970588235294116,31.294117647058822,21.166666666666668,,,17.0,1.0,41.0,41.0,22.5,,,6.0,0.970588235294116,0.529411764705884
F3ZW,4.0,19.0,19.0,28.0,,,3,2.0,19.0,19.0,28.0,,,3.0,1.0,19.0,19.0,28.0,,,3.0,0.0,0.0
F3ZWQ41V,4.0,25.0,50.5,17.5,,,6,2.0,23.0,40.0,21.0,,,9.0,1.0,19.0,19.0,28.0,,,3.0,4.0,2.0
F3ZX,4.0,35.5,82.0,12.113333333333335,,,16,2.0,35.5,82.0,12.113333333333335,,,16.0,1.0,35.5,82.0,12.113333333333335,,,16.0,0.0,0.0
F3ZY,4.0,50.0,50.0,21.333333333333332,,,8,2.0,50.0,50.0,21.333333333333332,,,8.0,1.0,50.0,50.0,21.333333333333332,,,8.0,0.0,0.0
F3ZYQ44A,4.0,67.5,62.0,17.416666666666668,,,11,2.0,60.13157894736842,56.94736842105263,19.375,,,19.0,1.0,50.0,50.0,21.333333333333332,,,8.0,10.131578947368418,7.368421052631582
F3ZZ,4.0,51.0,51.0,24.5,,,4,2.0,51.0,51.0,24.5,,,4.0,1.0,51.0,51.0,24.5,,,4.0,0.0,0.0
F41A,4.0,20.5,20.5,52.0,,,2,2.0,20.5,20.5,52.0,,,2.0,1.0,20.5,20.5,52.0,,,2.0,0.0,0.0
F42A,4.0,52.0,52.0,26.0,,,4,2.0,52.0,52.0,26.0,,,4.0,1.0,52.0,52.0,26.0,,,4.0,0.0,0.0
F42AQ52A,4.0,69.5,69.5,11.5,,,4,2.0,60.75,60.75,18.75,,,8.0,1.0,52.0,52.0,26.0,,,4.0,8.75,8.75
F42AQ52AEA,4.0,77.5,86.5,7.833333333333333,,,5,2.0,69.5,69.5,11.5,,,4.0,1.0,52.0,52.0,26.0,,,4.0,17.5,8.0
F42J,4.0,42.5,42.5,34.5,,,2,2.0,42.5,42.5,34.5,,,2.0,1.0,42.5,42.5,34.5,,,2.0,0.0,0.0
F44D,4.0,67.5,67.5,23.5,,,4,2.0,67.5,67.5,23.5,,,4.0,1.0,67.5,67.5,23.5,,,4.0,0.0,0.0
F44J,4.0,15.5,15.5,55.5,,,2,2.0,15.5,15.5,55.5,,,2.0,1.0,15.5,15.5,55.5,,,2.0,0.0,0.0
F44JQ54J,4.0,53.5,79.5,8.25,,,3,2.0,38.3,53.9,24.0,,,5.0,1.0,15.5,15.5,55.5,,,2.0,22.799999999999997,15.200000000000003
F45C,4.0,20.0,20.0,52.5,,,4,2.0,20.0,20.0,52.5,,,4.0,1.0,20.0,20.0,52.5,,,4.0,0.0,0.0
F45H,4.0,56.0,56.0,18.0,,,2,2.0,56.0,56.0,18.0,,,2.0,1.0,56.0,56.0,18.0,,,2.0,0.0,0.0
F46C,4.0,29.0,29.0,49.5,,,4,2.0,29.0,29.0,49.5,,,4.0,1.0,29.0,29.0,49.5,,,4.0,0.0,0.0
F47K,4.0,76.0,76.0,6.5,,,2,2.0,76.0,76.0,6.5,,,2.0,1.0,76.0,76.0,6.5,,,2.0,0.0,0.0
F47KQ53D,4.0,81.0,82.0,6.166666666666667,,,5,2.0,79.57142857142857,80.28571428571429,6.25,,,7.0,1.0,76.0,76.0,6.5,,,2.0,3.5714285714285694,1.4285714285714306
F47KQ53DEA,4.0,,64.5,14.5,,,4,2.0,81.0,82.0,6.166666666666667,,,5.0,1.0,76.0,76.0,6.5,,,2.0,5.0,
F47KQ53DEB,4.0,,81.5,11.0,,,4,2.0,81.0,82.0,6.166666666666667,,,5.0,1.0,76.0,76.0,6.5,,,2.0,5.0,
F47KQ53DEC,4.0,,76.5,15.0,,,2,2.0,81.0,82.0,6.166666666666667,,,5.0,1.0,76.0,76.0,6.5,,,2.0,5.0,
F49E,4.0,72.0,72.0,19.0,,,2,2.0,72.0,72.0,19.0,,,2.0,1.0,72.0,72.0,19.0,,,2.0,0.0,0.0
F49EQ59E,4.0,62.0,62.0,19.5,,,2,2.0,67.0,67.0,19.25,,,4.0,1.0,72.0,72.0,19.0,,,2.0,-5.0,-5.0
F49K,4.0,10.0,10.0,62.0,,,4,2.0,10.0,10.0,62.0,,,4.0,1.0,10.0,10.0,62.0,,,4.0,0.0,0.0
F4BA,4.0,25.0,54.5,29.75,,,6,2.0,25.0,54.5,29.75,,,6.0,1.0,25.0,54.5,29.75,,,6.0,0.0,0.0
F4BAQ5BA,4.0,29.0,29.0,51.0,,,4,2.0,26.6,44.3,36.833333333333336,,,10.0,1.0,25.0,54.5,29.75,,,6.0,1.6000000000000014,2.3999999999999986
F4BAQ5BAEA,4.0,38.0,31.0,7.25,,,6,2.0,29.0,29.0,51.0,,,4.0,1.0,25.0,54.5,29.75,,,6.0,4.0,9.0
F4CG,4.0,44.5,44.5,33.0,,,2,2.0,44.5,44.5,33.0,,,2.0,1.0,44.5,44.5,33.0,,,2.0,0.0,0.0
F4CGQ5CG,4.0,24.5,26.5,27.0,,,6,2.0,29.5,31.0,28.2,,,8.0,1.0,44.5,44.5,33.0,,,2.0,-15.0,-5.0
F4FF,4.0,30.5,30.5,42.5,,,4,2.0,30.5,30.5,42.5,,,4.0,1.0,30.5,30.5,42.5,,,4.0,0.0,0.0
F4FFQ5FF,4.0,46.5,54.0,18.75,,,3,2.0,37.357142857142854,40.57142857142857,30.625,,,7.0,1.0,30.5,30.5,42.5,,,4.0,6.857142857142854,9.142857142857146
F4GE,4.0,38.5,38.5,36.5,,,2,2.0,38.5,38.5,36.5,,,2.0,1.0,38.5,38.5,36.5,,,2.0,0.0,0.0
F4HH,4.0,38.0,38.0,28.0,,,2,2.0,38.0,38.0,28.0,,,2.0,1.0,38.0,38.0,28.0,,,2.0,0.0,0.0
F4KK,4.0,88.0,88.0,9.5,,,4,2.0,88.0,88.0,9.5,,,4.0,1.0,88.0,88.0,9.5,,,4.0,0.0,0.0
F4LC,4.0,32.0,32.0,53.5,,,2,2.0,32.0,32.0,53.5,,,2.0,1.0,32.0,32.0,53.5,,,2.0,0.0,0.0
F4LCQ5LC,4.0,39.5,58.5,19.5,,,3,2.0,36.5,47.9,30.833333333333332,,,5.0,1.0,32.0,32.0,53.5,,,2.0,4.5,3.0
F4LF,4.0,18.0,18.0,47.5,,,2,2.0,18.0,18.0,47.5,,,2.0,1.0,18.0,18.0,47.5,,,2.0,0.0,0.0
F4LFQ5LF,4.0,63.0,63.0,18.0,,,2,2.0,40.5,40.5,32.75,,,4.0,1.0,18.0,18.0,47.5,,,2.0,22.5,22.5
F4NH,4.0,73.0,73.0,17.0,,,2,2.0,73.0,73.0,17.0,,,2.0,1.0,73.0,73.0,17.0,,,2.0,0.0,0.0
F4NHQ5NH,4.0,75.5,75.5,11.0,,,2,2.0,74.25,74.25,14.0,,,4.0,1.0,73.0,73.0,17.0,,,2.0,1.25,1.25
F4RD,4.0,30.0,30.0,38.0,,,4,2.0,30.0,30.0,38.0,,,4.0,1.0,30.0,30.0,38.0,,,4.0,0.0,0.0
F4RDQ52C,4.0,37.0,52.0,19.5,,,6,2.0,34.2,43.2,25.666666666666668,,,10.0,1.0,30.0,30.0,38.0,,,4.0,4.200000000000003,2.799999999999997
F4RE,4.0,49.5,49.5,25.0,,,2,2.0,49.5,49.5,25.0,,,2.0,1.0,49.5,49.5,25.0,,,2.0,0.0,0.0
F4RM,4.0,59.0,59.0,27.5,,,4,2.0,55.5,55.5,26.75,,,8.0,1.0,52.0,52.0,26.0,,,4.0,3.5,3.5
F4RMQ5RM,4.0,47.0,58.0,16.083333333333332,,,9,2.0,59.0,59.0,27.5,,,4.0,1.0,52.0,52.0,26.0,,,4.0,7.0,-12.0
F4SK,4.0,13.5,68.0,19.5,,,6,2.0,13.5,68.0,19.5,,,6.0,1.0,13.5,68.0,19.5,,,6.0,0.0,0.0
F4TH,4.0,22.5,22.5,44.0,,,4,2.0,22.5,22.5,44.0,,,4.0,1.0,22.5,22.5,44.0,,,4.0,0.0,0.0
F4THQ5TH,4.0,25.0,35.0,22.0,,,6,2.0,24.0,30.0,29.333333333333332,,,10.0,1.0,22.5,22.5,44.0,,,4.0,1.5,1.0
F4UH,4.0,53.0,53.0,31.5,,,4,2.0,53.0,53.0,31.5,,,4.0,1.0,53.0,53.0,31.5,,,4.0,0.0,0.0
F4VB,4.0,81.0,81.0,13.5,,,4,2.0,81.0,81.0,13.5,,,4.0,1.0,81.0,81.0,13.5,,,4.0,0.0,0.0
F4WC,4.0,2.5,40.5,32.375,,,6,2.0,2.5,40.5,32.375,,,6.0,1.0,2.5,40.5,32.375,,,6.0,0.0,0.0
F4WG,4.0,45.5,45.5,33.5,,,4,2.0,45.5,45.5,33.5,,,4.0,1.0,45.5,45.5,33.5,,,4.0,0.0,0.0
F4WGQ5WG,4.0,55.5,76.0,9.0,,,3,2.0,49.785714285714285,58.57142857142857,21.25,,,7.0,1.0,45.5,45.5,33.5,,,4.0,4.285714285714285,5.714285714285715
F4WK,4.0,65.5,65.5,20.5,,,4,2.0,65.5,65.5,20.5,,,4.0,1.0,65.5,65.5,20.5,,,4.0,0.0,0.0
F4XB,4.0,47.5,67.5,18.45,,,15,2.0,47.5,67.5,18.45,,,15.0,1.0,47.5,67.5,18.45,,,15.0,0.0,0.0
F4XC,4.0,53.5,53.5,22.5,,,4,2.0,53.5,53.5,22.5,,,4.0,1.0,53.5,53.5,22.5,,,4.0,0.0,0.0
F4XCQ5XC,4.0,48.5,63.5,15.0,,,3,2.0,51.357142857142854,57.785714285714285,18.75,,,7.0,1.0,53.5,53.5,22.5,,,4.0,-2.142857142857146,-2.857142857142854
F5BF,4.0,66.5,66.5,18.0,,,4,2.0,66.5,66.5,18.0,,,4.0,1.0,66.5,66.5,18.0,,,4.0,0.0,0.0
F5BG,4.0,76.5,76.5,15.0,,,2,2.0,76.5,76.5,15.0,,,2.0,1.0,76.5,76.5,15.0,,,2.0,0.0,0.0
F5BGQ68E,4.0,68.5,68.5,13.5,,,2,2.0,72.5,72.5,14.25,,,4.0,1.0,76.5,76.5,15.0,,,2.0,-4.0,-4.0
F5BH,4.0,49.5,45.0,19.5,,,6,2.0,49.5,45.0,19.5,,,6.0,1.0,49.5,45.0,19.5,,,6.0,0.0,0.0
F5BJ,4.0,41.5,50.5,21.0,,,3,2.0,41.5,50.5,21.0,,,3.0,1.0,41.5,50.5,21.0,,,3.0,0.0,0.0
F5BK,4.0,55.0,61.0,16.5,,,6,2.0,55.0,61.0,16.5,,,6.0,1.0,55.0,61.0,16.5,,,6.0,0.0,0.0
F5BL,4.0,70.5,70.5,18.5,,,2,2.0,70.5,70.5,18.5,,,2.0,1.0,70.5,70.5,18.5,,,2.0,0.0,0.0
F5BM,4.0,30.0,30.0,41.5,,,2,2.0,30.0,30.0,41.5,,,2.0,1.0,30.0,30.0,41.5,,,2.0,0.0,0.0
F5BQ,4.0,67.5,67.5,20.5,,,4,2.0,67.5,67.5,20.5,,,4.0,1.0,67.5,67.5,20.5,,,4.0,0.0,0.0
F5BQQ68D,4.0,63.0,63.0,22.5,,,6,2.0,64.8,64.8,21.7,,,10.0,1.0,67.5,67.5,20.5,,,4.0,-2.700000000000003,-1.7999999999999972
F5BR,4.0,67.0,67.0,27.0,,,4,2.0,67.0,67.0,27.0,,,4.0,1.0,67.0,67.0,27.0,,,4.0,0.0,0.0
F5BRQ68B,4.0,44.5,49.0,22.0,,,6,2.0,53.5,56.2,23.666666666666668,,,10.0,1.0,67.0,67.0,27.0,,,4.0,-13.5,-9.0
F5BS,4.0,71.0,71.0,14.5,,,4,2.0,71.0,71.0,14.5,,,4.0,1.0,71.0,71.0,14.5,,,4.0,0.0,0.0
F5BSQ63U,4.0,73.0,73.0,14.5,,,4,2.0,72.0,72.0,14.5,,,8.0,1.0,71.0,71.0,14.5,,,4.0,1.0,1.0
F5BT,4.0,48.5,60.5,17.5,,,3,2.0,48.5,60.5,17.5,,,3.0,1.0,48.5,60.5,17.5,,,3.0,0.0,0.0
F5BTQ68J,4.0,60.5,60.5,18.5,,,6,2.0,56.5,60.5,18.1,,,9.0,1.0,48.5,60.5,17.5,,,3.0,8.0,4.0
F5BU,4.0,71.5,71.5,21.0,,,4,2.0,71.5,71.5,21.0,,,4.0,1.0,71.5,71.5,21.0,,,4.0,0.0,0.0
F5BV,4.0,81.5,81.5,10.5,,,4,2.0,81.5,81.5,10.5,,,4.0,1.0,81.5,81.5,10.5,,,4.0,0.0,0.0
F5C1,4.0,58.0,56.5,10.5,,,3,2.0,58.0,56.5,10.5,,,3.0,1.0,58.0,56.5,10.5,,,3.0,0.0,0.0
F5C1Q68N,4.0,81.0,81.0,10.5,,,6,2.0,73.33333333333333,72.83333333333333,10.5,,,9.0,1.0,58.0,56.5,10.5,,,3.0,15.333333333333329,7.666666666666671
F5C2,4.0,72.0,72.0,19.5,,,4,2.0,72.0,72.0,19.5,,,4.0,1.0,72.0,72.0,19.5,,,4.0,0.0,0.0
F5C3,4.0,74.0,74.0,11.5,,,4,2.0,74.0,74.0,11.5,,,4.0,1.0,74.0,74.0,11.5,,,4.0,0.0,0.0
F5C4,4.0,73.5,73.5,13.5,,,4,2.0,73.5,73.5,13.5,,,4.0,1.0,73.5,73.5,13.5,,,4.0,0.0,0.0
F5C4Q68C,4.0,70.5,70.5,11.0,,,4,2.0,72.0,72.0,12.25,,,8.0,1.0,73.5,73.5,13.5,,,4.0,-1.5,-1.5
F5C5,4.0,48.0,58.5,13.5,,,6,2.0,48.0,58.5,13.5,,,6.0,1.0,48.0,58.5,13.5,,,6.0,0.0,0.0
F5C6,4.0,73.0,73.0,14.5,,,2,2.0,73.0,73.0,14.5,,,2.0,1.0,73.0,73.0,14.5,,,2.0,0.0,0.0
F5C7,4.0,55.5,60.0,13.5,,,6,2.0,55.5,60.0,13.5,,,6.0,1.0,55.5,60.0,13.5,,,6.0,0.0,0.0
F5C7Q68M,4.0,61.5,61.5,18.0,,,6,2.0,58.5,60.75,15.428571428571429,,,12.0,1.0,55.5,60.0,13.5,,,6.0,3.0,3.0
F5CA,4.0,49.0,55.0,16.0,,,6,2.0,49.0,55.0,16.0,,,6.0,1.0,49.0,55.0,16.0,,,6.0,0.0,0.0
F5CB,4.0,50.0,46.5,12.5,,,3,2.0,50.0,46.5,12.5,,,3.0,1.0,50.0,46.5,12.5,,,3.0,0.0,0.0
F5CBQ68H,4.0,60.5,60.5,19.0,,,4,2.0,56.0,54.5,15.75,,,7.0,1.0,50.0,46.5,12.5,,,3.0,6.0,4.5
F5CC,4.0,54.5,55.0,15.0,,,6,2.0,54.5,55.0,15.0,,,6.0,1.0,54.5,55.0,15.0,,,6.0,0.0,0.0
F5CCQ68G,4.0,58.5,61.5,11.5,,,9,2.0,56.9,58.9,12.9,,,15.0,1.0,54.5,55.0,15.0,,,6.0,2.3999999999999986,1.6000000000000014
F5CD,4.0,60.5,60.5,29.0,,,2,2.0,60.5,60.5,29.0,,,2.0,1.0,60.5,60.5,29.0,,,2.0,0.0,0.0
F5CE,4.0,75.0,75.0,19.0,,,2,2.0,75.0,75.0,19.0,,,2.0,1.0,75.0,75.0,19.0,,,2.0,0.0,0.0
F5CF,4.0,61.0,61.0,19.5,,,2,2.0,61.0,61.0,19.5,,,2.0,1.0,61.0,61.0,19.5,,,2.0,0.0,0.0
F5CG,4.0,64.0,64.0,21.5,,,2,2.0,64.0,64.0,21.5,,,2.0,1.0,64.0,64.0,21.5,,,2.0,0.0,0.0
F5KY,4.0,36.5,53.0,16.75,,,6,2.0,36.5,53.0,16.75,,,6.0,1.0,36.5,53.0,16.75,,,6.0,0.0,0.0
F7CLQ9LYE1,4.0,53.0,53.0,21.0,,,7,,,,,,,,,,,,,,,,
F7CLQ9LYE2,4.0,22.5,22.5,26.833333333333332,,,8,,,,,,,,,,,,,,,,
F7DWQ729E1,4.0,32.5,33.0,57.5,,,2,,,,,,,,,,,,,,,,
F7E4Q79XE3,4.0,,67.0,19.0,,,8,,,,,,,,,,,,,,,,
F8A4Q9LJEJ,4.0,72.5,44.0,41.75,,,8,,,,,,,,,,,,,,,,
F8CFQ9LZE2,4.0,32.5,32.5,16.6,,,14,,,,,,,,,,,,,,,,
F8CLQ9HSEA,4.0,,32.0,27.0,,,4,,,,,,,,,,,,,,,,
F8CME8LTCC,4.0,83.0,29.0,13.733333333333333,,,26,,,,,,,,,,,,,,,,
F8CME8LTCD,4.0,,71.0,19.0,,,6,,,,,,,,,,,,,,,,
F8CME8LTCE,4.0,80.5,40.5,19.384615384615383,,,22,,,,,,,,,,,,,,,,
F8CTQ9H8E1,4.0,,57.0,21.0,,,12,,,,,,,,,,,,,,,,
F8CTQ9H8EZ,4.0,73.0,38.0,15.607142857142858,,,23,,,,,,,,,,,,,,,,
F8E9Q8HDCR,4.0,52.5,53.0,27.5,,,2,,,,,,,,,,,,,,,,
F8ERE8TGCG,4.0,59.5,64.5,20.45,,,8,,,,,,,,,,,,,,,,
F8ERE8TGCL,4.0,75.5,34.5,18.285714285714285,,,23,,,,,,,,,,,,,,,,
F8FDQ8HQCZ,4.0,58.5,32.5,18.321428571428573,,,24,,,,,,,,,,,,,,,,
F8FGQ9H7C1,4.0,,74.5,16.0,,,6,,,,,,,,,,,,,,,,
F8FGQ9H7C2,4.0,75.5,71.0,16.25,,,3,,,,,,,,,,,,,,,,
F8FGQ9H7C5,4.0,75.0,62.0,10.428571428571429,,,24,,,,,,,,,,,,,,,,
F9A2Q05SE2,4.0,31.5,32.0,53.5,,,2,,,,,,,,,,,,,,,,
F9A2Q05SE3,4.0,50.5,51.0,26.5,,,2,,,,,,,,,,,,,,,,
F9A2Q05SE5,4.0,42.5,3.0,51.625,,,9,,,,,,,,,,,,,,,,
F9A3Q05RE2,4.0,21.5,23.0,45.5,,,5,,,,,,,,,,,,,,,,
F9A3Q05RE3,4.0,30.5,34.5,41.666666666666664,,,5,,,,,,,,,,,,,,,,
F9A3Q05RE4,4.0,25.5,10.5,77.0,,,3,,,,,,,,,,,,,,,,
F9A3Q05RE5,4.0,37.5,11.0,48.0,,,8,,,,,,,,,,,,,,,,
F9A4Q05QE2,4.0,35.0,44.0,50.75,,,3,,,,,,,,,,,,,,,,
F9A4Q05QE3,4.0,32.0,48.0,44.0,,,5,,,,,,,,,,,,,,,,
F9A4Q05QE5,4.0,36.0,10.0,40.77777777777778,,,16,,,,,,,,,,,,,,,,
F9A5Q05PE2,4.0,60.0,60.0,31.5,,,2,,,,,,,,,,,,,,,,
F9A5Q05PE3,4.0,63.0,63.0,28.5,,,2,,,,,,,,,,,,,,,,
F9A5Q05PE4,4.0,,60.0,11.5,,,4,,,,,,,,,,,,,,,,
F9A5Q05PE5,4.0,53.5,12.5,58.25,,,8,,,,,,,,,,,,,,,,
F9A6Q05NE2,4.0,22.5,28.0,60.5,,,4,,,,,,,,,,,,,,,,
F9A6Q05NE3,4.0,32.5,29.0,49.375,,,6,,,,,,,,,,,,,,,,
F9A6Q05NE4,4.0,23.5,18.5,68.5,,,3,,,,,,,,,,,,,,,,
F9A6Q05NE5,4.0,28.0,9.5,44.46666666666667,,,25,,,,,,,,,,,,,,,,
F9A7Q05ME2,4.0,24.0,24.5,72.33333333333333,,,4,,,,,,,,,,,,,,,,
F9A7Q05ME3,4.0,25.0,30.5,61.166666666666664,,,4,,,,,,,,,,,,,,,,
F9A7Q05ME4,4.0,34.0,9.0,72.25,,,3,,,,,,,,,,,,,,,,
F9A7Q05ME5,4.0,37.0,7.5,52.5,,,8,,,,,,,,,,,,,,,,
F9ACQ06LE2,4.0,27.0,17.0,65.83333333333333,,,4,2.0,29.0,34.5,36.0,,,6.0,,,,,,,,,-2.0
F9ACQ06LE3,4.0,28.0,12.0,64.875,,,6,2.0,29.0,34.5,36.0,,,6.0,,,,,,,,,-1.0
F9ACQ06LE4,4.0,22.5,22.5,66.0,,,4,2.0,29.0,34.5,36.0,,,6.0,,,,,,,,,-6.5
F9ACQ06LE5,4.0,26.0,21.0,67.75,,,3,2.0,29.0,34.5,36.0,,,6.0,,,,,,,,,-3.0
F9AEQ06CE2,4.0,42.0,20.5,49.5,,,4,2.0,54.5,24.0,25.5,,,3.0,,,,,,,,,-12.5
F9AEQ06CE3,4.0,32.5,5.0,44.833333333333336,,,4,2.0,54.5,24.0,25.5,,,3.0,,,,,,,,,-22.0
F9AEQ06CE4,4.0,38.5,3.0,45.333333333333336,,,15,2.0,54.5,24.0,25.5,,,3.0,,,,,,,,,-16.0
F9AEQ06CE5,4.0,24.0,40.0,50.5,,,3,2.0,54.5,24.0,25.5,,,3.0,,,,,,,,,-30.5
F9AFQ06NE2,4.0,61.0,33.5,31.9,,,8,2.0,77.5,78.0,18.0,,,2.0,,,,,,,,,-16.5
F9AFQ06NE3,4.0,56.5,56.5,22.5,,,4,2.0,77.5,78.0,18.0,,,2.0,,,,,,,,,-21.0
F9AFQ06NE4,4.0,58.5,59.0,27.0,,,2,2.0,77.5,78.0,18.0,,,2.0,,,,,,,,,-19.0
F9AFQ06NE5,4.0,68.5,52.0,30.25,,,3,2.0,77.5,78.0,18.0,,,2.0,,,,,,,,,-9.0
F9AGQ05XE2,4.0,51.5,27.5,39.666666666666664,,,8,2.0,0.0,57.0,49.3,,,7.0,,,,,,,,,51.5
F9AGQ05XE3,4.0,69.5,57.0,30.4,,,8,2.0,0.0,57.0,49.3,,,7.0,,,,,,,,,69.5
F9AGQ05XE4,4.0,45.5,30.5,26.09090909090909,,,15,2.0,0.0,57.0,49.3,,,7.0,,,,,,,,,45.5
F9AHQ05WE2,4.0,49.5,25.5,50.75,,,3,2.0,63.0,63.0,34.5,,,2.0,,,,,,,,,-13.5
F9AHQ05WE3,4.0,50.0,17.0,57.75,,,3,2.0,63.0,63.0,34.5,,,2.0,,,,,,,,,-13.0
F9AHQ05WE4,4.0,43.5,44.0,43.0,,,2,2.0,63.0,63.0,34.5,,,2.0,,,,,,,,,-19.5
F9AHQ05WE5,4.0,34.5,34.5,49.0,,,2,2.0,63.0,63.0,34.5,,,2.0,,,,,,,,,-28.5
F9AJQ05YE2,4.0,52.0,69.0,40.0,,,8,2.0,11.0,50.0,49.75,,,4.0,,,,,,,,,41.0
F9AJQ05YE3,4.0,47.0,61.0,42.4,,,8,2.0,11.0,50.0,49.75,,,4.0,,,,,,,,,36.0
F9AJQ05YE4,4.0,46.5,37.0,28.666666666666668,,,5,2.0,11.0,50.0,49.75,,,4.0,,,,,,,,,35.5
F9AKQ05EE2,4.0,36.0,11.0,17.833333333333332,,,5,,,,,,,,,,,,,,,,
F9AKQ05EE3,4.0,,22.0,42.5,,,4,,,,,,,,,,,,,,,,
F9AKQ05EE4,4.0,34.5,10.5,16.0,,,5,,,,,,,,,,,,,,,,
F9AKQ05EE5,4.0,27.5,1.5,49.375,,,8,,,,,,,,,,,,,,,,
F9ANQ05FE2,4.0,40.0,1.0,54.166666666666664,,,4,,,,,,,,,,,,,,,,
F9ANQ05FE3,4.0,56.5,14.0,52.166666666666664,,,4,,,,,,,,,,,,,,,,
F9ANQ05FE5,4.0,46.0,7.5,46.75,,,14,,,,,,,,,,,,,,,,
F9ARQ06PE2,4.0,69.0,69.0,20.0,,,2,,,,,,,,,,,,,,,,
F9ARQ06PE3,4.0,82.5,77.0,13.0,,,9,,,,,,,,,,,,,,,,
F9ARQ06PE5,4.0,64.0,68.0,28.833333333333332,,,7,,,,,,,,,,,,,,,,
F9ATQ05LE2,4.0,56.0,56.0,24.0,,,2,,,,,,,,,,,,,,,,
F9ATQ05LE3,4.0,75.0,75.0,16.0,,,2,,,,,,,,,,,,,,,,
F9ATQ05LE4,4.0,51.5,51.5,28.0,,,2,,,,,,,,,,,,,,,,
F9ATQ05LE5,4.0,71.0,10.5,37.7,,,8,,,,,,,,,,,,,,,,
F9AUQ05KE2,4.0,56.0,30.0,21.833333333333332,,,5,,,,,,,,,,,,,,,,
F9AUQ05KE3,4.0,58.5,21.0,27.166666666666668,,,5,,,,,,,,,,,,,,,,
F9AUQ05KE4,4.0,49.0,2.0,63.7,,,8,,,,,,,,,,,,,,,,
F9AUQ05KE5,4.0,44.5,11.0,48.0,,,3,,,,,,,,,,,,,,,,
F9AVQ05JE2,4.0,68.0,68.0,16.0,,,2,,,,,,,,,,,,,,,,
F9AVQ05JE3,4.0,70.5,8.0,33.333333333333336,,,5,,,,,,,,,,,,,,,,
F9AVQ05JE4,4.0,56.5,17.0,44.5,,,3,,,,,,,,,,,,,,,,
F9AVQ05JE5,4.0,61.0,3.0,45.5,,,20,,,,,,,,,,,,,,,,
F9AXQ05HE2,4.0,40.5,8.5,68.33333333333333,,,4,,,,,,,,,,,,,,,,
F9AXQ05HE3,4.0,43.0,18.0,54.333333333333336,,,5,,,,,,,,,,,,,,,,
F9AXQ05HE4,4.0,35.5,7.0,73.16666666666667,,,4,,,,,,,,,,,,,,,,
F9AXQ05HE5,4.0,32.5,2.0,58.6,,,8,,,,,,,,,,,,,,,,
F9AYQ05GE2,4.0,13.5,14.0,66.0,,,2,,,,,,,,,,,,,,,,
F9AYQ05GE3,4.0,,7.0,67.0,,,6,,,,,,,,,,,,,,,,
F9AYQ05GE4,4.0,10.5,11.0,67.0,,,2,,,,,,,,,,,,,,,,
F9AYQ05GE5,4.0,10.0,2.0,80.66666666666667,,,7,,,,,,,,,,,,,,,,
F9C1Q05CE1,4.0,71.0,23.0,16.363636363636363,,,20,2.0,66.0,66.0,19.0,,,6.0,,,,,,,,,5.0
F9C1Q05CE2,4.0,60.0,60.0,23.0,,,4,2.0,66.0,66.0,19.0,,,6.0,,,,,,,,,-6.0
F9C6Q04ZDA,4.0,64.5,65.0,21.5,,,2,,,,,,,,,,,,,,,,
F9C6Q04ZDC,4.0,72.0,51.0,15.5,,,12,,,,,,,,,,,,,,,,
F9C7Q05ADA,4.0,68.5,66.0,12.166666666666666,,,6,,,,,,,,,,,,,,,,
F9CFQ05TE2,4.0,28.0,5.0,75.5,,,4,,,,,,,,,,,,,,,,
F9CFQ05TE5,4.0,29.0,29.0,52.0,,,2,,,,,,,,,,,,,,,,
F9CKQ06KE2,4.0,34.5,35.0,35.5,,,2,2.0,65.5,66.0,22.5,,,2.0,,,,,,,,,-31.0
F9CKQ06KE3,4.0,56.0,56.0,23.5,,,2,2.0,65.5,66.0,22.5,,,2.0,,,,,,,,,-9.5
F9CKQ06KE4,4.0,34.0,34.0,29.0,,,2,2.0,65.5,66.0,22.5,,,2.0,,,,,,,,,-31.5
F9CKQ06KE5,4.0,36.5,37.0,33.0,,,2,2.0,65.5,66.0,22.5,,,2.0,,,,,,,,,-29.0
F9CNQ05ZE2,4.0,62.0,48.0,39.0,,,10,2.0,59.0,59.0,28.5,,,2.0,,,,,,,,,3.0
F9CNQ05ZE3,4.0,54.5,59.5,40.0,,,5,2.0,59.0,59.0,28.5,,,2.0,,,,,,,,,-4.5
F9CNQ05ZE4,4.0,62.0,37.5,37.75,,,3,2.0,59.0,59.0,28.5,,,2.0,,,,,,,,,3.0
F9CNQ05ZE5,4.0,57.0,22.0,45.333333333333336,,,7,2.0,59.0,59.0,28.5,,,2.0,,,,,,,,,-2.0
F9CPQ06AE2,4.0,43.5,33.5,59.166666666666664,,,4,2.0,44.5,45.5,30.75,,,3.0,,,,,,,,,-1.0
F9CPQ06AE3,4.0,56.0,37.5,53.142857142857146,,,10,2.0,44.5,45.5,30.75,,,3.0,,,,,,,,,11.5
F9CPQ06AE4,4.0,48.0,24.5,52.25,,,3,2.0,44.5,45.5,30.75,,,3.0,,,,,,,,,3.5
F9CPQ06AE5,4.0,46.5,21.5,60.25,,,10,2.0,44.5,45.5,30.75,,,3.0,,,,,,,,,2.0
F9CPQ06AE6,4.0,,46.0,26.5,,,6,2.0,44.5,45.5,30.75,,,3.0,,,,,,,,,
F9CQQ06BE2,4.0,54.0,26.0,40.833333333333336,,,4,2.0,18.0,61.0,41.5,,,20.0,,,,,,,,,36.0
F9CQQ06BE3,4.0,47.0,36.0,43.3125,,,6,2.0,18.0,61.0,41.5,,,20.0,,,,,,,,,29.0
F9CQQ06BE4,4.0,53.5,46.0,43.5,,,8,2.0,18.0,61.0,41.5,,,20.0,,,,,,,,,35.5
F9CQQ06BE5,4.0,40.0,10.5,54.9375,,,13,2.0,18.0,61.0,41.5,,,20.0,,,,,,,,,22.0
F9CSQ04XE1,4.0,68.0,73.5,12.6875,,,13,2.0,69.5,34.0,10.461538461538462,,,20.0,,,,,,,,,-1.5
F9CZQ05BE1,4.0,31.5,31.5,23.285714285714285,,,10,,,,,,,,,,,,,,,,
F9CZQ05BE2,4.0,60.0,67.0,17.4,,,10,,,,,,,,,,,,,,,,
F9D2Q01JE5,4.0,64.0,22.0,20.4,,,32,,,,,,,,,,,,,,,,
F9D3Q01YE1,4.0,8.5,9.0,75.5,,,2,,,,,,,,,,,,,,,,
F9D3Q01YE2,4.0,75.5,76.0,15.5,,,2,,,,,,,,,,,,,,,,
F9D3Q01YE4,4.0,57.5,37.5,17.115384615384617,,,20,,,,,,,,,,,,,,,,
F9D3Q01YE5,4.0,41.0,41.0,19.0,,,2,,,,,,,,,,,,,,,,
F9DEQ01CE2,4.0,69.5,53.5,12.615384615384615,,,23,,,,,,,,,,,,,,,,
F9DEQ01CE3,4.0,59.5,45.5,17.333333333333332,,,28,,,,,,,,,,,,,,,,
F9DEQ01CE4,4.0,60.5,64.0,8.5,,,12,,,,,,,,,,,,,,,,
F9DEQ01CE5,4.0,,55.5,21.0,,,9,,,,,,,,,,,,,,,,
F9DRQ01DE1,4.0,64.5,65.0,23.0,,,2,,,,,,,,,,,,,,,,
F9DRQ01DE2,4.0,75.5,76.0,10.5,,,2,,,,,,,,,,,,,,,,
F9DRQ01DE4,4.0,48.0,48.0,18.8125,,,15,,,,,,,,,,,,,,,,
F9DRQ01DE5,4.0,63.0,63.0,11.0,,,2,,,,,,,,,,,,,,,,
F9DTQ02EE2,4.0,44.0,44.0,46.5,,,2,,,,,,,,,,,,,,,,
F9DTQ02EE4,4.0,20.5,4.0,32.705882352941174,,,30,,,,,,,,,,,,,,,,
F9DTQ02EE5,4.0,42.5,42.5,28.75,,,12,,,,,,,,,,,,,,,,
F9DTQ02EE7,4.0,17.5,18.0,67.5,,,4,,,,,,,,,,,,,,,,
F9E1Q03WE1,4.0,36.0,36.0,24.0,,,2,,,,,,,,,,,,,,,,
F9E5Q08HEA,4.0,,6.0,91.5,,,6,2.0,17.0,9.0,33.0,,,6.0,1.0,74.0,74.0,17.0,,,2.0,-57.0,
F9E5Q08HEB,4.0,,6.0,91.5,,,6,2.0,17.0,9.0,33.0,,,6.0,1.0,74.0,74.0,17.0,,,2.0,-57.0,
F9E6Q07TEA,4.0,6.0,6.0,90.0,,,12,2.0,11.0,8.0,69.5,,,6.0,1.0,81.0,81.0,12.5,,,2.0,-70.0,-5.0
F9E7Q04JE1,4.0,,76.0,15.0,,,4,,,,,,,,,,,,,,,,
F9E8Q04HE1,4.0,,40.0,14.65,,,6,,,,,,,,,,,,,,,,
F9E9Q07GEA,4.0,,9.5,94.5,,,6,2.0,5.0,10.0,87.75,,,6.0,,,,,,,,,
F9EGQ03UE1,4.0,,75.0,9.5,,,4,,,,,,,,,,,,,,,,
F9EKQ03NE1,4.0,75.5,48.0,16.5,,,3,,,,,,,,,,,,,,,,
F9ELQ03ME1,4.0,42.5,43.0,42.5,,,2,,,,,,,,,,,,,,,,
F9ESQ04EE1,4.0,10.5,11.0,50.0,,,2,,,,,,,,,,,,,,,,
F9ETQ04DE1,4.0,41.0,41.0,45.0,,,2,,,,,,,,,,,,,,,,
F9EUQ04CE1,4.0,15.0,15.0,79.0,,,4,,,,,,,,,,,,,,,,
F9EZQ03XE1,4.0,69.0,69.0,19.5,,,4,,,,,,,,,,,,,,,,
F9F6Q04BE1,4.0,34.5,35.0,24.0,,,4,,,,,,,,,,,,,,,,
F9FCQ07SEA,4.0,,45.0,36.25,,,8,2.0,31.0,37.5,27.75,,,9.0,1.0,84.0,84.0,14.0,,,2.0,-53.0,
F9FCQ07SEB,4.0,,43.0,65.5,,,6,2.0,31.0,37.5,27.75,,,9.0,1.0,84.0,84.0,14.0,,,2.0,-53.0,
F9FDQ07KEA,4.0,,1.0,39.5,,,4,2.0,7.5,20.5,37.0,,,9.0,1.0,76.0,76.0,16.0,,,2.0,-68.5,
F9FDQ07KEB,4.0,,17.0,55.5,,,6,2.0,7.5,20.5,37.0,,,9.0,1.0,76.0,76.0,16.0,,,2.0,-68.5,
F9FGQ08EEA,4.0,68.5,56.0,16.61111111111111,,,12,2.0,79.5,79.5,11.0,,,4.0,1.0,85.0,85.0,12.0,,,2.0,-5.5,-11.0
F9FGQ08EEB,4.0,,86.0,48.0,,,6,2.0,79.5,79.5,11.0,,,4.0,1.0,85.0,85.0,12.0,,,2.0,-5.5,
F9FJQ07MEA,4.0,5.0,6.0,98.5,,,10,2.0,10.0,5.5,37.75,,,6.0,1.0,77.0,77.0,11.5,,,2.0,-67.0,-5.0
F9FKQ04FE1,4.0,48.0,48.0,45.0,,,4,,,,,,,,,,,,,,,,
F9FMQ08KEA,4.0,1.0,4.0,99.5,,,10,2.0,1.5,0.0,87.0,,,9.0,1.0,60.0,60.0,9.0,,,2.0,-58.5,-0.5
F9FMQ08KEB,4.0,,1.0,99.5,,,3,2.0,1.5,0.0,87.0,,,9.0,1.0,60.0,60.0,9.0,,,2.0,-58.5,
F9FXQ08QEA,4.0,,82.0,84.5,,,3,2.0,49.5,67.0,10.666666666666666,,,12.0,1.0,60.5,61.0,25.0,,,2.0,-11.0,
F9FXQ08QEB,4.0,,61.0,,,,3,2.0,49.5,67.0,10.666666666666666,,,12.0,1.0,60.5,61.0,25.0,,,2.0,-11.0,
F9FXQ08QEC,4.0,,86.0,66.5,,,3,2.0,49.5,67.0,10.666666666666666,,,12.0,1.0,60.5,61.0,25.0,,,2.0,-11.0,
F9FYQ08REA,4.0,,26.0,64.0,,,3,2.0,37.0,55.0,11.333333333333334,,,8.0,1.0,61.0,61.0,24.0,,,2.0,-24.0,
F9FYQ08REB,4.0,,86.0,72.0,,,6,2.0,37.0,55.0,11.333333333333334,,,8.0,1.0,61.0,61.0,24.0,,,2.0,-24.0,
F9FYQ08REC,4.0,,86.0,72.0,,,3,2.0,37.0,55.0,11.333333333333334,,,8.0,1.0,61.0,61.0,24.0,,,2.0,-24.0,
F9GAQ04TE1,4.0,70.0,33.0,42.0,,,6,,,,,,,,,,,,,,,,
F9GCQ03JE1,4.0,48.0,48.0,28.5,,,4,,,,,,,,,,,,,,,,
F9GHQ03FE1,4.0,72.5,64.0,15.75,,,6,,,,,,,,,,,,,,,,
F9GJQ04SE1,4.0,81.5,82.0,10.0,,,4,,,,,,,,,,,,,,,,
F9GNQ03BE1,4.0,45.0,45.0,37.0,,,4,,,,,,,,,,,,,,,,
G46UB5NALA,4.0,,65.0,21.0,,,4,2.0,46.5,61.5,9.833333333333334,,,9.0,1.0,26.5,43.25,17.625,,,3.0,20.0,
G46UB5NALB,4.0,,64.5,21.5,,,4,2.0,46.5,61.5,9.833333333333334,,,9.0,1.0,26.5,43.25,17.625,,,3.0,20.0,
G46UB5NALC,4.0,,68.5,17.0,,,2,2.0,46.5,61.5,9.833333333333334,,,9.0,1.0,26.5,43.25,17.625,,,3.0,20.0,
G472Q572EB,4.0,,68.0,20.0,,,4,2.0,37.5,69.5,25.833333333333332,,,5.0,1.0,59.0,48.0,21.166666666666668,,,8.0,-21.5,
G472Q572ED,4.0,,60.0,23.5,,,4,2.0,37.5,69.5,25.833333333333332,,,5.0,1.0,59.0,48.0,21.166666666666668,,,8.0,-21.5,
G472Q572EF,4.0,,63.5,21.5,,,2,2.0,37.5,69.5,25.833333333333332,,,5.0,1.0,59.0,48.0,21.166666666666668,,,8.0,-21.5,
G472Q572EG,4.0,,63.0,25.916666666666668,,,9,2.0,37.5,69.5,25.833333333333332,,,5.0,1.0,59.0,48.0,21.166666666666668,,,8.0,-21.5,
G47XB5LALA,4.0,91.0,93.5,4.666666666666667,,,5,2.0,86.0,86.0,11.0,,,2.0,1.0,57.0,58.75,17.75,,,4.0,29.0,5.0
G47XB5LALB,4.0,91.5,87.0,7.166666666666667,,,5,2.0,86.0,86.0,11.0,,,2.0,1.0,57.0,58.75,17.75,,,4.0,29.0,5.5
G47XB5LALC,4.0,,88.5,4.0,,,2,2.0,86.0,86.0,11.0,,,2.0,1.0,57.0,58.75,17.75,,,4.0,29.0,
G47XB5LALD,4.0,94.5,90.5,3.8333333333333335,,,5,2.0,86.0,86.0,11.0,,,2.0,1.0,57.0,58.75,17.75,,,4.0,29.0,8.5
G48XB5MALA,4.0,,70.0,25.0,,,6,2.0,58.0,55.0,14.25,,,3.0,1.0,46.0,48.5,18.125,,,6.0,12.0,
G48XB5MALB,4.0,63.0,67.5,18.125,,,6,2.0,58.0,55.0,14.25,,,3.0,1.0,46.0,48.5,18.125,,,6.0,12.0,5.0
H045H1SCLA,4.0,72.0,72.0,21.833333333333332,,,5,2.0,68.5,68.5,20.0,,,4.0,1.0,49.0,58.75,24.25,,,6.0,19.5,3.5
H045H1SCLB,4.0,83.5,79.0,17.5,,,9,2.0,68.5,68.5,20.0,,,4.0,1.0,49.0,58.75,24.25,,,6.0,19.5,15.0
H045H1SCLC,4.0,70.5,67.0,18.875,,,7,2.0,68.5,68.5,20.0,,,4.0,1.0,49.0,58.75,24.25,,,6.0,19.5,2.0
H045H1SDLA,4.0,74.5,74.5,24.1,,,8,2.0,66.0,66.0,20.5,,,4.0,1.0,49.0,58.75,24.25,,,6.0,17.0,8.5
H045H1SDLB,4.0,51.5,51.5,18.5,,,6,2.0,66.0,66.0,20.5,,,4.0,1.0,49.0,58.75,24.25,,,6.0,17.0,-14.5
H049H1SGLB,4.0,79.0,79.0,23.5,,,6,2.0,79.0,79.0,13.0,,,2.0,1.0,51.0,59.375,24.208333333333332,,,12.0,28.0,0.0
H049H1SGLC,4.0,75.0,75.0,16.333333333333332,,,6,2.0,79.0,79.0,13.0,,,2.0,1.0,51.0,59.375,24.208333333333332,,,12.0,28.0,-4.0
H049H1SHLA,4.0,74.0,74.0,24.5,,,4,2.0,76.5,76.5,13.5,,,4.0,1.0,51.0,59.375,24.208333333333332,,,12.0,25.5,-2.5
H049H1SHLB,4.0,79.5,79.5,23.25,,,4,2.0,76.5,76.5,13.5,,,4.0,1.0,51.0,59.375,24.208333333333332,,,12.0,25.5,3.0
H049H1SJLA,4.0,82.0,82.0,14.25,,,4,2.0,81.0,81.0,9.5,,,2.0,1.0,51.0,59.375,24.208333333333332,,,12.0,30.0,1.0
H049H1SJLB,4.0,86.0,86.0,26.166666666666668,,,6,2.0,81.0,81.0,9.5,,,2.0,1.0,51.0,59.375,24.208333333333332,,,12.0,30.0,5.0
H049H1SKLA,4.0,86.5,66.5,24.071428571428573,,,11,2.0,87.0,87.0,8.5,,,2.0,1.0,51.0,59.375,24.208333333333332,,,12.0,36.0,-0.5
H049H1SKLB,4.0,82.0,82.0,21.25,,,4,2.0,87.0,87.0,8.5,,,2.0,1.0,51.0,59.375,24.208333333333332,,,12.0,36.0,-5.0
H04VH1SQLA,4.0,62.0,62.0,26.5,,,6,2.0,67.5,67.5,14.0,,,4.0,1.0,62.5,52.7,29.5,,,7.0,5.0,-5.5
H04VH1SQLB,4.0,74.5,74.5,49.666666666666664,,,8,2.0,67.5,67.5,14.0,,,4.0,1.0,62.5,52.7,29.5,,,7.0,5.0,7.0
H04VH1SRLA,4.0,,74.5,19.5,,,4,2.0,73.5,73.5,21.5,,,4.0,1.0,62.5,52.7,29.5,,,7.0,11.0,
H053H1TELA,4.0,66.5,66.5,22.428571428571427,,,12,2.0,61.0,61.0,16.5,,,4.0,1.0,17.0,45.3,26.125,,,14.0,44.0,5.5
H053H1TELB,4.0,57.5,40.0,24.0,,,9,2.0,61.0,61.0,16.5,,,4.0,1.0,17.0,45.3,26.125,,,14.0,44.0,-3.5
H053H1TELC,4.0,75.5,54.5,27.7,,,9,2.0,61.0,61.0,16.5,,,4.0,1.0,17.0,45.3,26.125,,,14.0,44.0,14.5
H053H1TFLA,4.0,58.5,58.5,20.5,,,10,2.0,65.5,65.5,15.0,,,4.0,1.0,17.0,45.3,26.125,,,14.0,48.5,-7.0
H053H1TFLB,4.0,58.5,58.5,25.4,,,10,2.0,65.5,65.5,15.0,,,4.0,1.0,17.0,45.3,26.125,,,14.0,48.5,-7.0
H053H1TFLC,4.0,,71.0,29.5,,,4,2.0,65.5,65.5,15.0,,,4.0,1.0,17.0,45.3,26.125,,,14.0,48.5,
H059H1SMLA,4.0,78.0,78.0,21.333333333333332,,,5,2.0,81.0,81.0,11.0,,,4.0,1.0,34.0,56.5,26.6,,,9.0,47.0,-3.0
H059H1SMLB,4.0,,84.0,32.25,,,6,2.0,81.0,81.0,11.0,,,4.0,1.0,34.0,56.5,26.6,,,9.0,47.0,
H059H1SMLC,4.0,66.0,48.5,21.7,,,8,2.0,81.0,81.0,11.0,,,4.0,1.0,34.0,56.5,26.6,,,9.0,47.0,-15.0
H059H1SNLA,4.0,76.0,62.5,20.1,,,9,2.0,73.5,73.5,12.5,,,4.0,1.0,34.0,56.5,26.6,,,9.0,39.5,2.5
H059H1SNLB,4.0,67.5,63.0,21.25,,,7,2.0,73.5,73.5,12.5,,,4.0,1.0,34.0,56.5,26.6,,,9.0,39.5,-6.0
H059H1SPLA,4.0,77.0,61.5,19.428571428571427,,,11,2.0,74.5,74.5,13.5,,,4.0,1.0,34.0,56.5,26.6,,,9.0,40.5,2.5
H0J4H1SXLA,4.0,53.0,38.0,28.857142857142858,,,13,2.0,64.5,64.5,18.5,,,4.0,1.0,55.5,51.8,29.590277777777775,,,50.0,9.0,-11.5
H0J4H1SXLB,4.0,62.0,62.0,27.1,,,8,2.0,64.5,64.5,18.5,,,4.0,1.0,55.5,51.8,29.590277777777775,,,50.0,9.0,-2.5
H0J4H1SYLA,4.0,57.0,55.0,26.5,,,11,2.0,56.5,56.5,20.0,,,2.0,1.0,55.5,51.8,29.590277777777775,,,50.0,1.0,0.5
H0J4H1SYLB,4.0,56.0,57.0,20.833333333333332,,,8,2.0,56.5,56.5,20.0,,,2.0,1.0,55.5,51.8,29.590277777777775,,,50.0,1.0,-0.5
H0J4H1SYLC,4.0,71.0,71.0,18.8,,,8,2.0,56.5,56.5,20.0,,,2.0,1.0,55.5,51.8,29.590277777777775,,,50.0,1.0,14.5
H0J4H1SZLA,4.0,62.5,13.0,18.75,,,15,2.0,51.0,51.0,17.5,,,4.0,1.0,55.5,51.8,29.590277777777775,,,50.0,-4.5,11.5
H0J4H1SZLB,4.0,64.0,64.0,27.0,,,10,2.0,51.0,51.0,17.5,,,4.0,1.0,55.5,51.8,29.590277777777775,,,50.0,-4.5,13.0
H0J4H1TALA,4.0,55.0,15.5,19.25,,,7,2.0,55.0,55.0,21.0,,,4.0,1.0,55.5,51.8,29.590277777777775,,,50.0,-0.5,0.0
H0J4H1TALB,4.0,50.0,46.0,22.083333333333332,,,11,2.0,55.0,55.0,21.0,,,4.0,1.0,55.5,51.8,29.590277777777775,,,50.0,-0.5,-5.0
H0J4H1TBLA,4.0,59.0,60.0,5.0,,,10,2.0,52.5,52.5,22.0,,,4.0,1.0,55.5,51.8,29.590277777777775,,,50.0,-3.0,6.5
H0J4H1TBLB,4.0,66.0,66.0,28.4,,,10,2.0,52.5,52.5,22.0,,,4.0,1.0,55.5,51.8,29.590277777777775,,,50.0,-3.0,13.5
H0J4H1TCLA,4.0,60.0,34.5,18.785714285714285,,,16,2.0,65.5,65.5,15.5,,,4.0,1.0,55.5,51.8,29.590277777777775,,,50.0,10.0,-5.5
H0J4H1TCLC,4.0,71.5,43.5,19.571428571428573,,,11,2.0,65.5,65.5,15.5,,,4.0,1.0,55.5,51.8,29.590277777777775,,,50.0,10.0,6.0
H0J4H1TCLD,4.0,61.0,69.0,22.285714285714285,,,13,2.0,65.5,65.5,15.5,,,4.0,1.0,55.5,51.8,29.590277777777775,,,50.0,10.0,-4.5
H0J4H1TDLA,4.0,79.0,79.0,25.9,,,10,2.0,53.5,53.5,19.5,,,4.0,1.0,55.5,51.8,29.590277777777775,,,50.0,-2.0,25.5
H0J9H1STLB,4.0,54.0,42.5,30.833333333333332,,,8,2.0,57.5,57.5,20.0,,,4.0,1.0,18.0,53.2,26.35,,,21.0,39.5,-3.5
H0J9H1STLC,4.0,,58.0,29.0,,,3,2.0,57.5,57.5,20.0,,,4.0,1.0,18.0,53.2,26.35,,,21.0,39.5,
H0J9H1STLE,4.0,62.0,62.0,14.1,,,10,2.0,57.5,57.5,20.0,,,4.0,1.0,18.0,53.2,26.35,,,21.0,39.5,4.5
H0J9H1SULA,4.0,68.0,61.0,27.8,,,8,2.0,74.0,74.0,12.5,,,4.0,1.0,18.0,53.2,26.35,,,21.0,56.0,-6.0
H0J9H1SULB,4.0,41.0,41.0,35.333333333333336,,,6,2.0,74.0,74.0,12.5,,,4.0,1.0,18.0,53.2,26.35,,,21.0,56.0,-33.0
H0J9H1SULC,4.0,56.5,56.5,33.666666666666664,,,5,2.0,74.0,74.0,12.5,,,4.0,1.0,18.0,53.2,26.35,,,21.0,56.0,-17.5
H0J9H1SVLA,4.0,72.0,44.0,27.857142857142858,,,14,2.0,49.5,49.5,30.0,,,4.0,1.0,18.0,53.2,26.35,,,21.0,31.5,22.5
H0J9H1SVLB,4.0,36.5,36.5,28.666666666666668,,,6,2.0,49.5,49.5,30.0,,,4.0,1.0,18.0,53.2,26.35,,,21.0,31.5,-13.0
H0J9H1SVLC,4.0,49.5,59.5,28.428571428571427,,,14,2.0,49.5,49.5,30.0,,,4.0,1.0,18.0,53.2,26.35,,,21.0,31.5,0.0
H0J9H1SWLA,4.0,57.0,33.5,23.583333333333332,,,11,2.0,52.5,52.5,25.0,,,2.0,1.0,18.0,53.2,26.35,,,21.0,34.5,4.5
H0J9H1SWLB,4.0,44.5,44.5,21.0,,,6,2.0,52.5,52.5,25.0,,,2.0,1.0,18.0,53.2,26.35,,,21.0,34.5,-8.0
H0M4H1SALA,4.0,87.0,85.5,20.4375,,,13,2.0,87.0,87.0,6.0,,,4.0,1.0,76.5,76.8,13.333333333333334,,,8.0,10.5,0.0
H0M4H1SALB,4.0,91.0,91.0,18.5,,,6,2.0,87.0,87.0,6.0,,,4.0,1.0,76.5,76.8,13.333333333333334,,,8.0,10.5,4.0
H0M4H1SALC,4.0,84.5,84.5,22.3,,,8,2.0,87.0,87.0,6.0,,,4.0,1.0,76.5,76.8,13.333333333333334,,,8.0,10.5,-2.5
H0M4H1SBLA,4.0,78.0,78.0,15.9,,,8,2.0,86.5,86.5,5.0,,,4.0,1.0,76.5,76.8,13.333333333333334,,,8.0,10.0,-8.5
H0M4H1SBLB,4.0,82.5,85.0,16.75,,,8,2.0,86.5,86.5,5.0,,,4.0,1.0,76.5,76.8,13.333333333333334,,,8.0,10.0,-4.0
H0M4H1SBLC,4.0,93.0,88.5,11.636363636363637,,,17,2.0,86.5,86.5,5.0,,,4.0,1.0,76.5,76.8,13.333333333333334,,,8.0,10.0,6.5
H0M4H1SBLD,4.0,91.0,91.0,17.666666666666668,,,6,2.0,86.5,86.5,5.0,,,4.0,1.0,76.5,76.8,13.333333333333334,,,8.0,10.0,4.5
H0M4H1SELA,4.0,,88.5,23.0,,,6,2.0,90.5,90.5,4.5,,,4.0,1.0,76.5,76.8,13.333333333333334,,,8.0,14.0,
H0N9H1VALH,4.0,,74.5,12.5,,,4,2.0,73.5,76.0,13.333333333333334,,,5.0,1.0,40.5,44.0,26.872340425531913,,,67.0,33.0,
H0N9H1VALJ,4.0,69.5,61.5,14.2,,,8,2.0,73.5,76.0,13.333333333333334,,,5.0,1.0,40.5,44.0,26.872340425531913,,,67.0,33.0,-4.0
H0N9H1VBLA,4.0,71.0,63.0,13.833333333333334,,,9,2.0,73.5,67.0,14.5,,,9.0,1.0,40.5,44.0,26.872340425531913,,,67.0,33.0,-2.5
H0N9H1VBLB,4.0,73.5,41.5,19.5,,,5,2.0,73.5,67.0,14.5,,,9.0,1.0,40.5,44.0,26.872340425531913,,,67.0,33.0,0.0
H0N9H1VBLC,4.0,,60.0,16.0,,,2,2.0,73.5,67.0,14.5,,,9.0,1.0,40.5,44.0,26.872340425531913,,,67.0,33.0,
H0N9H1VBLD,4.0,66.5,46.0,20.875,,,6,2.0,73.5,67.0,14.5,,,9.0,1.0,40.5,44.0,26.872340425531913,,,67.0,33.0,-7.0
H0N9H1VCLC,4.0,77.0,56.0,16.833333333333332,,,9,2.0,67.5,67.5,17.5,,,2.0,1.0,40.5,44.0,26.872340425531913,,,67.0,27.0,9.5
H0N9H1VCLD,4.0,77.5,67.0,14.833333333333334,,,9,2.0,67.5,67.5,17.5,,,2.0,1.0,40.5,44.0,26.872340425531913,,,67.0,27.0,10.0
H0N9H1VDLA,4.0,79.0,59.5,17.0,,,9,2.0,71.5,71.5,10.0,,,2.0,1.0,40.5,44.0,26.872340425531913,,,67.0,31.0,7.5
H0N9H1VDLB,4.0,71.5,53.5,13.0,,,7,2.0,71.5,71.5,10.0,,,2.0,1.0,40.5,44.0,26.872340425531913,,,67.0,31.0,0.0
H0N9H1VELA,4.0,,70.0,16.5,,,3,2.0,79.5,69.5,14.375,,,7.0,1.0,40.5,44.0,26.872340425531913,,,67.0,39.0,
H0N9H1VELC,4.0,61.5,61.5,19.5,,,3,2.0,79.5,69.5,14.375,,,7.0,1.0,40.5,44.0,26.872340425531913,,,67.0,39.0,-18.0
H0N9H1VFLA,4.0,71.0,54.5,19.583333333333332,,,9,2.0,82.0,82.0,11.5,,,4.0,1.0,40.5,44.0,26.872340425531913,,,67.0,41.5,-11.0
H0N9H1VFLB,4.0,76.0,14.5,12.5,,,7,2.0,82.0,82.0,11.5,,,4.0,1.0,40.5,44.0,26.872340425531913,,,67.0,41.5,-6.0
H0N9H1VFLC,4.0,79.0,79.0,12.0,,,4,2.0,82.0,82.0,11.5,,,4.0,1.0,40.5,44.0,26.872340425531913,,,67.0,41.5,-3.0
H0N9H1VGLD,4.0,,77.0,16.25,,,6,2.0,69.0,59.0,9.954545454545455,,,17.0,1.0,40.5,44.0,26.872340425531913,,,67.0,28.5,
H0N9H1VGLE,4.0,,71.5,15.5,,,4,2.0,69.0,59.0,9.954545454545455,,,17.0,1.0,40.5,44.0,26.872340425531913,,,67.0,28.5,
H0N9H1VNLA,4.0,,66.0,15.25,,,2,2.0,73.5,76.0,13.333333333333334,,,5.0,1.0,40.5,44.0,26.872340425531913,,,67.0,33.0,
H0N9H1VNLB,4.0,,62.5,17.5,,,4,2.0,73.5,76.0,13.333333333333334,,,5.0,1.0,40.5,44.0,26.872340425531913,,,67.0,33.0,
H0N9H1VNLR,4.0,,66.0,15.5,,,4,2.0,78.0,66.5,10.5,,,5.0,1.0,40.5,44.0,26.872340425531913,,,67.0,37.5,
H0Q9H1TPLA,4.0,80.0,51.0,30.333333333333332,,,7,2.0,65.0,65.0,14.0,,,4.0,1.0,37.0,61.5,19.587500000000002,,,86.0,28.0,15.0
H0Q9H1TPLB,4.0,62.0,10.5,34.8,,,11,2.0,65.0,65.0,14.0,,,4.0,1.0,37.0,61.5,19.587500000000002,,,86.0,28.0,-3.0
H0Q9H1TQLA,4.0,,67.0,68.0,,,6,2.0,67.0,67.0,21.0,,,4.0,1.0,37.0,61.5,19.587500000000002,,,86.0,30.0,
H0Q9H1TQLB,4.0,31.5,31.5,41.833333333333336,,,7,2.0,67.0,67.0,21.0,,,4.0,1.0,37.0,61.5,19.587500000000002,,,86.0,30.0,-35.5
H0Q9H1TQLC,4.0,68.0,39.5,44.291666666666664,,,13,2.0,67.0,67.0,21.0,,,4.0,1.0,37.0,61.5,19.587500000000002,,,86.0,30.0,1.0
H0Q9H1TRLA,4.0,58.0,58.0,54.75,,,5,2.0,76.5,76.5,16.0,,,4.0,1.0,37.0,61.5,19.587500000000002,,,86.0,39.5,-18.5
H0Q9H1TRLB,4.0,58.0,50.0,42.833333333333336,,,8,2.0,76.5,76.5,16.0,,,4.0,1.0,37.0,61.5,19.587500000000002,,,86.0,39.5,-18.5
H0Q9H1TRLC,4.0,44.0,44.0,31.5,,,7,2.0,76.5,76.5,16.0,,,4.0,1.0,37.0,61.5,19.587500000000002,,,86.0,39.5,-32.5
H0Q9H1TSLA,4.0,71.0,9.5,28.833333333333332,,,14,2.0,58.5,58.5,19.0,,,2.0,1.0,37.0,61.5,19.587500000000002,,,86.0,21.5,12.5
H0Q9H1TSLB,4.0,68.0,68.0,41.25,,,10,2.0,58.5,58.5,19.0,,,2.0,1.0,37.0,61.5,19.587500000000002,,,86.0,21.5,9.5
H0Q9H1TSLD,4.0,61.5,12.5,35.4,,,10,2.0,58.5,58.5,19.0,,,2.0,1.0,37.0,61.5,19.587500000000002,,,86.0,21.5,3.0
H0Q9H1TULA,4.0,,19.5,74.5,,,2,2.0,67.5,67.5,16.5,,,2.0,1.0,37.0,61.5,19.587500000000002,,,86.0,30.5,
H0Q9H1TULB,4.0,,12.0,79.5,,,2,2.0,67.5,67.5,16.5,,,2.0,1.0,37.0,61.5,19.587500000000002,,,86.0,30.5,
H0Q9H1TVLC,4.0,79.0,79.0,37.5,,,10,2.0,57.5,57.5,15.5,,,2.0,1.0,37.0,61.5,19.587500000000002,,,86.0,20.5,21.5
H0Q9H1TVLD,4.0,,69.5,92.0,,,6,2.0,57.5,57.5,15.5,,,2.0,1.0,37.0,61.5,19.587500000000002,,,86.0,20.5,
H0Q9H1TVLE,4.0,,9.0,78.0,,,2,2.0,57.5,57.5,15.5,,,2.0,1.0,37.0,61.5,19.587500000000002,,,86.0,20.5,
H0Q9H1TVLF,4.0,,7.0,85.5,,,2,2.0,57.5,57.5,15.5,,,2.0,1.0,37.0,61.5,19.587500000000002,,,86.0,20.5,
H0Q9H1TWLA,4.0,57.0,44.75,41.166666666666664,,,6,2.0,61.5,61.5,14.5,,,2.0,1.0,37.0,61.5,19.587500000000002,,,86.0,24.5,-4.5
H0Q9H1TWLB,4.0,66.0,49.5,41.0,,,9,2.0,61.5,61.5,14.5,,,2.0,1.0,37.0,61.5,19.587500000000002,,,86.0,24.5,4.5
H0Q9H1TXLA,4.0,,80.5,74.0,,,6,2.0,63.0,63.0,17.5,,,4.0,1.0,37.0,61.5,19.587500000000002,,,86.0,26.0,
H0Q9H1TXLB,4.0,,61.0,73.5,,,6,2.0,63.0,63.0,17.5,,,4.0,1.0,37.0,61.5,19.587500000000002,,,86.0,26.0,
H0Q9H1TXLD,4.0,67.5,67.5,15.875,,,7,2.0,63.0,63.0,17.5,,,4.0,1.0,37.0,61.5,19.587500000000002,,,86.0,26.0,4.5
H0Q9H1TYLA,4.0,64.5,61.0,55.25,,,9,2.0,73.5,73.5,13.5,,,2.0,1.0,37.0,61.5,19.587500000000002,,,86.0,36.5,-9.0
H0Q9H1TYLB,4.0,62.5,49.5,51.0,,,9,2.0,73.5,73.5,13.5,,,2.0,1.0,37.0,61.5,19.587500000000002,,,86.0,36.5,-11.0
H0Q9H1TYLC,4.0,76.0,76.0,37.0,,,5,2.0,73.5,73.5,13.5,,,2.0,1.0,37.0,61.5,19.587500000000002,,,86.0,36.5,2.5
H0Q9H1UALA,4.0,69.0,73.0,12.5,,,7,2.0,70.5,70.5,20.0,,,4.0,1.0,37.0,61.5,19.587500000000002,,,86.0,33.5,-1.5
H0RZH1TGLA,4.0,58.0,71.5,16.875,,,14,2.0,66.5,66.5,14.5,,,4.0,1.0,39.5,38.3,24.31578947368421,,,30.0,27.0,-8.5
H0RZH1TGLB,4.0,83.5,83.5,18.75,,,8,2.0,66.5,66.5,14.5,,,4.0,1.0,39.5,38.3,24.31578947368421,,,30.0,27.0,17.0
H0RZH1TGLC,4.0,76.0,76.0,18.25,,,8,2.0,66.5,66.5,14.5,,,4.0,1.0,39.5,38.3,24.31578947368421,,,30.0,27.0,9.5
H0RZH1THLA,4.0,72.0,72.0,29.666666666666668,,,12,2.0,49.5,57.0,10.5,,,3.0,1.0,39.5,38.3,24.31578947368421,,,30.0,10.0,22.5
H0RZH1THLB,4.0,69.0,40.5,20.1,,,10,2.0,49.5,57.0,10.5,,,3.0,1.0,39.5,38.3,24.31578947368421,,,30.0,10.0,19.5
H0RZH1TJLA,4.0,64.0,70.5,27.875,,,16,2.0,61.5,64.5,12.0,,,6.0,1.0,39.5,38.3,24.31578947368421,,,30.0,22.0,2.5
H0RZH1TJLB,4.0,44.5,26.5,15.5,,,8,2.0,61.5,64.5,12.0,,,6.0,1.0,39.5,38.3,24.31578947368421,,,30.0,22.0,-17.0
H0RZH1TKLA,4.0,71.0,71.0,30.666666666666668,,,12,2.0,56.0,62.0,11.0,,,6.0,1.0,39.5,38.3,24.31578947368421,,,30.0,16.5,15.0
H0RZH1TKLB,4.0,75.5,46.5,27.125,,,16,2.0,56.0,62.0,11.0,,,6.0,1.0,39.5,38.3,24.31578947368421,,,30.0,16.5,19.5
H142H2JNLD,4.0,63.0,63.0,27.0,,,8,2.0,32.0,29.5,23.666666666666668,,,4.0,1.0,37.5,38.0,25.5,,,4.0,-5.5,31.0
H142H2JNLE,4.0,45.0,45.0,20.0,,,5,2.0,32.0,29.5,23.666666666666668,,,4.0,1.0,37.5,38.0,25.5,,,4.0,-5.5,13.0
H14MH2JHLJ,4.0,62.0,62.0,26.333333333333332,,,4,2.0,49.0,58.0,15.0,,,3.0,1.0,13.0,57.5,36.0625,,,7.0,36.0,13.0
H14MH2JHLK,4.0,50.5,51.0,24.607142857142858,,,9,2.0,49.0,58.0,15.0,,,3.0,1.0,13.0,57.5,36.0625,,,7.0,36.0,1.5
H14MH2JJLA,4.0,55.0,49.5,22.125,,,10,2.0,45.0,52.5,18.333333333333332,,,4.0,1.0,13.0,57.5,36.0625,,,7.0,32.0,10.0
H14MH2JJLB,4.0,44.5,49.0,24.875,,,10,2.0,45.0,52.5,18.333333333333332,,,4.0,1.0,13.0,57.5,36.0625,,,7.0,32.0,-0.5
H14MH2JKLA,4.0,47.5,61.5,21.5,,,14,2.0,58.0,71.0,13.25,,,3.0,1.0,13.0,57.5,36.0625,,,7.0,45.0,-10.5
H14MH2JKLB,4.0,59.5,59.5,18.3,,,14,2.0,58.0,71.0,13.25,,,3.0,1.0,13.0,57.5,36.0625,,,7.0,45.0,1.5
H14MH2JKLC,4.0,68.5,59.5,21.3,,,14,2.0,58.0,71.0,13.25,,,3.0,1.0,13.0,57.5,36.0625,,,7.0,45.0,10.5
H14MH2JKLD,4.0,48.5,63.0,22.6875,,,11,2.0,58.0,71.0,13.25,,,3.0,1.0,13.0,57.5,36.0625,,,7.0,45.0,-9.5
H14MH2JKLG,4.0,53.0,51.0,21.0,,,10,2.0,58.0,71.0,13.25,,,3.0,1.0,13.0,57.5,36.0625,,,7.0,45.0,-5.0
H14MH2JLLA,4.0,68.0,68.0,20.333333333333332,,,8,2.0,59.0,45.5,15.0,,,6.0,1.0,13.0,57.5,36.0625,,,7.0,46.0,9.0
H14MH2JLLB,4.0,,62.0,18.5,,,6,2.0,59.0,45.5,15.0,,,6.0,1.0,13.0,57.5,36.0625,,,7.0,46.0,
H14MH2JLLC,4.0,58.5,57.5,20.428571428571427,,,18,2.0,59.0,45.5,15.0,,,6.0,1.0,13.0,57.5,36.0625,,,7.0,46.0,-0.5
H14MH2JMLA,4.0,,64.5,18.5,,,4,2.0,58.0,48.5,12.5,,,6.0,1.0,13.0,57.5,36.0625,,,7.0,45.0,
H1HGH2JNLA,4.0,,62.5,14.0,,,2,2.0,,61.0,12.0,,,6.0,1.0,9.5,81.0,32.135,,,48.0,,
H1HGH2JNLB,4.0,,62.5,16.0,,,2,2.0,,61.0,12.0,,,6.0,1.0,9.5,81.0,32.135,,,48.0,,
H1HGH2JPLA,4.0,,30.0,15.5,,,3,2.0,54.0,66.0,12.833333333333334,,,8.0,1.0,9.5,81.0,32.135,,,48.0,44.5,
H1HGH2JPLB,4.0,,40.0,13.5,,,3,2.0,54.0,66.0,12.833333333333334,,,8.0,1.0,9.5,81.0,32.135,,,48.0,44.5,
H1JLH2JXLA,4.0,,72.5,17.0,,,2,2.0,63.0,63.0,18.0,,,2.0,1.0,36.0,73.0,21.5,,,9.0,27.0,
H1JLH2JXLB,4.0,,82.0,16.5,,,3,2.0,63.0,63.0,18.0,,,2.0,1.0,36.0,73.0,21.5,,,9.0,27.0,
H1JLH2JXLC,4.0,73.5,49.0,18.0,,,7,2.0,63.0,63.0,18.0,,,2.0,1.0,36.0,73.0,21.5,,,9.0,27.0,10.5
H1JLH2JYLA,4.0,74.0,74.0,20.0,,,4,2.0,73.0,73.0,6.5,,,4.0,1.0,36.0,73.0,21.5,,,9.0,37.0,1.0
H1JLH2JYLC,4.0,,74.5,17.5,,,4,2.0,73.0,73.0,6.5,,,4.0,1.0,36.0,73.0,21.5,,,9.0,37.0,
H1JLH2JYLD,4.0,39.0,54.5,20.25,,,7,2.0,73.0,73.0,6.5,,,4.0,1.0,36.0,73.0,21.5,,,9.0,37.0,-34.0
H1JLH2JZLA,4.0,,74.0,15.5,,,4,2.0,69.0,69.0,11.0,,,4.0,1.0,36.0,73.0,21.5,,,9.0,33.0,
H1JLH2JZLB,4.0,,68.5,18.0,,,4,2.0,69.0,69.0,11.0,,,4.0,1.0,36.0,73.0,21.5,,,9.0,33.0,
H1JLH2JZLC,4.0,,61.0,16.5,,,4,2.0,69.0,69.0,11.0,,,4.0,1.0,36.0,73.0,21.5,,,9.0,33.0,
H1K9H2JCLC,4.0,,81.5,8.5,,,4,2.0,74.0,74.0,9.0,,,4.0,1.0,51.0,63.79999999999999,17.06,,,9.0,23.0,
H1K9H2JCLD,4.0,,79.5,10.5,,,4,2.0,74.0,74.0,9.0,,,4.0,1.0,51.0,63.79999999999999,17.06,,,9.0,23.0,
H1K9H2JDLA,4.0,,76.0,11.0,,,4,2.0,78.5,78.5,11.0,,,4.0,1.0,51.0,63.79999999999999,17.06,,,9.0,27.5,
H1K9H2JDLB,4.0,,82.0,9.5,,,2,2.0,78.5,78.5,11.0,,,4.0,1.0,51.0,63.79999999999999,17.06,,,9.0,27.5,
H1K9H2JDLE,4.0,,67.0,14.0,,,4,2.0,78.5,78.5,11.0,,,4.0,1.0,51.0,63.79999999999999,17.06,,,9.0,27.5,
H1K9H2JELA,4.0,69.5,61.5,16.833333333333332,,,5,2.0,77.0,77.0,14.0,,,4.0,1.0,51.0,63.79999999999999,17.06,,,9.0,26.0,-7.5
H1K9H2JELB,4.0,,85.0,13.0,,,4,2.0,77.0,77.0,14.0,,,4.0,1.0,51.0,63.79999999999999,17.06,,,9.0,26.0,
H1K9H2JFLA,4.0,,61.0,15.5,,,2,2.0,75.0,75.0,17.5,,,4.0,1.0,51.0,63.79999999999999,17.06,,,9.0,24.0,
H1K9H2JFLB,4.0,,67.0,18.5,,,4,2.0,75.0,75.0,17.5,,,4.0,1.0,51.0,63.79999999999999,17.06,,,9.0,24.0,
H1K9H2JGLA,4.0,,73.0,16.5,,,2,2.0,76.5,76.5,23.5,,,2.0,1.0,51.0,63.79999999999999,17.06,,,9.0,25.5,
H1K9H2JGLB,4.0,,66.0,19.0,,,2,2.0,76.5,76.5,23.5,,,2.0,1.0,51.0,63.79999999999999,17.06,,,9.0,25.5,
H1KAH2J6LD,4.0,84.0,84.0,9.833333333333334,,,10,2.0,80.5,77.0,11.5,,,4.0,1.0,33.0,77.0,17.644444444444446,,,16.0,47.5,3.5
H1KAH2J6LE,4.0,90.0,90.0,6.666666666666667,,,10,2.0,80.5,77.0,11.5,,,4.0,1.0,33.0,77.0,17.644444444444446,,,16.0,47.5,9.5
H1KAH2J7LD,4.0,,85.5,8.0,,,2,2.0,80.5,80.5,8.5,,,4.0,1.0,33.0,77.0,17.644444444444446,,,16.0,47.5,
H1KAH2J7LE,4.0,,83.0,10.0,,,2,2.0,80.5,80.5,8.5,,,4.0,1.0,33.0,77.0,17.644444444444446,,,16.0,47.5,
H1KAH2J7LF,4.0,87.0,83.5,9.7,,,8,2.0,80.5,80.5,8.5,,,4.0,1.0,33.0,77.0,17.644444444444446,,,16.0,47.5,6.5
H1KAH2J8LC,4.0,82.5,69.5,13.125,,,13,2.0,75.0,82.5,13.666666666666666,,,6.0,1.0,33.0,77.0,17.644444444444446,,,16.0,42.0,7.5
H1KAH2J8LD,4.0,85.0,85.0,9.666666666666666,,,10,2.0,75.0,82.5,13.666666666666666,,,6.0,1.0,33.0,77.0,17.644444444444446,,,16.0,42.0,10.0
H1KAH2J9LC,4.0,,69.5,11.5,,,4,2.0,76.0,63.5,10.0,,,11.0,1.0,33.0,77.0,17.644444444444446,,,16.0,43.0,
H1KAH2J9LE,4.0,79.5,76.5,11.333333333333334,,,5,2.0,76.0,63.5,10.0,,,11.0,1.0,33.0,77.0,17.644444444444446,,,16.0,43.0,3.5
H1KAH2J9LF,4.0,,74.0,10.5,,,4,2.0,76.0,63.5,10.0,,,11.0,1.0,33.0,77.0,17.644444444444446,,,16.0,43.0,
H1KAH2KCLA,4.0,,86.5,6.5,,,2,2.0,79.0,75.0,10.071428571428571,,,11.0,1.0,33.0,77.0,17.644444444444446,,,16.0,46.0,
H1KAH2KCLB,4.0,,81.0,11.0,,,2,2.0,79.0,75.0,10.071428571428571,,,11.0,1.0,33.0,77.0,17.644444444444446,,,16.0,46.0,
H1KAH2KDLA,4.0,88.0,88.0,7.3,,,8,2.0,79.0,79.0,10.25,,,4.0,1.0,33.0,77.0,17.644444444444446,,,16.0,46.0,9.0
H1NRH2JPLA,4.0,,86.5,8.5,,,2,2.0,79.0,79.0,14.5,,,4.0,1.0,43.0,62.0,21.833333333333332,,,6.0,36.0,
H1NRH2JPLB,4.0,,75.5,13.5,,,2,2.0,79.0,79.0,14.5,,,4.0,1.0,43.0,62.0,21.833333333333332,,,6.0,36.0,
H1NRH2JPLC,4.0,,85.0,11.5,,,2,2.0,79.0,79.0,14.5,,,4.0,1.0,43.0,62.0,21.833333333333332,,,6.0,36.0,
H1NRH2JQLA,4.0,,86.5,4.5,,,4,2.0,80.0,80.0,9.5,,,4.0,1.0,43.0,62.0,21.833333333333332,,,6.0,37.0,
H1NRH2JQLB,4.0,80.0,79.5,11.833333333333334,,,10,2.0,80.0,80.0,9.5,,,4.0,1.0,43.0,62.0,21.833333333333332,,,6.0,37.0,0.0
H1NRH2JQLC,4.0,,83.0,7.5,,,2,2.0,80.0,80.0,9.5,,,4.0,1.0,43.0,62.0,21.833333333333332,,,6.0,37.0,
H1NRH2JRLB,4.0,,80.0,8.5,,,4,2.0,80.5,80.5,5.0,,,4.0,1.0,43.0,62.0,21.833333333333332,,,6.0,37.5,
H1QAH2J3LA,4.0,,70.0,19.0,,,6,2.0,72.5,72.5,14.0,,,4.0,1.0,20.0,58.5,34.416666666666664,,,6.0,52.5,
H1QAH2J3LB,4.0,,65.0,20.5,,,6,2.0,72.5,72.5,14.0,,,4.0,1.0,20.0,58.5,34.416666666666664,,,6.0,52.5,
H1QAH2J4LA,4.0,,77.0,16.0,,,6,2.0,48.5,48.5,20.0,,,4.0,1.0,20.0,58.5,34.416666666666664,,,6.0,28.5,
H1QAH2J4LB,4.0,,60.5,19.0,,,2,2.0,48.5,48.5,20.0,,,4.0,1.0,20.0,58.5,34.416666666666664,,,6.0,28.5,
H1QAH2J5LA,4.0,,65.0,20.5,,,2,2.0,52.5,52.5,18.0,,,2.0,1.0,20.0,58.5,34.416666666666664,,,6.0,32.5,
H1QAH2J5LB,4.0,63.0,56.0,24.7,,,14,2.0,52.5,52.5,18.0,,,2.0,1.0,20.0,58.5,34.416666666666664,,,6.0,32.5,10.5
H1R9H2JSLA,4.0,,62.5,18.5,,,3,2.0,46.0,60.5,10.0,,,3.0,1.0,40.0,41.0,22.53333333333333,,,11.0,6.0,
H1R9H2JSLB,4.0,,63.5,21.0,,,6,2.0,46.0,60.5,10.0,,,3.0,1.0,40.0,41.0,22.53333333333333,,,11.0,6.0,
H1R9H2JTLA,4.0,,62.5,15.0,,,4,2.0,58.5,58.5,14.0,,,2.0,1.0,40.0,41.0,22.53333333333333,,,11.0,18.5,
H1R9H2JTLB,4.0,,65.0,14.25,,,6,2.0,58.5,58.5,14.0,,,2.0,1.0,40.0,41.0,22.53333333333333,,,11.0,18.5,
H1R9H2JTLC,4.0,58.5,65.0,15.361111111111109,,,8,2.0,58.5,58.5,14.0,,,2.0,1.0,40.0,41.0,22.53333333333333,,,11.0,18.5,0.0
H1R9H2JTLD,4.0,,61.5,17.0,,,6,2.0,58.5,58.5,14.0,,,2.0,1.0,40.0,41.0,22.53333333333333,,,11.0,18.5,
H1R9H2JTLE,4.0,67.5,67.5,14.0,,,4,2.0,58.5,58.5,14.0,,,2.0,1.0,40.0,41.0,22.53333333333333,,,11.0,18.5,9.0
H1R9H2JULA,4.0,66.0,66.0,15.666666666666666,,,8,2.0,55.5,55.5,17.5,,,4.0,1.0,40.0,41.0,22.53333333333333,,,11.0,15.5,10.5
H1R9H2JULB,4.0,39.5,39.5,20.0,,,5,2.0,55.5,55.5,17.5,,,4.0,1.0,40.0,41.0,22.53333333333333,,,11.0,15.5,-16.0
H1R9H2JVLA,4.0,,60.5,22.5,,,6,2.0,43.0,19.0,14.166666666666666,,,8.0,1.0,40.0,41.0,22.53333333333333,,,11.0,3.0,
H1R9H2JVLB,4.0,46.5,46.5,17.6875,,,10,2.0,43.0,19.0,14.166666666666666,,,8.0,1.0,40.0,41.0,22.53333333333333,,,11.0,3.0,3.5
H1R9H2JWLA,4.0,44.5,44.5,23.375,,,10,2.0,47.0,31.5,20.625,,,10.0,1.0,40.0,41.0,22.53333333333333,,,11.0,7.0,-2.5
H2BVH3MPLC,4.0,75.5,75.5,15.0,,,4,2.0,60.0,60.0,19.0,,,2.0,1.0,71.5,71.5,19.07,,,2.0,-11.5,15.5
H2BVH3MPLD,4.0,,68.5,9.5,,,2,2.0,60.0,60.0,19.0,,,2.0,1.0,71.5,71.5,19.07,,,2.0,-11.5,
H2BVH3MPLE,4.0,,71.0,9.0,,,4,2.0,60.0,60.0,19.0,,,2.0,1.0,71.5,71.5,19.07,,,2.0,-11.5,
H2BVH3MQLC,4.0,67.0,67.5,20.875,,,12,2.0,60.0,60.0,17.0,,,2.0,1.0,71.5,71.5,19.07,,,2.0,-11.5,7.0
H2BVH3MQLD,4.0,,71.5,14.0,,,2,2.0,60.0,60.0,17.0,,,2.0,1.0,71.5,71.5,19.07,,,2.0,-11.5,
H2BVH3MRLA,4.0,71.5,66.5,16.6,,,8,2.0,72.5,72.5,19.0,,,2.0,1.0,71.5,71.5,19.07,,,2.0,1.0,-1.0
H2BVH3MRLB,4.0,75.5,66.0,17.375,,,7,2.0,72.5,72.5,19.0,,,2.0,1.0,71.5,71.5,19.07,,,2.0,1.0,3.0
H2BVH3MSLA,4.0,75.0,71.0,16.875,,,7,2.0,65.5,65.5,16.5,,,4.0,1.0,71.5,71.5,19.07,,,2.0,-6.0,9.5
H2BVH3MSLB,4.0,71.5,75.0,19.833333333333332,,,5,2.0,65.5,65.5,16.5,,,4.0,1.0,71.5,71.5,19.07,,,2.0,-6.0,6.0
H2BVH3MSLC,4.0,,66.0,19.0,,,2,2.0,65.5,65.5,16.5,,,4.0,1.0,71.5,71.5,19.07,,,2.0,-6.0,
H2BVH3MSLD,4.0,77.0,75.5,15.166666666666666,,,5,2.0,65.5,65.5,16.5,,,4.0,1.0,71.5,71.5,19.07,,,2.0,-6.0,11.5
H2BVH3MTLA,4.0,,73.5,16.0,,,2,2.0,75.5,75.5,18.5,,,4.0,1.0,71.5,71.5,19.07,,,2.0,4.0,
H2BVH3MTLB,4.0,,74.5,16.5,,,2,2.0,75.5,75.5,18.5,,,4.0,1.0,71.5,71.5,19.07,,,2.0,4.0,
H2BXL4AALA,4.0,72.5,70.5,20.625,,,6,2.0,64.5,64.5,25.0,,,4.0,1.0,49.4,75.6,13.552068965517241,,,56.0,15.100000000000001,8.0
H2BXL4AALB,4.0,,64.0,17.5,,,4,2.0,64.5,64.5,25.0,,,4.0,1.0,49.4,75.6,13.552068965517241,,,56.0,15.100000000000001,
H2BXL4ABLB,4.0,,77.0,17.0,,,4,2.0,75.0,75.0,18.5,,,2.0,1.0,49.4,75.6,13.552068965517241,,,56.0,25.6,
H2BXL4ABLC,4.0,,82.5,13.0,,,4,2.0,75.0,75.0,18.5,,,2.0,1.0,49.4,75.6,13.552068965517241,,,56.0,25.6,
H2BXL4ACLA,4.0,,77.0,16.0,,,2,2.0,77.0,77.0,15.0,,,2.0,1.0,49.4,75.6,13.552068965517241,,,56.0,27.6,
H2BXL4ACLB,4.0,,72.5,12.0,,,2,2.0,77.0,77.0,15.0,,,2.0,1.0,49.4,75.6,13.552068965517241,,,56.0,27.6,
H2BXL4ADLA,4.0,,83.0,9.5,,,2,2.0,80.5,80.5,11.0,,,2.0,1.0,49.4,75.6,13.552068965517241,,,56.0,31.1,
H2BXL4ADLB,4.0,,84.5,8.0,,,4,2.0,80.5,80.5,11.0,,,2.0,1.0,49.4,75.6,13.552068965517241,,,56.0,31.1,
H2BXL4AELA,4.0,,75.5,12.5,,,2,2.0,69.0,69.0,12.5,,,2.0,1.0,49.4,75.6,13.552068965517241,,,56.0,19.6,
H2BXL4AELB,4.0,,75.0,11.5,,,2,2.0,69.0,69.0,12.5,,,2.0,1.0,49.4,75.6,13.552068965517241,,,56.0,19.6,
H2BXL4AFLA,4.0,84.0,77.0,14.5,,,5,2.0,63.0,63.0,19.0,,,2.0,1.0,49.4,75.6,13.552068965517241,,,56.0,13.600000000000001,21.0
H2BXL4AFLB,4.0,,73.0,16.5,,,4,2.0,63.0,63.0,19.0,,,2.0,1.0,49.4,75.6,13.552068965517241,,,56.0,13.600000000000001,
H2BXL4AFLC,4.0,,79.5,10.0,,,4,2.0,63.0,63.0,19.0,,,2.0,1.0,49.4,75.6,13.552068965517241,,,56.0,13.600000000000001,
H2BXL4AGLE,4.0,,79.5,13.5,,,2,2.0,74.0,74.0,8.0,,,4.0,1.0,49.4,75.6,13.552068965517241,,,56.0,24.6,
H2BXL4AGLF,4.0,,85.0,9.0,,,2,2.0,74.0,74.0,8.0,,,4.0,1.0,49.4,75.6,13.552068965517241,,,56.0,24.6,
H2BXL4AGLH,4.0,,63.0,19.0,,,2,2.0,74.0,74.0,8.0,,,4.0,1.0,49.4,75.6,13.552068965517241,,,56.0,24.6,
H2BXL4AHLA,4.0,,71.5,18.0,,,4,2.0,69.0,69.0,21.5,,,2.0,1.0,49.4,75.6,13.552068965517241,,,56.0,19.6,
H2BXL4AHLB,4.0,,67.5,17.5,,,2,2.0,69.0,69.0,21.5,,,2.0,1.0,49.4,75.6,13.552068965517241,,,56.0,19.6,
H2BXL4AJLA,4.0,73.0,62.5,19.375,,,7,2.0,59.0,77.5,11.25,,,3.0,1.0,49.4,75.6,13.552068965517241,,,56.0,9.600000000000001,14.0
H2BXL4AJLB,4.0,78.5,71.0,18.875,,,7,2.0,59.0,77.5,11.25,,,3.0,1.0,49.4,75.6,13.552068965517241,,,56.0,9.600000000000001,19.5
H2BXL4AJLC,4.0,83.5,69.5,16.3,,,8,2.0,59.0,77.5,11.25,,,3.0,1.0,49.4,75.6,13.552068965517241,,,56.0,9.600000000000001,24.5
H2BXL4AKLA,4.0,,75.5,16.0,,,2,2.0,67.0,67.0,16.5,,,4.0,1.0,49.4,75.6,13.552068965517241,,,56.0,17.6,
H2CWL4AMLA,4.0,82.5,82.0,12.214285714285714,,,11,2.0,80.0,80.0,12.0,,,2.0,1.0,69.71,80.9,13.964952380952381,,,41.0,10.290000000000006,2.5
H2CWL4AMLB,4.0,,70.5,12.0,,,2,2.0,80.0,80.0,12.0,,,2.0,1.0,69.71,80.9,13.964952380952381,,,41.0,10.290000000000006,
H2CWL4AMLC,4.0,,79.5,11.0,,,2,2.0,80.0,80.0,12.0,,,2.0,1.0,69.71,80.9,13.964952380952381,,,41.0,10.290000000000006,
H2CWL4AMLD,4.0,,64.0,18.0,,,2,2.0,80.0,80.0,12.0,,,2.0,1.0,69.71,80.9,13.964952380952381,,,41.0,10.290000000000006,
H2CWL4ANLA,4.0,,70.5,14.0,,,4,2.0,74.0,74.0,15.5,,,2.0,1.0,69.71,80.9,13.964952380952381,,,41.0,4.290000000000006,
H2CWL4ANLB,4.0,,76.0,15.0,,,4,2.0,74.0,74.0,15.5,,,2.0,1.0,69.71,80.9,13.964952380952381,,,41.0,4.290000000000006,
H2CWL4ANLC,4.0,,75.0,14.5,,,2,2.0,74.0,74.0,15.5,,,2.0,1.0,69.71,80.9,13.964952380952381,,,41.0,4.290000000000006,
H2CWL4APLA,4.0,,83.5,12.5,,,4,2.0,64.0,64.0,17.0,,,2.0,1.0,69.71,80.9,13.964952380952381,,,41.0,-5.709999999999994,
H2CWL4APLB,4.0,,78.5,9.5,,,4,2.0,64.0,64.0,17.0,,,2.0,1.0,69.71,80.9,13.964952380952381,,,41.0,-5.709999999999994,
H2CWL4AQLC,4.0,,73.0,19.0,,,4,2.0,76.0,76.0,14.5,,,4.0,1.0,69.71,80.9,13.964952380952381,,,41.0,6.290000000000006,
H2CWL4AQLD,4.0,,74.5,11.5,,,4,2.0,76.0,76.0,14.5,,,4.0,1.0,69.71,80.9,13.964952380952381,,,41.0,6.290000000000006,
H2CWL4ARLA,4.0,,68.0,15.0,,,4,2.0,84.0,84.0,10.0,,,4.0,1.0,69.71,80.9,13.964952380952381,,,41.0,14.290000000000006,
H2CWL4ARLB,4.0,,81.5,11.0,,,2,2.0,84.0,84.0,10.0,,,4.0,1.0,69.71,80.9,13.964952380952381,,,41.0,14.290000000000006,
H2CWL4ASLA,4.0,,73.0,14.5,,,4,2.0,70.5,70.5,18.0,,,2.0,1.0,69.71,80.9,13.964952380952381,,,41.0,0.7900000000000063,
H2CWL4ASLB,4.0,,70.0,16.5,,,2,2.0,70.5,70.5,18.0,,,2.0,1.0,69.71,80.9,13.964952380952381,,,41.0,0.7900000000000063,
H2CWL4ASLC,4.0,80.5,67.0,16.5,,,8,2.0,70.5,70.5,18.0,,,2.0,1.0,69.71,80.9,13.964952380952381,,,41.0,0.7900000000000063,10.0
H2CWL4ATLA,4.0,,75.0,16.5,,,2,2.0,75.5,75.5,15.5,,,2.0,1.0,69.71,80.9,13.964952380952381,,,41.0,5.790000000000006,
H2CWL4ATLB,4.0,,80.5,12.5,,,2,2.0,75.5,75.5,15.5,,,2.0,1.0,69.71,80.9,13.964952380952381,,,41.0,5.790000000000006,
H2CWL4ATLC,4.0,78.5,78.5,15.166666666666666,,,5,2.0,75.5,75.5,15.5,,,2.0,1.0,69.71,80.9,13.964952380952381,,,41.0,5.790000000000006,3.0
H2CWL4AULA,4.0,,78.5,15.5,,,2,2.0,68.5,68.5,16.0,,,2.0,1.0,69.71,80.9,13.964952380952381,,,41.0,-1.2099999999999937,
H2CWL4AULB,4.0,75.5,73.0,14.7,,,8,2.0,68.5,68.5,16.0,,,2.0,1.0,69.71,80.9,13.964952380952381,,,41.0,-1.2099999999999937,7.0
H2CWL4AULC,4.0,,68.5,21.0,,,2,2.0,68.5,68.5,16.0,,,2.0,1.0,69.71,80.9,13.964952380952381,,,41.0,-1.2099999999999937,
H2CWL4AVLA,4.0,,78.5,15.0,,,2,2.0,70.5,70.5,19.0,,,4.0,1.0,69.71,80.9,13.964952380952381,,,41.0,0.7900000000000063,
H2CWL4AVLB,4.0,,69.5,18.0,,,2,2.0,70.5,70.5,19.0,,,4.0,1.0,69.71,80.9,13.964952380952381,,,41.0,0.7900000000000063,
H2CXH3JRLA,4.0,41.5,48.0,16.125,,,15,2.0,57.5,27.5,22.25,,,5.0,1.0,58.4,58.4,24.935,,,2.0,-0.8999999999999986,-16.0
H2CXH3JRLB,4.0,47.5,42.0,19.928571428571427,,,9,2.0,57.5,27.5,22.25,,,5.0,1.0,58.4,58.4,24.935,,,2.0,-0.8999999999999986,-10.0
H2CXH3JSLA,4.0,51.0,41.5,21.928571428571427,,,18,2.0,36.0,34.0,19.5,,,8.0,1.0,58.4,58.4,24.935,,,2.0,-22.4,15.0
H2CXH3JSLB,4.0,45.0,55.0,15.9375,,,10,2.0,36.0,34.0,19.5,,,8.0,1.0,58.4,58.4,24.935,,,2.0,-22.4,9.0
H2CXH3JSLC,4.0,39.0,60.5,22.083333333333332,,,16,2.0,36.0,34.0,19.5,,,8.0,1.0,58.4,58.4,24.935,,,2.0,-22.4,3.0
H2CXH3JTLA,4.0,52.0,48.0,20.95,,,13,2.0,47.5,23.5,26.666666666666668,,,4.0,1.0,58.4,58.4,24.935,,,2.0,-10.899999999999999,4.5
H2CXH3JTLB,4.0,45.5,48.0,20.083333333333332,,,15,2.0,47.5,23.5,26.666666666666668,,,4.0,1.0,58.4,58.4,24.935,,,2.0,-10.899999999999999,-2.0
H2CXH3JULA,4.0,52.5,55.0,16.416666666666668,,,15,2.0,41.0,47.0,23.833333333333332,,,8.0,1.0,58.4,58.4,24.935,,,2.0,-17.4,11.5
H2CXH3JULB,4.0,34.5,56.0,21.944444444444443,,,12,2.0,41.0,47.0,23.833333333333332,,,8.0,1.0,58.4,58.4,24.935,,,2.0,-17.4,-6.5
H2CXH3JVLA,4.0,47.5,59.0,17.714285714285715,,,18,2.0,51.0,43.0,20.5,,,8.0,1.0,58.4,58.4,24.935,,,2.0,-7.399999999999999,-3.5
H2CXH3JVLB,4.0,,61.0,19.75,,,3,2.0,51.0,43.0,20.5,,,8.0,1.0,58.4,58.4,24.935,,,2.0,-7.399999999999999,
H2FVL4BJLA,4.0,,69.0,17.5,,,3,2.0,56.5,68.5,12.75,,,6.0,1.0,60.4,70.5,18.655,,,22.0,-3.8999999999999986,
H2FVL4BJLB,4.0,85.0,85.0,14.833333333333334,,,4,2.0,56.5,68.5,12.75,,,6.0,1.0,60.4,70.5,18.655,,,22.0,-3.8999999999999986,28.5
H2FVL4BJLC,4.0,,65.0,24.75,,,6,2.0,56.5,68.5,12.75,,,6.0,1.0,60.4,70.5,18.655,,,22.0,-3.8999999999999986,
H2FVL4BKLA,4.0,,76.5,17.0,,,4,2.0,52.0,77.5,14.25,,,6.0,1.0,60.4,70.5,18.655,,,22.0,-8.399999999999999,
H2FVL4BKLB,4.0,,63.5,18.0,,,6,2.0,52.0,77.5,14.25,,,6.0,1.0,60.4,70.5,18.655,,,22.0,-8.399999999999999,
H2FVL4BKLC,4.0,73.5,57.0,19.5,,,10,2.0,52.0,77.5,14.25,,,6.0,1.0,60.4,70.5,18.655,,,22.0,-8.399999999999999,21.5
H2FVL4BKLD,4.0,,69.5,17.0,,,4,2.0,52.0,77.5,14.25,,,6.0,1.0,60.4,70.5,18.655,,,22.0,-8.399999999999999,
H2FVL4BLLA,4.0,69.5,68.5,18.5,,,5,2.0,72.5,72.5,14.5,,,4.0,1.0,60.4,70.5,18.655,,,22.0,12.100000000000001,-3.0
H2FVL4BLLB,4.0,,61.0,21.0,,,2,2.0,72.5,72.5,14.5,,,4.0,1.0,60.4,70.5,18.655,,,22.0,12.100000000000001,
H2FVL4BMLA,4.0,,94.5,8.5,,,6,2.0,69.0,69.0,17.0,,,2.0,1.0,60.4,70.5,18.655,,,22.0,8.600000000000001,
H2FVL4BMLB,4.0,,73.5,19.25,,,3,2.0,69.0,69.0,17.0,,,2.0,1.0,60.4,70.5,18.655,,,22.0,8.600000000000001,
H2FYL3CFLA,4.0,,78.5,11.5,,,4,2.0,71.0,71.0,17.0,,,2.0,1.0,55.1,55.1,26.2,,,4.0,15.899999999999999,
H2FYL3CFLB,4.0,,66.0,16.5,,,4,2.0,71.0,71.0,17.0,,,2.0,1.0,55.1,55.1,26.2,,,4.0,15.899999999999999,
H2FYL3CGLA,4.0,,75.5,13.0,,,2,2.0,82.0,82.0,13.0,,,4.0,1.0,55.1,55.1,26.2,,,4.0,26.9,
H2FYL3CGLB,4.0,,73.5,14.0,,,2,2.0,82.0,82.0,13.0,,,4.0,1.0,55.1,55.1,26.2,,,4.0,26.9,
H2FYL3CHLA,4.0,,77.5,12.5,,,2,2.0,74.0,74.0,13.5,,,4.0,1.0,55.1,55.1,26.2,,,4.0,18.9,
H2FYL3CHLB,4.0,,67.5,18.0,,,2,2.0,74.0,74.0,13.5,,,4.0,1.0,55.1,55.1,26.2,,,4.0,18.9,
H2FYL3CHLC,4.0,,81.5,11.5,,,4,2.0,74.0,74.0,13.5,,,4.0,1.0,55.1,55.1,26.2,,,4.0,18.9,
H2FYL3CJLA,4.0,,79.5,11.5,,,4,2.0,81.5,81.5,11.0,,,4.0,1.0,55.1,55.1,26.2,,,4.0,26.4,
H2FYL3CJLB,4.0,,75.5,12.5,,,2,2.0,81.5,81.5,11.0,,,4.0,1.0,55.1,55.1,26.2,,,4.0,26.4,
H2FYL3CKLA,4.0,,70.0,16.0,,,2,2.0,78.0,78.0,11.5,,,2.0,1.0,55.1,55.1,26.2,,,4.0,22.9,
H2FYL3CKLB,4.0,86.0,86.5,9.0,,,10,2.0,78.0,78.0,11.5,,,2.0,1.0,55.1,55.1,26.2,,,4.0,22.9,8.0
H2FYL3CKLC,4.0,,71.5,18.0,,,2,2.0,78.0,78.0,11.5,,,2.0,1.0,55.1,55.1,26.2,,,4.0,22.9,
H2FYL3CLLB,4.0,,82.5,12.0,,,4,2.0,79.0,79.0,11.5,,,4.0,1.0,55.1,55.1,26.2,,,4.0,23.9,
H2GVH3M6LA,4.0,,78.5,13.5,,,4,2.0,69.5,73.0,8.583333333333334,,,9.0,1.0,63.0,63.0,23.0,,,4.0,6.5,
H2GVH3M6LB,4.0,,78.5,18.0,,,2,2.0,69.5,73.0,8.583333333333334,,,9.0,1.0,63.0,63.0,23.0,,,4.0,6.5,
H2GYH3K1LA,4.0,49.5,52.5,13.75,,,5,2.0,55.5,35.0,11.5,,,3.0,1.0,33.22,66.0,20.87333333333333,,,5.0,22.28,-6.0
H2GYH3K1LB,4.0,54.5,31.0,19.5625,,,11,2.0,55.5,35.0,11.5,,,3.0,1.0,33.22,66.0,20.87333333333333,,,5.0,22.28,-1.0
H2GYH3K2LA,4.0,,64.0,18.0,,,9,2.0,51.0,31.0,16.5,,,3.0,1.0,33.22,66.0,20.87333333333333,,,5.0,17.78,
H2GYH3K2LB,4.0,,69.0,16.5,,,6,2.0,51.0,31.0,16.5,,,3.0,1.0,33.22,66.0,20.87333333333333,,,5.0,17.78,
H2GYH3K2LC,4.0,,61.5,21.25,,,6,2.0,51.0,31.0,16.5,,,3.0,1.0,33.22,66.0,20.87333333333333,,,5.0,17.78,
H2GYH3K3LA,4.0,54.0,62.0,15.625,,,10,2.0,45.0,45.0,23.5,,,4.0,1.0,33.22,66.0,20.87333333333333,,,5.0,11.780000000000001,9.0
H2GYH3K3LB,4.0,42.0,57.0,17.642857142857142,,,9,2.0,45.0,45.0,23.5,,,4.0,1.0,33.22,66.0,20.87333333333333,,,5.0,11.780000000000001,-3.0
H2GYH3K4LA,4.0,83.0,83.0,10.5,,,5,2.0,36.0,36.0,19.5,,,4.0,1.0,33.22,66.0,20.87333333333333,,,5.0,2.780000000000001,47.0
H2GYH3K4LB,4.0,60.0,60.0,15.666666666666666,,,4,2.0,36.0,36.0,19.5,,,4.0,1.0,33.22,66.0,20.87333333333333,,,5.0,2.780000000000001,24.0
H2GYH3K5LA,4.0,55.0,66.0,15.25,,,5,2.0,53.0,53.0,22.0,,,4.0,1.0,33.22,66.0,20.87333333333333,,,5.0,19.78,2.0
H2GYH3K5LB,4.0,35.0,48.5,15.708333333333334,,,15,2.0,53.0,53.0,22.0,,,4.0,1.0,33.22,66.0,20.87333333333333,,,5.0,19.78,-18.0
H2GYH3K5LC,4.0,55.0,42.0,16.375,,,5,2.0,53.0,53.0,22.0,,,4.0,1.0,33.22,66.0,20.87333333333333,,,5.0,19.78,2.0
H2GYH3K6LA,4.0,68.5,68.5,16.5,,,8,2.0,49.5,45.5,16.0,,,6.0,1.0,33.22,66.0,20.87333333333333,,,5.0,16.28,19.0
H2GYH3K6LB,4.0,56.0,68.5,11.125,,,5,2.0,49.5,45.5,16.0,,,6.0,1.0,33.22,66.0,20.87333333333333,,,5.0,16.28,6.5
H2GYH3K7LA,4.0,44.0,20.5,24.571428571428573,,,18,2.0,53.0,53.0,20.0,,,2.0,1.0,33.22,66.0,20.87333333333333,,,5.0,19.78,-9.0
H2GYH3K7LB,4.0,46.5,55.5,14.25,,,10,2.0,53.0,53.0,20.0,,,2.0,1.0,33.22,66.0,20.87333333333333,,,5.0,19.78,-6.5
H2GYH3K8LA,4.0,55.5,62.5,15.083333333333334,,,8,2.0,50.5,42.5,13.5,,,3.0,1.0,33.22,66.0,20.87333333333333,,,5.0,17.28,5.0
H2GYH3K8LB,4.0,,65.5,17.5,,,3,2.0,50.5,42.5,13.5,,,3.0,1.0,33.22,66.0,20.87333333333333,,,5.0,17.28,
H2GYH3K9LA,4.0,,61.0,17.5,,,2,2.0,56.5,41.5,12.0,,,6.0,1.0,33.22,66.0,20.87333333333333,,,5.0,23.28,
H2GYH3K9LB,4.0,,64.0,13.5,,,4,2.0,56.5,41.5,12.0,,,6.0,1.0,33.22,66.0,20.87333333333333,,,5.0,23.28,
H2GYH3KZLA,4.0,,62.0,16.0,,,4,2.0,53.5,57.0,10.75,,,3.0,1.0,33.22,66.0,20.87333333333333,,,5.0,20.28,
H2GYH3KZLB,4.0,,74.5,16.75,,,3,2.0,53.5,57.0,10.75,,,3.0,1.0,33.22,66.0,20.87333333333333,,,5.0,20.28,
H2GYH3KZLC,4.0,66.0,66.0,14.333333333333334,,,4,2.0,53.5,57.0,10.75,,,3.0,1.0,33.22,66.0,20.87333333333333,,,5.0,20.28,12.5
H2GYH3MALA,4.0,69.0,69.0,19.75,,,9,2.0,68.0,68.0,17.5,,,4.0,1.0,33.22,66.0,20.87333333333333,,,5.0,34.78,1.0
H2HVH3M1LA,4.0,73.5,65.0,18.375,,,6,2.0,65.0,65.0,16.5,,,2.0,1.0,51.66,72.5,15.388,,,3.0,13.340000000000003,8.5
H2HVH3M1LB,4.0,72.0,68.5,15.375,,,7,2.0,65.0,65.0,16.5,,,2.0,1.0,51.66,72.5,15.388,,,3.0,13.340000000000003,7.0
H2HVH3M2LA,4.0,73.5,72.0,15.375,,,7,2.0,73.0,73.0,14.5,,,2.0,1.0,51.66,72.5,15.388,,,3.0,21.340000000000003,0.5
H2HVH3M2LB,4.0,70.0,71.0,18.916666666666668,,,9,2.0,73.0,73.0,14.5,,,2.0,1.0,51.66,72.5,15.388,,,3.0,21.340000000000003,-3.0
H2HVH3M3LA,4.0,,64.0,21.5,,,2,2.0,66.0,66.0,13.0,,,2.0,1.0,51.66,72.5,15.388,,,3.0,14.340000000000003,
H2HVH3M4LA,4.0,,72.0,18.5,,,2,2.0,78.0,78.0,14.0,,,2.0,1.0,51.66,72.5,15.388,,,3.0,26.340000000000003,
H2HVH3M4LB,4.0,,71.0,16.0,,,2,2.0,78.0,78.0,14.0,,,2.0,1.0,51.66,72.5,15.388,,,3.0,26.340000000000003,
H2HVH3M4LC,4.0,,63.5,20.0,,,2,2.0,78.0,78.0,14.0,,,2.0,1.0,51.66,72.5,15.388,,,3.0,26.340000000000003,
H2HVH3M5LA,4.0,,73.0,5.5,,,2,2.0,69.0,69.0,14.0,,,2.0,1.0,51.66,72.5,15.388,,,3.0,17.340000000000003,
H2HVH3M5LB,4.0,,80.5,11.5,,,2,2.0,69.0,69.0,14.0,,,2.0,1.0,51.66,72.5,15.388,,,3.0,17.340000000000003,
H2HVH3MULA,4.0,74.0,66.0,19.333333333333332,,,5,2.0,68.0,68.0,19.0,,,4.0,1.0,51.66,72.5,15.388,,,3.0,16.340000000000003,6.0
H2HVH3MULB,4.0,75.5,70.0,16.25,,,7,2.0,68.0,68.0,19.0,,,4.0,1.0,51.66,72.5,15.388,,,3.0,16.340000000000003,7.5
H2HVH3MVLA,4.0,78.5,69.0,15.9,,,8,2.0,69.5,69.5,15.5,,,4.0,1.0,51.66,72.5,15.388,,,3.0,17.840000000000003,9.0
H2HVH3MVLB,4.0,71.0,60.5,20.071428571428573,,,11,2.0,69.5,69.5,15.5,,,4.0,1.0,51.66,72.5,15.388,,,3.0,17.840000000000003,1.5
H2HVH3MWLA,4.0,72.0,63.0,15.5,,,5,2.0,62.0,62.0,18.0,,,2.0,1.0,51.66,72.5,15.388,,,3.0,10.340000000000003,10.0
H2HVH3MWLB,4.0,,68.0,21.5,,,2,2.0,62.0,62.0,18.0,,,2.0,1.0,51.66,72.5,15.388,,,3.0,10.340000000000003,
H2HVH3MXLP,4.0,,61.5,22.0,,,2,2.0,58.0,66.5,10.285714285714286,,,10.0,1.0,51.66,72.5,15.388,,,3.0,6.340000000000003,
H2HVH3MXLQ,4.0,,71.5,19.0,,,2,2.0,58.0,66.5,10.285714285714286,,,10.0,1.0,51.66,72.5,15.388,,,3.0,6.340000000000003,
H2HVH3MYLA,4.0,,60.0,21.0,,,2,2.0,69.5,69.5,15.0,,,2.0,1.0,51.66,72.5,15.388,,,3.0,17.840000000000003,
H2HVH3MYLB,4.0,75.5,72.0,17.75,,,6,2.0,69.5,69.5,15.0,,,2.0,1.0,51.66,72.5,15.388,,,3.0,17.840000000000003,6.0
H2HVH3MYLC,4.0,,64.5,21.0,,,2,2.0,69.5,69.5,15.0,,,2.0,1.0,51.66,72.5,15.388,,,3.0,17.840000000000003,
H2HVH3MZLB,4.0,70.0,64.0,19.75,,,6,2.0,69.0,69.0,17.0,,,2.0,1.0,51.66,72.5,15.388,,,3.0,17.340000000000003,1.0
H2HWL3CDLA,4.0,53.5,64.5,18.5625,,,11,2.0,29.5,46.5,18.0,,,4.0,1.0,43.0,34.36,,,,3.0,-13.5,24.0
H2HWL3EYLA,4.0,47.0,64.0,19.95,,,13,2.0,25.0,34.5,21.0,,,6.0,1.0,43.0,34.36,,,,3.0,-18.0,22.0
H2HWL3EYLB,4.0,41.0,41.0,19.607142857142858,,,18,2.0,25.0,34.5,21.0,,,6.0,1.0,43.0,34.36,,,,3.0,-18.0,16.0
H2HWL3EYLC,4.0,,67.5,17.75,,,3,2.0,25.0,34.5,21.0,,,6.0,1.0,43.0,34.36,,,,3.0,-18.0,
H2HWL3EZLA,4.0,38.5,57.0,18.545454545454547,,,14,2.0,43.0,29.5,14.5,,,6.0,1.0,43.0,34.36,,,,3.0,0.0,-4.5
H2HWL3EZLB,4.0,55.5,41.0,16.125,,,5,2.0,43.0,29.5,14.5,,,6.0,1.0,43.0,34.36,,,,3.0,0.0,12.5
H2HWL3FALA,4.0,69.5,52.5,19.375,,,11,2.0,47.5,32.0,18.0,,,10.0,1.0,43.0,34.36,,,,3.0,4.5,22.0
H2HWL3FALB,4.0,42.5,55.0,16.458333333333332,,,15,2.0,47.5,32.0,18.0,,,10.0,1.0,43.0,34.36,,,,3.0,4.5,-5.0
H2HWL3FBLA,4.0,,65.0,21.75,,,3,2.0,47.0,21.0,18.833333333333332,,,4.0,1.0,43.0,34.36,,,,3.0,4.0,
H2HWL3FBLB,4.0,56.5,74.5,20.7,,,8,2.0,47.0,21.0,18.833333333333332,,,4.0,1.0,43.0,34.36,,,,3.0,4.0,9.5
H2HWL3FCLA,4.0,51.5,62.5,19.071428571428573,,,9,2.0,52.0,32.5,12.5,,,3.0,1.0,43.0,34.36,,,,3.0,9.0,-0.5
H2HWL3FCLB,4.0,,62.5,20.25,,,3,2.0,52.0,32.5,12.5,,,3.0,1.0,43.0,34.36,,,,3.0,9.0,
H2HWL3FCLC,4.0,,72.0,17.75,,,6,2.0,52.0,32.5,12.5,,,3.0,1.0,43.0,34.36,,,,3.0,9.0,
H2HWL3FDLA,4.0,68.5,33.5,20.666666666666668,,,17,2.0,39.5,37.5,15.75,,,6.0,1.0,43.0,34.36,,,,3.0,-3.5,29.0
H2HWL3FDLB,4.0,49.5,66.0,14.75,,,10,2.0,39.5,37.5,15.75,,,6.0,1.0,43.0,34.36,,,,3.0,-3.5,10.0
H2HWL3FELA,4.0,,64.5,16.75,,,3,2.0,44.5,46.0,17.25,,,3.0,1.0,43.0,34.36,,,,3.0,1.5,
H2HWL3FELB,4.0,,66.0,18.0,,,2,2.0,44.5,46.0,17.25,,,3.0,1.0,43.0,34.36,,,,3.0,1.5,
H2JVH3M7LA,4.0,59.5,62.0,17.375,,,7,2.0,61.5,61.5,16.5,,,2.0,1.0,69.75,69.75,16.24,,,2.0,-8.25,-2.0
H2JVH3M7LB,4.0,73.0,62.5,13.375,,,7,2.0,61.5,61.5,16.5,,,2.0,1.0,69.75,69.75,16.24,,,2.0,-8.25,11.5
H2JVH3M9LA,4.0,79.0,76.5,13.75,,,7,2.0,63.0,63.0,16.0,,,2.0,1.0,69.75,69.75,16.24,,,2.0,-6.75,16.0
H2JVH3M9LB,4.0,66.0,75.0,15.666666666666666,,,5,2.0,63.0,63.0,16.0,,,2.0,1.0,69.75,69.75,16.24,,,2.0,-6.75,3.0
H2JVH3NALA,4.0,77.0,68.5,14.333333333333334,,,5,2.0,67.5,67.5,12.0,,,2.0,1.0,69.75,69.75,16.24,,,2.0,-2.25,9.5
H2JVH3NALB,4.0,,78.5,13.0,,,2,2.0,67.5,67.5,12.0,,,2.0,1.0,69.75,69.75,16.24,,,2.0,-2.25,
H2JVH3NCLA,4.0,73.0,62.0,19.333333333333332,,,5,2.0,64.0,64.0,11.5,,,2.0,1.0,69.75,69.75,16.24,,,2.0,-5.75,9.0
H2JVH3NCLB,4.0,71.0,60.0,16.125,,,12,2.0,64.0,64.0,11.5,,,2.0,1.0,69.75,69.75,16.24,,,2.0,-5.75,7.0
H2JVH3NCLC,4.0,75.0,60.5,14.166666666666666,,,5,2.0,64.0,64.0,11.5,,,2.0,1.0,69.75,69.75,16.24,,,2.0,-5.75,11.0
H2JVH3NDLA,4.0,71.0,67.0,15.166666666666666,,,5,2.0,68.0,68.0,15.0,,,2.0,1.0,69.75,69.75,16.24,,,2.0,-1.75,3.0
H2JVH3NDLB,4.0,72.0,78.5,14.333333333333334,,,5,2.0,68.0,68.0,15.0,,,2.0,1.0,69.75,69.75,16.24,,,2.0,-1.75,4.0
H2JVH3NDLC,4.0,76.5,67.0,15.0,,,5,2.0,68.0,68.0,15.0,,,2.0,1.0,69.75,69.75,16.24,,,2.0,-1.75,8.5
H2JVH3NELA,4.0,81.0,67.0,14.666666666666666,,,5,2.0,80.5,80.5,11.0,,,2.0,1.0,69.75,69.75,16.24,,,2.0,10.75,0.5
H2JVH3NELB,4.0,,79.0,10.5,,,4,2.0,80.5,80.5,11.0,,,2.0,1.0,69.75,69.75,16.24,,,2.0,10.75,
H2JVH3NELC,4.0,,69.5,16.0,,,4,2.0,80.5,80.5,11.0,,,2.0,1.0,69.75,69.75,16.24,,,2.0,10.75,
H2JVH3NELD,4.0,,78.5,12.5,,,2,2.0,80.5,80.5,11.0,,,2.0,1.0,69.75,69.75,16.24,,,2.0,10.75,
H2JVH3NFLA,4.0,76.0,67.5,14.833333333333334,,,5,2.0,82.0,67.0,11.875,,,16.0,1.0,69.75,69.75,16.24,,,2.0,12.25,-6.0
H2JVH3NFLB,4.0,,71.5,16.0,,,4,2.0,82.0,67.0,11.875,,,16.0,1.0,69.75,69.75,16.24,,,2.0,12.25,
H2JVH3NGLA,4.0,,70.0,14.0,,,2,2.0,70.5,76.0,9.1875,,,11.0,1.0,69.75,69.75,16.24,,,2.0,0.75,
H2JVH3NGLB,4.0,,72.5,16.5,,,2,2.0,70.5,76.0,9.1875,,,11.0,1.0,69.75,69.75,16.24,,,2.0,0.75,
H2JVH3NKLA,4.0,,52.5,19.0,,,2,2.0,70.0,69.5,10.625,,,11.0,1.0,69.75,69.75,16.24,,,2.0,0.25,
H2JVH3NKLB,4.0,,71.0,15.0,,,4,2.0,70.0,69.5,10.625,,,11.0,1.0,69.75,69.75,16.24,,,2.0,0.25,
H2JXL4AXLA,4.0,,79.5,12.0,,,4,2.0,67.5,67.5,22.0,,,2.0,1.0,72.45,80.7,14.536481481481482,,,53.0,-4.950000000000003,
H2JXL4AXLB,4.0,,70.0,20.5,,,2,2.0,67.5,67.5,22.0,,,2.0,1.0,72.45,80.7,14.536481481481482,,,53.0,-4.950000000000003,
H2JXL4AYLA,4.0,,73.5,16.5,,,2,2.0,67.5,67.5,19.0,,,2.0,1.0,72.45,80.7,14.536481481481482,,,53.0,-4.950000000000003,
H2JXL4AYLB,4.0,,71.0,18.0,,,2,2.0,67.5,67.5,19.0,,,2.0,1.0,72.45,80.7,14.536481481481482,,,53.0,-4.950000000000003,
H2JXL4AYLC,4.0,,75.0,13.5,,,2,2.0,67.5,67.5,19.0,,,2.0,1.0,72.45,80.7,14.536481481481482,,,53.0,-4.950000000000003,
H2JXL4AZLD,4.0,,77.0,14.0,,,4,2.0,75.0,75.0,17.0,,,2.0,1.0,72.45,80.7,14.536481481481482,,,53.0,2.549999999999997,
H2JXL4AZLE,4.0,,66.0,20.0,,,2,2.0,75.0,75.0,17.0,,,2.0,1.0,72.45,80.7,14.536481481481482,,,53.0,2.549999999999997,
H2JXL4AZLF,4.0,,69.0,14.5,,,4,2.0,75.0,75.0,17.0,,,2.0,1.0,72.45,80.7,14.536481481481482,,,53.0,2.549999999999997,
H2JXL4AZLG,4.0,,81.5,14.5,,,4,2.0,75.0,75.0,17.0,,,2.0,1.0,72.45,80.7,14.536481481481482,,,53.0,2.549999999999997,
H2JXL4BALA,4.0,,66.0,12.5,,,2,2.0,81.0,81.0,13.5,,,4.0,1.0,72.45,80.7,14.536481481481482,,,53.0,8.549999999999997,
H2JXL4BCLA,4.0,,72.5,16.0,,,2,2.0,67.0,67.5,12.75,,,6.0,1.0,72.45,80.7,14.536481481481482,,,53.0,-5.450000000000003,
H2JXL4BCLB,4.0,,76.0,13.5,,,2,2.0,67.0,67.5,12.75,,,6.0,1.0,72.45,80.7,14.536481481481482,,,53.0,-5.450000000000003,
H2JXL4BDLA,4.0,75.5,64.5,19.0625,,,13,2.0,74.0,74.0,13.0,,,4.0,1.0,72.45,80.7,14.536481481481482,,,53.0,1.5499999999999972,1.5
H2JXL4BDLB,4.0,,75.5,14.0,,,4,2.0,74.0,74.0,13.0,,,4.0,1.0,72.45,80.7,14.536481481481482,,,53.0,1.5499999999999972,
H2JXL4BDLC,4.0,,80.0,15.0,,,2,2.0,74.0,74.0,13.0,,,4.0,1.0,72.45,80.7,14.536481481481482,,,53.0,1.5499999999999972,
H2JXL4BDLF,4.0,,63.0,31.0,,,4,2.0,74.0,74.0,13.0,,,4.0,1.0,72.45,80.7,14.536481481481482,,,53.0,1.5499999999999972,
H2JXL4BEEC,4.0,,77.0,14.5,,,2,2.0,82.5,82.5,12.5,,,4.0,1.0,72.45,80.7,14.536481481481482,,,53.0,10.049999999999997,
H2JXL4BEED,4.0,,79.5,13.0,,,2,2.0,82.5,82.5,12.5,,,4.0,1.0,72.45,80.7,14.536481481481482,,,53.0,10.049999999999997,
H2JXL4BEEE,4.0,,79.5,13.0,,,2,2.0,82.5,82.5,12.5,,,4.0,1.0,72.45,80.7,14.536481481481482,,,53.0,10.049999999999997,
H2JXL4BELA,4.0,80.5,67.0,16.3,,,8,2.0,82.5,82.5,12.5,,,4.0,1.0,72.45,80.7,14.536481481481482,,,53.0,10.049999999999997,-2.0
H2JXL4BELB,4.0,73.5,70.0,18.666666666666668,,,5,2.0,82.5,82.5,12.5,,,4.0,1.0,72.45,80.7,14.536481481481482,,,53.0,10.049999999999997,-9.0
H2JXL4BFLA,4.0,,83.5,8.0,,,2,2.0,78.0,78.0,15.5,,,4.0,1.0,72.45,80.7,14.536481481481482,,,53.0,5.549999999999997,
H2JXL4BFLB,4.0,,83.0,12.5,,,4,2.0,78.0,78.0,15.5,,,4.0,1.0,72.45,80.7,14.536481481481482,,,53.0,5.549999999999997,
H2JXL4BGLA,4.0,,78.5,12.5,,,2,2.0,73.0,73.0,17.5,,,4.0,1.0,72.45,80.7,14.536481481481482,,,53.0,0.5499999999999972,
H2JXL4BGLB,4.0,,75.0,16.0,,,2,2.0,73.0,73.0,17.5,,,4.0,1.0,72.45,80.7,14.536481481481482,,,53.0,0.5499999999999972,
H2JXL4BHLA,4.0,,74.0,13.0,,,2,2.0,80.5,80.5,11.0,,,2.0,1.0,72.45,80.7,14.536481481481482,,,53.0,8.049999999999997,
H2JXL4BHLB,4.0,,70.5,17.5,,,2,2.0,80.5,80.5,11.0,,,2.0,1.0,72.45,80.7,14.536481481481482,,,53.0,8.049999999999997,
H2JXL4BHLC,4.0,,73.5,15.0,,,4,2.0,80.5,80.5,11.0,,,2.0,1.0,72.45,80.7,14.536481481481482,,,53.0,8.049999999999997,
H2JXL4BHLD,4.0,,71.0,12.5,,,4,2.0,80.5,80.5,11.0,,,2.0,1.0,72.45,80.7,14.536481481481482,,,53.0,8.049999999999997,
H2JXL4BHLE,4.0,,64.5,14.0,,,4,2.0,80.5,80.5,11.0,,,2.0,1.0,72.45,80.7,14.536481481481482,,,53.0,8.049999999999997,
H2JXL4BJLB,4.0,,76.0,13.5,,,2,2.0,77.5,77.5,15.5,,,2.0,1.0,72.45,80.7,14.536481481481482,,,53.0,5.049999999999997,
H2JXL4BJLF,4.0,,76.5,12.0,,,2,2.0,77.5,77.5,15.5,,,2.0,1.0,72.45,80.7,14.536481481481482,,,53.0,5.049999999999997,
H2JXL4BJLG,4.0,,72.5,17.0,,,2,2.0,77.5,77.5,15.5,,,2.0,1.0,72.45,80.7,14.536481481481482,,,53.0,5.049999999999997,
H2JXL4BKLA,4.0,,78.0,9.5,,,4,2.0,79.5,79.5,10.5,,,2.0,1.0,72.45,80.7,14.536481481481482,,,53.0,7.049999999999997,
H2JXL4BKLB,4.0,,82.5,9.0,,,2,2.0,79.5,79.5,10.5,,,2.0,1.0,72.45,80.7,14.536481481481482,,,53.0,7.049999999999997,
H2KWL4EWLA,4.0,65.5,14.0,25.818181818181817,,,17,2.0,66.0,66.0,22.0,,,4.0,1.0,55.1,65.88,20.793636363636367,,,17.0,10.899999999999999,-0.5
H2KWL4EWLB,4.0,68.5,38.5,19.583333333333332,,,9,2.0,66.0,66.0,22.0,,,4.0,1.0,55.1,65.88,20.793636363636367,,,17.0,10.899999999999999,2.5
H2KWL4EWLC,4.0,64.5,63.0,24.166666666666668,,,5,2.0,66.0,66.0,22.0,,,4.0,1.0,55.1,65.88,20.793636363636367,,,17.0,10.899999999999999,-1.5
H2KWL4EWLD,4.0,,72.0,21.75,,,6,2.0,66.0,66.0,22.0,,,4.0,1.0,55.1,65.88,20.793636363636367,,,17.0,10.899999999999999,
H2KWL4EXLA,4.0,61.0,61.0,24.7,,,8,2.0,68.5,68.5,20.0,,,4.0,1.0,55.1,65.88,20.793636363636367,,,17.0,13.399999999999999,-7.5
H2KWL4EXLB,4.0,,72.0,22.5,,,4,2.0,68.5,68.5,20.0,,,4.0,1.0,55.1,65.88,20.793636363636367,,,17.0,13.399999999999999,
H2KWL4EXLC,4.0,,60.0,25.5,,,4,2.0,68.5,68.5,20.0,,,4.0,1.0,55.1,65.88,20.793636363636367,,,17.0,13.399999999999999,
H2KWL4EYLA,4.0,,73.0,17.5,,,2,2.0,67.0,67.0,21.5,,,4.0,1.0,55.1,65.88,20.793636363636367,,,17.0,11.899999999999999,
H2KWL4EYLB,4.0,,66.0,19.5,,,2,2.0,67.0,67.0,21.5,,,4.0,1.0,55.1,65.88,20.793636363636367,,,17.0,11.899999999999999,
H2KWL4EZLA,4.0,,62.0,22.5,,,4,2.0,55.0,55.0,15.5,,,6.0,1.0,55.1,65.88,20.793636363636367,,,17.0,-0.10000000000000142,
H2KWL4EZLB,4.0,69.5,31.0,21.333333333333332,,,19,2.0,55.0,55.0,15.5,,,6.0,1.0,55.1,65.88,20.793636363636367,,,17.0,-0.10000000000000142,14.5
H2KWL4EZLD,4.0,,66.0,18.75,,,6,2.0,55.0,55.0,15.5,,,6.0,1.0,55.1,65.88,20.793636363636367,,,17.0,-0.10000000000000142,
H2KWL4FALA,4.0,,67.0,24.5,,,4,2.0,69.5,69.5,21.5,,,4.0,1.0,55.1,65.88,20.793636363636367,,,17.0,14.399999999999999,
H2KWL4FALB,4.0,,74.0,18.5,,,4,2.0,69.5,69.5,21.5,,,4.0,1.0,55.1,65.88,20.793636363636367,,,17.0,14.399999999999999,
H2LXL3CELA,4.0,,90.5,4.5,,,2,2.0,64.0,64.0,11.5,,,2.0,1.0,62.3,62.3,20.075,,,2.0,1.7000000000000028,
H2LXL3CELB,4.0,,71.5,15.0,,,2,2.0,64.0,64.0,11.5,,,2.0,1.0,62.3,62.3,20.075,,,2.0,1.7000000000000028,
H2LXL3CFLA,4.0,89.5,82.5,9.055555555555555,,,14,2.0,72.5,72.5,12.5,,,2.0,1.0,62.3,62.3,20.075,,,2.0,10.200000000000003,17.0
H2LXL3CFLB,4.0,87.0,89.5,7.625,,,19,2.0,72.5,72.5,12.5,,,2.0,1.0,62.3,62.3,20.075,,,2.0,10.200000000000003,14.5
H2LXL3CFLC,4.0,,84.5,12.0,,,2,2.0,72.5,72.5,12.5,,,2.0,1.0,62.3,62.3,20.075,,,2.0,10.200000000000003,
H2NXL3GULA,4.0,,66.0,21.0,,,4,2.0,65.0,65.0,14.0,,,2.0,1.0,38.0,50.44,,,,3.0,27.0,
H2NXL3GULB,4.0,,67.0,16.5,,,2,2.0,65.0,65.0,14.0,,,2.0,1.0,38.0,50.44,,,,3.0,27.0,
H2NXL3GULC,4.0,,76.5,10.5,,,2,2.0,65.0,65.0,14.0,,,2.0,1.0,38.0,50.44,,,,3.0,27.0,
H2NXL3GVLA,4.0,67.5,72.0,13.333333333333334,,,9,2.0,64.5,64.5,19.5,,,4.0,1.0,38.0,50.44,,,,3.0,26.5,3.0
H2NXL3GVLB,4.0,66.0,70.0,20.0,,,10,2.0,64.5,64.5,19.5,,,4.0,1.0,38.0,50.44,,,,3.0,26.5,1.5
H2NXL3GWLA,4.0,,70.0,15.5,,,2,2.0,67.0,67.0,16.0,,,4.0,1.0,38.0,50.44,,,,3.0,29.0,
H2NXL3GWLB,4.0,74.0,72.5,13.5,,,7,2.0,67.0,67.0,16.0,,,4.0,1.0,38.0,50.44,,,,3.0,29.0,7.0
H2NXL3GWLC,4.0,,76.0,9.5,,,2,2.0,67.0,67.0,16.0,,,4.0,1.0,38.0,50.44,,,,3.0,29.0,
H2NXL3GXLA,4.0,,67.5,16.0,,,4,2.0,57.5,57.5,17.5,,,2.0,1.0,38.0,50.44,,,,3.0,19.5,
H2NXL3GXLB,4.0,77.5,77.5,15.5,,,5,2.0,57.5,57.5,17.5,,,2.0,1.0,38.0,50.44,,,,3.0,19.5,20.0
H2NXL3GYLA,4.0,73.0,78.5,14.625,,,7,2.0,53.5,53.5,24.5,,,4.0,1.0,38.0,50.44,,,,3.0,15.5,19.5
H2NXL3GYLB,4.0,71.5,62.5,16.833333333333332,,,9,2.0,53.5,53.5,24.5,,,4.0,1.0,38.0,50.44,,,,3.0,15.5,18.0
H2NXL3GZLA,4.0,77.0,62.5,15.666666666666666,,,5,2.0,55.0,55.0,22.0,,,2.0,1.0,38.0,50.44,,,,3.0,17.0,22.0
H2NXL3GZLB,4.0,69.0,72.5,17.7,,,8,2.0,55.0,55.0,22.0,,,2.0,1.0,38.0,50.44,,,,3.0,17.0,14.0
H2NXL3HALA,4.0,70.0,68.5,17.5,,,9,2.0,61.0,61.0,18.5,,,2.0,1.0,38.0,50.44,,,,3.0,23.0,9.0
H2NXL3HALB,4.0,67.0,67.0,19.625,,,6,2.0,61.0,61.0,18.5,,,2.0,1.0,38.0,50.44,,,,3.0,23.0,6.0
H2NXL3HBLA,4.0,81.5,71.0,14.0,,,5,2.0,59.5,59.5,21.5,,,2.0,1.0,38.0,50.44,,,,3.0,21.5,22.0
H2NXL3HCLA,4.0,69.5,63.0,18.375,,,6,2.0,50.0,50.0,25.0,,,4.0,1.0,38.0,50.44,,,,3.0,12.0,19.5
H2NXL3HCLB,4.0,75.5,61.0,22.833333333333332,,,5,2.0,50.0,50.0,25.0,,,4.0,1.0,38.0,50.44,,,,3.0,12.0,25.5
H2NXL3HDLA,4.0,75.5,66.0,16.875,,,7,2.0,54.0,54.0,25.0,,,2.0,1.0,38.0,50.44,,,,3.0,16.0,21.5
H2NXL3HDLB,4.0,79.0,72.0,19.0,,,5,2.0,54.0,54.0,25.0,,,2.0,1.0,38.0,50.44,,,,3.0,16.0,25.0
H2NXL3HELA,4.0,79.0,64.5,15.0,,,10,2.0,63.5,63.5,18.0,,,4.0,1.0,38.0,50.44,,,,3.0,25.5,15.5
H2NXL3HELB,4.0,79.0,64.0,14.833333333333334,,,5,2.0,63.5,63.5,18.0,,,4.0,1.0,38.0,50.44,,,,3.0,25.5,15.5
H2NXL3HFLA,4.0,82.0,67.0,15.5,,,5,2.0,63.5,63.5,15.5,,,2.0,1.0,38.0,50.44,,,,3.0,25.5,18.5
H2NXL3HFLB,4.0,,67.5,15.0,,,2,2.0,63.5,63.5,15.5,,,2.0,1.0,38.0,50.44,,,,3.0,25.5,
H2QWH3KVLA,4.0,,78.5,8.0,,,2,2.0,83.0,83.0,8.5,,,2.0,1.0,71.0,71.0,14.0,,,2.0,12.0,
H2QWH3KVLB,4.0,,70.5,10.5,,,2,2.0,83.0,83.0,8.5,,,2.0,1.0,71.0,71.0,14.0,,,2.0,12.0,
H2QWH3KWLA,4.0,84.5,90.0,7.0,,,8,2.0,90.5,90.5,6.0,,,4.0,1.0,71.0,71.0,14.0,,,2.0,19.5,-6.0
H2RWL4CSLA,4.0,,87.0,8.5,,,2,2.0,81.0,81.0,13.5,,,4.0,1.0,74.0,89.3,7.7269565217391305,,,45.0,7.0,
H2RWL4CSLB,4.0,,85.0,7.5,,,4,2.0,81.0,81.0,13.5,,,4.0,1.0,74.0,89.3,7.7269565217391305,,,45.0,7.0,
H2RWL4CSLC,4.0,,80.0,11.5,,,2,2.0,81.0,81.0,13.5,,,4.0,1.0,74.0,89.3,7.7269565217391305,,,45.0,7.0,
H2RWL4CTLA,4.0,,85.5,7.5,,,4,2.0,77.5,77.5,16.0,,,4.0,1.0,74.0,89.3,7.7269565217391305,,,45.0,3.5,
H2RWL4CTLB,4.0,,80.5,11.5,,,2,2.0,77.5,77.5,16.0,,,4.0,1.0,74.0,89.3,7.7269565217391305,,,45.0,3.5,
H2RWL4CULA,4.0,,95.0,4.5,,,2,2.0,87.0,79.5,6.75,,,6.0,1.0,74.0,89.3,7.7269565217391305,,,45.0,13.0,
H2RWL4CULC,4.0,82.5,83.0,9.125,,,7,2.0,87.0,79.5,6.75,,,6.0,1.0,74.0,89.3,7.7269565217391305,,,45.0,13.0,-4.5
H2RWL4CVLA,4.0,,84.0,14.0,,,4,2.0,86.0,86.0,9.0,,,4.0,1.0,74.0,89.3,7.7269565217391305,,,45.0,12.0,
H2RWL4CVLB,4.0,,83.0,10.5,,,2,2.0,86.0,86.0,9.0,,,4.0,1.0,74.0,89.3,7.7269565217391305,,,45.0,12.0,
H2RWL4CWLA,4.0,88.5,85.0,8.625,,,7,2.0,82.5,83.5,8.75,,,6.0,1.0,74.0,89.3,7.7269565217391305,,,45.0,8.5,6.0
H2RWL4CWLB,4.0,91.0,84.5,10.166666666666666,,,5,2.0,82.5,83.5,8.75,,,6.0,1.0,74.0,89.3,7.7269565217391305,,,45.0,8.5,8.5
H2RWL4CXEA,4.0,,85.0,11.5,,,2,2.0,88.5,86.0,5.625,,,6.0,1.0,74.0,89.3,7.7269565217391305,,,45.0,14.5,
H2RWL4CXEC,4.0,,89.5,8.0,,,6,2.0,88.5,86.0,5.625,,,6.0,1.0,74.0,89.3,7.7269565217391305,,,45.0,14.5,
H2RWL4CXLA,4.0,,76.5,15.0,,,2,2.0,88.5,86.0,5.625,,,6.0,1.0,74.0,89.3,7.7269565217391305,,,45.0,14.5,
H2RWL4CXLB,4.0,85.5,82.0,9.0,,,8,2.0,88.5,86.0,5.625,,,6.0,1.0,74.0,89.3,7.7269565217391305,,,45.0,14.5,-3.0
H2RWL4CXLC,4.0,78.5,72.5,10.833333333333334,,,5,2.0,88.5,86.0,5.625,,,6.0,1.0,74.0,89.3,7.7269565217391305,,,45.0,14.5,-10.0
H2RWL4CXLD,4.0,,83.5,11.0,,,2,2.0,88.5,86.0,5.625,,,6.0,1.0,74.0,89.3,7.7269565217391305,,,45.0,14.5,
H2RWL4CYLA,4.0,86.0,78.5,9.5,,,8,2.0,86.5,83.5,4.25,,,6.0,1.0,74.0,89.3,7.7269565217391305,,,45.0,12.5,-0.5
H2RWL4CYLB,4.0,,87.0,8.0,,,4,2.0,86.5,83.5,4.25,,,6.0,1.0,74.0,89.3,7.7269565217391305,,,45.0,12.5,
H2RWL4CYLC,4.0,,83.5,8.5,,,2,2.0,86.5,83.5,4.25,,,6.0,1.0,74.0,89.3,7.7269565217391305,,,45.0,12.5,
H2RWL4CZLA,4.0,,94.0,3.5,,,4,2.0,90.0,90.0,9.5,,,2.0,1.0,74.0,89.3,7.7269565217391305,,,45.0,16.0,
H2RWL4CZLB,4.0,,84.5,11.0,,,4,2.0,90.0,90.0,9.5,,,2.0,1.0,74.0,89.3,7.7269565217391305,,,45.0,16.0,
H2RXH3KJLA,4.0,,79.5,12.5,,,4,2.0,66.0,66.0,14.0,,,4.0,1.0,56.8,56.8,25.300000000000004,,,2.0,9.200000000000003,
H2RXH3KJLB,4.0,,79.0,15.5,,,2,2.0,66.0,66.0,14.0,,,4.0,1.0,56.8,56.8,25.300000000000004,,,2.0,9.200000000000003,
H2RXH3KJLC,4.0,,78.5,14.0,,,4,2.0,66.0,66.0,14.0,,,4.0,1.0,56.8,56.8,25.300000000000004,,,2.0,9.200000000000003,
H2RXH3KKLA,4.0,,76.0,13.5,,,2,2.0,74.5,74.5,11.5,,,4.0,1.0,56.8,56.8,25.300000000000004,,,2.0,17.700000000000003,
H2RXH3KKLB,4.0,,71.0,17.5,,,4,2.0,74.5,74.5,11.5,,,4.0,1.0,56.8,56.8,25.300000000000004,,,2.0,17.700000000000003,
H2RXH3KKLC,4.0,,81.0,13.0,,,4,2.0,74.5,74.5,11.5,,,4.0,1.0,56.8,56.8,25.300000000000004,,,2.0,17.700000000000003,
H2RXH3KLLA,4.0,,78.0,10.5,,,2,2.0,75.5,75.5,19.0,,,2.0,1.0,56.8,56.8,25.300000000000004,,,2.0,18.700000000000003,
H2RXH3KLLB,4.0,,73.5,14.0,,,2,2.0,75.5,75.5,19.0,,,2.0,1.0,56.8,56.8,25.300000000000004,,,2.0,18.700000000000003,
H2RXH3KMLA,4.0,,77.0,15.5,,,4,2.0,82.5,82.5,10.0,,,2.0,1.0,56.8,56.8,25.300000000000004,,,2.0,25.700000000000003,
H2RXH3KMLB,4.0,,73.5,12.5,,,2,2.0,82.5,82.5,10.0,,,2.0,1.0,56.8,56.8,25.300000000000004,,,2.0,25.700000000000003,
H2RXH3KMLC,4.0,,74.0,15.0,,,4,2.0,82.5,82.5,10.0,,,2.0,1.0,56.8,56.8,25.300000000000004,,,2.0,25.700000000000003,
H2RXH3KNLA,4.0,,80.0,12.0,,,2,2.0,80.0,80.0,11.5,,,4.0,1.0,56.8,56.8,25.300000000000004,,,2.0,23.200000000000003,
H2RXH3KNLB,4.0,,72.5,16.0,,,2,2.0,80.0,80.0,11.5,,,4.0,1.0,56.8,56.8,25.300000000000004,,,2.0,23.200000000000003,
H2RXH3KPLA,4.0,,72.5,18.0,,,2,2.0,70.5,70.5,17.5,,,2.0,1.0,56.8,56.8,25.300000000000004,,,2.0,13.700000000000003,
H2RXH3KPLB,4.0,,73.0,26.0,,,4,2.0,70.5,70.5,17.5,,,2.0,1.0,56.8,56.8,25.300000000000004,,,2.0,13.700000000000003,
H2RXH3KPLC,4.0,,73.5,18.0,,,2,2.0,70.5,70.5,17.5,,,2.0,1.0,56.8,56.8,25.300000000000004,,,2.0,13.700000000000003,
H2RXH3KQLA,4.0,,78.0,13.5,,,2,2.0,77.5,77.5,13.5,,,4.0,1.0,56.8,56.8,25.300000000000004,,,2.0,20.700000000000003,
H2RXH3KQLB,4.0,,78.0,15.0,,,4,2.0,77.5,77.5,13.5,,,4.0,1.0,56.8,56.8,25.300000000000004,,,2.0,20.700000000000003,
H2RXH3KQLC,4.0,,63.0,18.0,,,2,2.0,77.5,77.5,13.5,,,4.0,1.0,56.8,56.8,25.300000000000004,,,2.0,20.700000000000003,
H2RXH3KRLA,4.0,,78.5,13.5,,,2,2.0,80.0,80.0,11.0,,,2.0,1.0,56.8,56.8,25.300000000000004,,,2.0,23.200000000000003,
H2RXH3KRLB,4.0,77.0,73.0,14.333333333333334,,,10,2.0,80.0,80.0,11.0,,,2.0,1.0,56.8,56.8,25.300000000000004,,,2.0,23.200000000000003,-3.0
H2RXH3KRLC,4.0,,78.5,8.5,,,4,2.0,80.0,80.0,11.0,,,2.0,1.0,56.8,56.8,25.300000000000004,,,2.0,23.200000000000003,
H2RXH3KSLE,4.0,,70.5,10.5,,,2,2.0,75.5,75.5,16.0,,,4.0,1.0,56.8,56.8,25.300000000000004,,,2.0,18.700000000000003,
H2RXH3KSLF,4.0,,67.0,11.5,,,2,2.0,75.5,75.5,16.0,,,4.0,1.0,56.8,56.8,25.300000000000004,,,2.0,18.700000000000003,
H2RXH3KSLJ,4.0,79.0,72.5,14.625,,,7,2.0,75.5,75.5,16.0,,,4.0,1.0,56.8,56.8,25.300000000000004,,,2.0,18.700000000000003,3.5
H2RXH3KSLK,4.0,,70.0,10.0,,,2,2.0,75.5,75.5,16.0,,,4.0,1.0,56.8,56.8,25.300000000000004,,,2.0,18.700000000000003,
H2RXH3KTLD,4.0,,74.5,15.0,,,4,2.0,74.0,74.0,11.0,,,2.0,1.0,56.8,56.8,25.300000000000004,,,2.0,17.200000000000003,
H2RXH3KTLE,4.0,,76.0,13.0,,,2,2.0,74.0,74.0,11.0,,,2.0,1.0,56.8,56.8,25.300000000000004,,,2.0,17.200000000000003,
H2RXH3KTLF,4.0,,76.5,15.5,,,4,2.0,74.0,74.0,11.0,,,2.0,1.0,56.8,56.8,25.300000000000004,,,2.0,17.200000000000003,
H2RXH3KTLL,4.0,,75.0,13.5,,,2,2.0,74.0,74.0,11.0,,,2.0,1.0,56.8,56.8,25.300000000000004,,,2.0,17.200000000000003,
H2RZL3HQLC,4.0,,81.0,8.5,,,2,2.0,65.0,65.0,17.0,,,2.0,1.0,45.5,67.25,32.1,,,6.0,19.5,
H2RZL3HQLD,4.0,,83.5,9.5,,,2,2.0,65.0,65.0,17.0,,,2.0,1.0,45.5,67.25,32.1,,,6.0,19.5,
H2RZL3HQLE,4.0,83.5,80.0,9.6,,,16,2.0,65.0,65.0,17.0,,,2.0,1.0,45.5,67.25,32.1,,,6.0,19.5,18.5
H2RZL3HRLA,4.0,,83.0,9.5,,,4,2.0,82.5,82.5,12.5,,,2.0,1.0,45.5,67.25,32.1,,,6.0,37.0,
H2RZL3HRLB,4.0,,81.5,11.0,,,4,2.0,82.5,82.5,12.5,,,2.0,1.0,45.5,67.25,32.1,,,6.0,37.0,
H2RZL3HRLC,4.0,,75.5,8.0,,,2,2.0,82.5,82.5,12.5,,,2.0,1.0,45.5,67.25,32.1,,,6.0,37.0,
H2RZL3HSLA,4.0,,86.0,9.5,,,2,2.0,70.5,70.5,13.5,,,2.0,1.0,45.5,67.25,32.1,,,6.0,25.0,
H2RZL3HSLB,4.0,,89.5,8.0,,,4,2.0,70.5,70.5,13.5,,,2.0,1.0,45.5,67.25,32.1,,,6.0,25.0,
H2RZL3HTLA,4.0,,84.5,10.5,,,2,2.0,74.5,74.5,11.0,,,4.0,1.0,45.5,67.25,32.1,,,6.0,29.0,
H2RZL3HTLB,4.0,,74.0,12.0,,,4,2.0,74.5,74.5,11.0,,,4.0,1.0,45.5,67.25,32.1,,,6.0,29.0,
H2SXB3LSLC,4.0,,78.5,15.5,,,4,2.0,70.5,63.0,13.2,,,7.0,1.0,68.0,68.0,20.5,,,4.0,2.5,
H2SXB3LSLD,4.0,,72.5,19.0,,,2,2.0,70.5,63.0,13.2,,,7.0,1.0,68.0,68.0,20.5,,,4.0,2.5,
H2SYH3J4LB,4.0,74.0,76.5,13.5,,,5,2.0,59.5,59.5,15.0,,,2.0,1.0,46.67,46.67,14.98,,,4.0,12.829999999999998,14.5
H2SYH3J4LC,4.0,,75.0,14.5,,,2,2.0,59.5,59.5,15.0,,,2.0,1.0,46.67,46.67,14.98,,,4.0,12.829999999999998,
H2SYH3J5LA,4.0,,73.5,16.0,,,2,2.0,71.0,71.0,14.5,,,2.0,1.0,46.67,46.67,14.98,,,4.0,24.33,
H2SYH3J5LB,4.0,,71.0,20.0,,,4,2.0,71.0,71.0,14.5,,,2.0,1.0,46.67,46.67,14.98,,,4.0,24.33,
H2SYH3J5LC,4.0,,75.5,14.5,,,4,2.0,71.0,71.0,14.5,,,2.0,1.0,46.67,46.67,14.98,,,4.0,24.33,
H2SYH3J6LA,4.0,,75.0,14.75,,,3,2.0,66.0,66.0,22.5,,,2.0,1.0,46.67,46.67,14.98,,,4.0,19.33,
H2SYH3J6LB,4.0,,73.0,18.0,,,6,2.0,66.0,66.0,22.5,,,2.0,1.0,46.67,46.67,14.98,,,4.0,19.33,
H2SYH3J7LA,4.0,,68.0,18.0,,,4,2.0,73.0,73.0,13.5,,,2.0,1.0,46.67,46.67,14.98,,,4.0,26.33,
H2SYH3J7LB,4.0,,74.5,16.0,,,6,2.0,73.0,73.0,13.5,,,2.0,1.0,46.67,46.67,14.98,,,4.0,26.33,
H2SYH3J8LA,4.0,83.0,60.0,12.75,,,10,2.0,62.5,62.5,15.0,,,2.0,1.0,46.67,46.67,14.98,,,4.0,15.829999999999998,20.5
H2SYH3J8LB,4.0,,76.0,11.5,,,4,2.0,62.5,62.5,15.0,,,2.0,1.0,46.67,46.67,14.98,,,4.0,15.829999999999998,
H2SYH3J9LA,4.0,,65.5,23.0,,,4,2.0,81.0,81.0,10.5,,,2.0,1.0,46.67,46.67,14.98,,,4.0,34.33,
H2SYH3J9LC,4.0,,75.5,14.5,,,2,2.0,81.0,81.0,10.5,,,2.0,1.0,46.67,46.67,14.98,,,4.0,34.33,
H2SYH3J9LD,4.0,71.0,78.0,13.571428571428571,,,12,2.0,81.0,81.0,10.5,,,2.0,1.0,46.67,46.67,14.98,,,4.0,34.33,-10.0
H2SYH3J9LE,4.0,,78.5,13.0,,,8,2.0,81.0,81.0,10.5,,,2.0,1.0,46.67,46.67,14.98,,,4.0,34.33,
H2SYH3KALA,4.0,66.0,66.0,17.833333333333332,,,4,2.0,65.5,65.5,12.5,,,2.0,1.0,46.67,46.67,14.98,,,4.0,18.83,0.5
H2SYH3KALB,4.0,,61.0,16.0,,,2,2.0,65.5,65.5,12.5,,,2.0,1.0,46.67,46.67,14.98,,,4.0,18.83,
H2SYH3KCLA,4.0,,66.5,12.5,,,2,2.0,56.0,76.5,11.0,,,3.0,1.0,46.67,46.67,14.98,,,4.0,9.329999999999998,
H2SYH3KCLB,4.0,,76.0,13.5,,,4,2.0,56.0,76.5,11.0,,,3.0,1.0,46.67,46.67,14.98,,,4.0,9.329999999999998,
H2SYH3KDLA,4.0,,77.5,9.5,,,2,2.0,72.5,72.5,16.0,,,2.0,1.0,46.67,46.67,14.98,,,4.0,25.83,
H2SYH3KDLB,4.0,,66.5,18.5,,,2,2.0,72.5,72.5,16.0,,,2.0,1.0,46.67,46.67,14.98,,,4.0,25.83,
H2SYH3KDLE,4.0,,81.0,12.5,,,2,2.0,72.5,72.5,16.0,,,2.0,1.0,46.67,46.67,14.98,,,4.0,25.83,
H2SYH3KELA,4.0,,73.0,16.5,,,2,2.0,57.5,57.5,19.5,,,2.0,1.0,46.67,46.67,14.98,,,4.0,10.829999999999998,
H2SYH3KELB,4.0,,70.0,16.0,,,2,2.0,57.5,57.5,19.5,,,2.0,1.0,46.67,46.67,14.98,,,4.0,10.829999999999998,
H2SYH3KELC,4.0,,66.5,13.0,,,4,2.0,57.5,57.5,19.5,,,2.0,1.0,46.67,46.67,14.98,,,4.0,10.829999999999998,
H2SYH3KFLA,4.0,,67.5,18.5,,,2,2.0,80.0,80.0,13.0,,,4.0,1.0,46.67,46.67,14.98,,,4.0,33.33,
H2SYH3KFLB,4.0,,73.0,10.0,,,2,2.0,80.0,80.0,13.0,,,4.0,1.0,46.67,46.67,14.98,,,4.0,33.33,
H2SYH3KFLD,4.0,,73.5,17.5,,,2,2.0,80.0,80.0,13.0,,,4.0,1.0,46.67,46.67,14.98,,,4.0,33.33,
H2SYH3KFLE,4.0,,73.0,15.5,,,4,2.0,80.0,80.0,13.0,,,4.0,1.0,46.67,46.67,14.98,,,4.0,33.33,
H2SYH3KFLG,4.0,,62.0,16.0,,,4,2.0,80.0,80.0,13.0,,,4.0,1.0,46.67,46.67,14.98,,,4.0,33.33,
H2SYH3KGLA,4.0,,64.5,23.5,,,2,2.0,64.0,64.0,17.5,,,2.0,1.0,46.67,46.67,14.98,,,4.0,17.33,
H2SYH3KGLB,4.0,,63.5,17.0,,,4,2.0,64.0,64.0,17.5,,,2.0,1.0,46.67,46.67,14.98,,,4.0,17.33,
H2SYH3KHLB,4.0,,59.5,22.5,,,4,2.0,71.5,71.5,16.0,,,2.0,1.0,46.67,46.67,14.98,,,4.0,24.83,
H2SYL3DRLA,4.0,,61.5,24.0,,,2,2.0,44.5,44.5,32.5,,,2.0,1.0,46.67,46.67,14.98,,,4.0,-2.1700000000000017,
H2SYL3DRLB,4.0,,65.5,19.5,,,2,2.0,44.5,44.5,32.5,,,2.0,1.0,46.67,46.67,14.98,,,4.0,-2.1700000000000017,
H2SYL3DSLA,4.0,57.0,71.0,18.3,,,13,2.0,55.0,55.0,24.5,,,4.0,1.0,46.67,46.67,14.98,,,4.0,8.329999999999998,2.0
H2SYL3DSLB,4.0,65.5,65.5,18.833333333333332,,,8,2.0,55.0,55.0,24.5,,,4.0,1.0,46.67,46.67,14.98,,,4.0,8.329999999999998,10.5
H2SYL3DTLA,4.0,,63.0,18.5,,,2,2.0,62.5,62.5,20.5,,,4.0,1.0,46.67,46.67,14.98,,,4.0,15.829999999999998,
H2SYL3DTLB,4.0,71.0,77.0,15.5,,,10,2.0,62.5,62.5,20.5,,,4.0,1.0,46.67,46.67,14.98,,,4.0,15.829999999999998,8.5
H2SYL3DULA,4.0,,65.5,15.0,,,2,2.0,57.5,57.5,26.0,,,4.0,1.0,46.67,46.67,14.98,,,4.0,10.829999999999998,
H2SYL3DULB,4.0,81.5,75.0,12.2,,,8,2.0,57.5,57.5,26.0,,,4.0,1.0,46.67,46.67,14.98,,,4.0,10.829999999999998,24.0
H2SYL3DVLA,4.0,,63.0,22.0,,,4,2.0,66.5,66.5,22.5,,,2.0,1.0,46.67,46.67,14.98,,,4.0,19.83,
H2SYL3DVLB,4.0,70.5,70.5,16.666666666666668,,,8,2.0,66.5,66.5,22.5,,,2.0,1.0,46.67,46.67,14.98,,,4.0,19.83,4.0
H2SYL3DVLC,4.0,77.0,80.0,11.25,,,7,2.0,66.5,66.5,22.5,,,2.0,1.0,46.67,46.67,14.98,,,4.0,19.83,10.5
H2SYL3DWLA,4.0,82.5,81.5,14.75,,,13,2.0,66.5,66.5,15.0,,,4.0,1.0,46.67,46.67,14.98,,,4.0,19.83,16.0
H2SYL3DWLB,4.0,76.0,80.0,14.833333333333334,,,10,2.0,66.5,66.5,15.0,,,4.0,1.0,46.67,46.67,14.98,,,4.0,19.83,9.5
H2SYL3DXLA,4.0,75.5,72.0,14.3,,,8,2.0,58.5,58.5,27.0,,,2.0,1.0,46.67,46.67,14.98,,,4.0,11.829999999999998,17.0
H2SYL3DXLB,4.0,79.0,76.0,15.666666666666666,,,5,2.0,58.5,58.5,27.0,,,2.0,1.0,46.67,46.67,14.98,,,4.0,11.829999999999998,20.5
H2SYL3DYLA,4.0,82.0,75.0,13.0,,,11,2.0,60.5,60.5,24.5,,,2.0,1.0,46.67,46.67,14.98,,,4.0,13.829999999999998,21.5
H2SYL3DYLB,4.0,75.0,76.5,15.0,,,8,2.0,60.5,60.5,24.5,,,2.0,1.0,46.67,46.67,14.98,,,4.0,13.829999999999998,14.5
H2SYL3DZLA,4.0,84.0,72.5,13.8,,,8,2.0,45.5,45.5,29.5,,,4.0,1.0,46.67,46.67,14.98,,,4.0,-1.1700000000000017,38.5
H2SYL3DZLB,4.0,,68.5,16.5,,,4,2.0,45.5,45.5,29.5,,,4.0,1.0,46.67,46.67,14.98,,,4.0,-1.1700000000000017,
H2SYL3EALA,4.0,,63.0,24.0,,,2,2.0,61.5,61.5,21.5,,,4.0,1.0,46.67,46.67,14.98,,,4.0,14.829999999999998,
H2SYL3EALB,4.0,,60.0,19.5,,,2,2.0,61.5,61.5,21.5,,,4.0,1.0,46.67,46.67,14.98,,,4.0,14.829999999999998,
H2SYL3EALC,4.0,,63.0,16.0,,,4,2.0,61.5,61.5,21.5,,,4.0,1.0,46.67,46.67,14.98,,,4.0,14.829999999999998,
H2TVH3NMLA,4.0,65.5,61.5,19.727272727272727,,,16,2.0,64.0,64.0,14.5,,,4.0,1.0,44.0,64.5,18.0,,,8.0,20.0,1.5
H2TVH3NMLB,4.0,63.0,49.5,16.73076923076923,,,17,2.0,64.0,64.0,14.5,,,4.0,1.0,44.0,64.5,18.0,,,8.0,20.0,-1.0
H2TVH3NQLA,4.0,,74.5,21.75,,,3,2.0,62.0,62.5,10.916666666666666,,,9.0,1.0,44.0,64.5,18.0,,,8.0,18.0,
H2TVH3NQLB,4.0,,65.0,23.25,,,6,2.0,62.0,62.5,10.916666666666666,,,9.0,1.0,44.0,64.5,18.0,,,8.0,18.0,
H2TVH3NQLC,4.0,61.5,61.5,20.333333333333332,,,4,2.0,62.0,62.5,10.916666666666666,,,9.0,1.0,44.0,64.5,18.0,,,8.0,18.0,-0.5
H2TVH3NRLA,4.0,52.5,52.5,28.833333333333332,,,8,2.0,46.5,62.5,11.785714285714286,,,10.0,1.0,44.0,64.5,18.0,,,8.0,2.5,6.0
H2TVH3NRLB,4.0,57.5,57.5,25.666666666666668,,,8,2.0,46.5,62.5,11.785714285714286,,,10.0,1.0,44.0,64.5,18.0,,,8.0,2.5,11.0
H2TVH3NULA,4.0,64.0,68.0,18.833333333333332,,,5,2.0,47.5,62.5,16.75,,,6.0,1.0,44.0,64.5,18.0,,,8.0,3.5,16.5
H2TVH3NULB,4.0,61.5,62.5,20.833333333333332,,,13,2.0,47.5,62.5,16.75,,,6.0,1.0,44.0,64.5,18.0,,,8.0,3.5,14.0
H2TXL4VALB,4.0,77.5,61.0,20.1875,,,13,2.0,68.5,68.5,18.0,,,2.0,1.0,40.9,66.93,22.33642857142857,,,23.0,27.6,9.0
H2TXL4VALC,4.0,67.0,69.5,20.833333333333332,,,5,2.0,68.5,68.5,18.0,,,2.0,1.0,40.9,66.93,22.33642857142857,,,23.0,27.6,-1.5
H2TXL4VALD,4.0,77.0,73.5,16.25,,,7,2.0,68.5,68.5,18.0,,,2.0,1.0,40.9,66.93,22.33642857142857,,,23.0,27.6,8.5
H2TXL4VALF,4.0,59.5,73.5,18.666666666666668,,,5,2.0,68.5,68.5,18.0,,,2.0,1.0,40.9,66.93,22.33642857142857,,,23.0,27.6,-9.0
H2TXL4VBLA,4.0,69.5,64.5,20.166666666666668,,,5,2.0,70.5,70.5,14.0,,,2.0,1.0,40.9,66.93,22.33642857142857,,,23.0,29.6,-1.0
H2TXL4VBLB,4.0,76.0,63.5,19.666666666666668,,,5,2.0,70.5,70.5,14.0,,,2.0,1.0,40.9,66.93,22.33642857142857,,,23.0,29.6,5.5
H2TXL4VCLA,4.0,75.0,70.5,21.125,,,7,2.0,73.0,70.5,12.75,,,7.0,1.0,40.9,66.93,22.33642857142857,,,23.0,32.1,2.0
H2TXL4VCLB,4.0,69.5,64.5,17.75,,,7,2.0,73.0,70.5,12.75,,,7.0,1.0,40.9,66.93,22.33642857142857,,,23.0,32.1,-3.5
H2TXL4VDLA,4.0,72.5,73.0,19.5,,,5,2.0,74.5,72.0,10.333333333333334,,,5.0,1.0,40.9,66.93,22.33642857142857,,,23.0,33.6,-2.0
H2TXL4VDLB,4.0,79.0,73.0,14.6,,,9,2.0,74.5,72.0,10.333333333333334,,,5.0,1.0,40.9,66.93,22.33642857142857,,,23.0,33.6,4.5
H2TXL4VDLC,4.0,,73.5,20.5,,,4,2.0,74.5,72.0,10.333333333333334,,,5.0,1.0,40.9,66.93,22.33642857142857,,,23.0,33.6,
H2TXL4VELA,4.0,,75.5,18.0,,,2,2.0,78.5,78.5,13.5,,,2.0,1.0,40.9,66.93,22.33642857142857,,,23.0,37.6,
H2TXL4VELB,4.0,72.0,69.5,17.625,,,7,2.0,78.5,78.5,13.5,,,2.0,1.0,40.9,66.93,22.33642857142857,,,23.0,37.6,-6.5
H2TXL4VELC,4.0,74.5,67.5,19.5,,,5,2.0,78.5,78.5,13.5,,,2.0,1.0,40.9,66.93,22.33642857142857,,,23.0,37.6,-4.0
H2VVH3MCLA,4.0,,68.0,16.5,,,6,2.0,64.5,64.5,16.5,,,4.0,1.0,26.0,60.0,22.75,,,5.0,38.5,
H2VVH3MCLB,4.0,,60.0,17.5,,,2,2.0,64.5,64.5,16.5,,,4.0,1.0,26.0,60.0,22.75,,,5.0,38.5,
H2VVH3MDLA,4.0,,62.5,15.5,,,6,2.0,61.5,61.5,15.0,,,4.0,1.0,26.0,60.0,22.75,,,5.0,35.5,
H2VVH3MDLB,4.0,70.0,70.0,17.0,,,8,2.0,61.5,61.5,15.0,,,4.0,1.0,26.0,60.0,22.75,,,5.0,35.5,8.5
H2VVH3MELA,4.0,51.0,60.5,16.875,,,10,2.0,74.0,74.0,13.0,,,4.0,1.0,26.0,60.0,22.75,,,5.0,48.0,-23.0
H2VVH3MELB,4.0,,65.5,16.5,,,3,2.0,74.0,74.0,13.0,,,4.0,1.0,26.0,60.0,22.75,,,5.0,48.0,
H2VVH3MELC,4.0,48.5,65.0,16.375,,,10,2.0,74.0,74.0,13.0,,,4.0,1.0,26.0,60.0,22.75,,,5.0,48.0,-25.5
H2VVH3MELD,4.0,,62.5,16.25,,,3,2.0,74.0,74.0,13.0,,,4.0,1.0,26.0,60.0,22.75,,,5.0,48.0,
H2VVH3MELE,4.0,,67.5,23.5,,,6,2.0,74.0,74.0,13.0,,,4.0,1.0,26.0,60.0,22.75,,,5.0,48.0,
H2VVH3MELF,4.0,60.0,60.0,19.0,,,8,2.0,74.0,74.0,13.0,,,4.0,1.0,26.0,60.0,22.75,,,5.0,48.0,-14.0
H2VVH3MFLA,4.0,60.0,60.0,18.0,,,4,2.0,63.5,63.5,18.5,,,4.0,1.0,26.0,60.0,22.75,,,5.0,37.5,-3.5
H2VVH3MFLB,4.0,59.0,62.5,16.5,,,5,2.0,63.5,63.5,18.5,,,4.0,1.0,26.0,60.0,22.75,,,5.0,37.5,-4.5
H2VVH3MFLC,4.0,70.0,70.0,14.333333333333334,,,4,2.0,63.5,63.5,18.5,,,4.0,1.0,26.0,60.0,22.75,,,5.0,37.5,6.5
H2VVH3MFLD,4.0,64.5,64.5,13.833333333333334,,,4,2.0,63.5,63.5,18.5,,,4.0,1.0,26.0,60.0,22.75,,,5.0,37.5,1.0
H2VVH3MFLF,4.0,55.0,59.5,17.25,,,5,2.0,63.5,63.5,18.5,,,4.0,1.0,26.0,60.0,22.75,,,5.0,37.5,-8.5
H2VVH3MFLG,4.0,57.0,64.5,14.0,,,10,2.0,63.5,63.5,18.5,,,4.0,1.0,26.0,60.0,22.75,,,5.0,37.5,-6.5
H2VVH3MGLA,4.0,65.0,65.0,17.666666666666668,,,4,2.0,65.5,65.5,17.0,,,4.0,1.0,26.0,60.0,22.75,,,5.0,39.5,-0.5
H2VVH3MGLB,4.0,68.0,68.0,17.333333333333332,,,4,2.0,65.5,65.5,17.0,,,4.0,1.0,26.0,60.0,22.75,,,5.0,39.5,2.5
H2VVH3MHLA,4.0,59.0,35.5,18.416666666666668,,,16,2.0,43.5,43.5,25.5,,,2.0,1.0,26.0,60.0,22.75,,,5.0,17.5,15.5
H2VVH3MHLB,4.0,55.0,59.5,15.75,,,5,2.0,43.5,43.5,25.5,,,2.0,1.0,26.0,60.0,22.75,,,5.0,17.5,11.5
H2VVH3MJLA,4.0,46.5,54.5,16.666666666666668,,,15,2.0,42.0,61.5,18.75,,,3.0,1.0,26.0,60.0,22.75,,,5.0,16.0,4.5
H2VVH3MJLB,4.0,57.5,51.5,18.75,,,20,2.0,42.0,61.5,18.75,,,3.0,1.0,26.0,60.0,22.75,,,5.0,16.0,15.5
H2VVH3MKLA,4.0,62.5,46.0,16.75,,,8,2.0,57.5,55.5,10.5,,,3.0,1.0,26.0,60.0,22.75,,,5.0,31.5,5.0
H2VVH3MMLA,4.0,,59.5,14.5,,,2,2.0,50.0,61.0,9.75,,,3.0,1.0,26.0,60.0,22.75,,,5.0,24.0,
H2VVH3MMLB,4.0,49.0,64.0,19.416666666666668,,,8,2.0,50.0,61.0,9.75,,,3.0,1.0,26.0,60.0,22.75,,,5.0,24.0,-1.0
H2VVH3MNLC,4.0,,60.0,17.5,,,2,2.0,47.0,69.5,14.5,,,3.0,1.0,26.0,60.0,22.75,,,5.0,21.0,
H2VVH3MNLD,4.0,41.5,65.0,13.75,,,10,2.0,47.0,69.5,14.5,,,3.0,1.0,26.0,60.0,22.75,,,5.0,21.0,-5.5
H2VVH3MNLE,4.0,,59.5,16.5,,,6,2.0,47.0,69.5,14.5,,,3.0,1.0,26.0,60.0,22.75,,,5.0,21.0,
H2VXL4BMLA,4.0,,61.5,21.0,,,6,2.0,48.5,56.5,14.5,,,4.0,1.0,23.375,58.33,17.26294117647059,,,31.0,25.125,
H2VXL4BMLB,4.0,,76.0,18.5,,,6,2.0,48.5,56.5,14.5,,,4.0,1.0,23.375,58.33,17.26294117647059,,,31.0,25.125,
H2VXL4BNLA,4.0,,66.5,22.0,,,6,2.0,51.0,60.5,18.75,,,5.0,1.0,23.375,58.33,17.26294117647059,,,31.0,27.625,
H2VXL4BNLB,4.0,,67.5,16.25,,,3,2.0,51.0,60.5,18.75,,,5.0,1.0,23.375,58.33,17.26294117647059,,,31.0,27.625,
H2XWH3J1LA,4.0,,67.5,17.0,,,2,2.0,58.75,58.75,18.5,,,4.0,1.0,63.25,63.25,23.97,,,4.0,-4.5,
H2XWH3J1LB,4.0,67.0,80.5,13.666666666666666,,,5,2.0,58.75,58.75,18.5,,,4.0,1.0,63.25,63.25,23.97,,,4.0,-4.5,8.25
H2XWH3J2LA,4.0,,71.5,16.5,,,2,2.0,59.5,59.5,22.0,,,2.0,1.0,63.25,63.25,23.97,,,4.0,-3.75,
H2XWH3J2LB,4.0,,74.5,17.5,,,2,2.0,59.5,59.5,22.0,,,2.0,1.0,63.25,63.25,23.97,,,4.0,-3.75,
H2XWH3JXLA,4.0,,62.0,23.0,,,6,2.0,62.0,62.0,17.5,,,2.0,1.0,63.25,63.25,23.97,,,4.0,-1.25,
H2XWH3JXLB,4.0,,73.0,21.25,,,3,2.0,62.0,62.0,17.5,,,2.0,1.0,63.25,63.25,23.97,,,4.0,-1.25,
H2XWH3JYLA,4.0,,74.5,14.0,,,6,2.0,67.0,67.0,18.0,,,2.0,1.0,63.25,63.25,23.97,,,4.0,3.75,
H2XWH3JYLB,4.0,,61.5,23.5,,,2,2.0,67.0,67.0,18.0,,,2.0,1.0,63.25,63.25,23.97,,,4.0,3.75,
H2XWH3JYLC,4.0,,79.0,11.0,,,6,2.0,67.0,67.0,18.0,,,2.0,1.0,63.25,63.25,23.97,,,4.0,3.75,
H2XWH3JYLD,4.0,,74.0,14.0,,,4,2.0,67.0,67.0,18.0,,,2.0,1.0,63.25,63.25,23.97,,,4.0,3.75,
H2XWH3JZLA,4.0,,67.0,15.0,,,2,2.0,61.5,61.5,19.0,,,2.0,1.0,63.25,63.25,23.97,,,4.0,-1.75,
H2XWH3JZLB,4.0,,62.5,16.0,,,2,2.0,61.5,61.5,19.0,,,2.0,1.0,63.25,63.25,23.97,,,4.0,-1.75,
H2ZXL3CHL9,4.0,,81.0,10.0,,,4,2.0,88.5,88.5,8.5,,,2.0,1.0,74.0,74.0,9.5,,,2.0,14.5,
H2ZXL3CHLA,4.0,90.0,86.5,7.357142857142857,,,11,2.0,88.5,88.5,8.5,,,2.0,1.0,74.0,74.0,9.5,,,2.0,14.5,1.5
H2ZXL3CJLA,4.0,,78.5,10.5,,,4,2.0,78.5,78.5,11.5,,,4.0,1.0,74.0,74.0,9.5,,,2.0,4.5,
H2ZXL3CJLB,4.0,,84.0,8.0,,,2,2.0,78.5,78.5,11.5,,,4.0,1.0,74.0,74.0,9.5,,,2.0,4.5,
H2ZYH3KXLA,4.0,85.0,88.0,8.923076923076923,,,21,2.0,83.5,83.5,8.5,,,4.0,1.0,52.5,52.5,25.5,,,4.0,31.0,1.5
H2ZYH3KXLB,4.0,,75.0,9.0,,,2,2.0,83.5,83.5,8.5,,,4.0,1.0,52.5,52.5,25.5,,,4.0,31.0,
H2ZYH3KYLA,4.0,,88.0,7.5,,,2,2.0,85.5,85.5,9.0,,,2.0,1.0,52.5,52.5,25.5,,,4.0,33.0,
H2ZYH3KYLC,4.0,,82.5,5.0,,,2,2.0,85.5,85.5,9.0,,,2.0,1.0,52.5,52.5,25.5,,,4.0,33.0,
H31BL4TFLC,4.0,67.5,52.0,23.1,,,7,2.0,66.5,66.5,17.0,,,4.0,1.0,30.8,24.2,27.233333333333334,,,8.0,35.7,1.0
H31BL4TFLD,4.0,65.5,32.0,16.75,,,12,2.0,66.5,66.5,17.0,,,4.0,1.0,30.8,24.2,27.233333333333334,,,8.0,35.7,-1.0
H31BL4TGLA,4.0,72.0,53.0,15.8,,,7,2.0,65.0,65.0,20.5,,,2.0,1.0,30.8,24.2,27.233333333333334,,,8.0,34.2,7.0
H31BL4TGLB,4.0,79.0,47.5,20.7,,,7,2.0,65.0,65.0,20.5,,,2.0,1.0,30.8,24.2,27.233333333333334,,,8.0,34.2,14.0
H31BL4TGLC,4.0,68.5,55.0,19.857142857142858,,,10,2.0,65.0,65.0,20.5,,,2.0,1.0,30.8,24.2,27.233333333333334,,,8.0,34.2,3.5
H31BL4THLA,4.0,69.0,69.0,14.5,,,8,2.0,71.0,60.0,11.0,,,7.0,1.0,30.8,24.2,27.233333333333334,,,8.0,40.2,-2.0
H31BL4TLLA,4.0,61.5,56.0,16.571428571428573,,,10,2.0,55.0,45.5,11.0,,,6.0,1.0,30.8,24.2,27.233333333333334,,,8.0,24.2,6.5
H31BL4TLLB,4.0,46.0,60.5,19.8,,,7,2.0,55.0,45.5,11.0,,,6.0,1.0,30.8,24.2,27.233333333333334,,,8.0,24.2,-9.0
H31MH4DXLA,4.0,,63.5,17.0,,,3,2.0,60.5,60.5,18.5,,,4.0,1.0,62.3,62.3,21.7,,,2.0,-1.7999999999999972,
H31MH4DXLB,4.0,,63.0,16.5,,,2,2.0,60.5,60.5,18.5,,,4.0,1.0,62.3,62.3,21.7,,,2.0,-1.7999999999999972,
H31MH4DYLA,4.0,,72.5,15.0,,,4,2.0,69.0,69.0,15.0,,,4.0,1.0,62.3,62.3,21.7,,,2.0,6.700000000000003,
H31MH4DYLB,4.0,76.5,26.0,25.75,,,16,2.0,69.0,69.0,15.0,,,4.0,1.0,62.3,62.3,21.7,,,2.0,6.700000000000003,7.5
H31MH4DZLA,4.0,71.0,64.5,17.8,,,8,2.0,55.5,68.0,9.0,,,3.0,1.0,62.3,62.3,21.7,,,2.0,-6.799999999999997,15.5
H31MH4DZLB,4.0,,74.5,17.0,,,4,2.0,55.5,68.0,9.0,,,3.0,1.0,62.3,62.3,21.7,,,2.0,-6.799999999999997,
H31MH4DZLC,4.0,,71.5,14.5,,,4,2.0,55.5,68.0,9.0,,,3.0,1.0,62.3,62.3,21.7,,,2.0,-6.799999999999997,
H31MH4EVLA,4.0,,61.5,15.5,,,2,2.0,62.0,62.0,20.0,,,4.0,1.0,62.3,62.3,21.7,,,2.0,-0.29999999999999716,
H31MH4EVLB,4.0,,68.0,16.5,,,4,2.0,62.0,62.0,20.0,,,4.0,1.0,62.3,62.3,21.7,,,2.0,-0.29999999999999716,
H31MH4EWLA,4.0,72.0,64.5,11.75,,,11,2.0,82.0,82.0,8.5,,,4.0,1.0,62.3,62.3,21.7,,,2.0,19.700000000000003,-10.0
H31MH4EWLB,4.0,,72.5,10.0,,,6,2.0,82.0,82.0,8.5,,,4.0,1.0,62.3,62.3,21.7,,,2.0,19.700000000000003,
H31MH4EWLC,4.0,63.5,60.5,16.88888888888889,,,13,2.0,82.0,82.0,8.5,,,4.0,1.0,62.3,62.3,21.7,,,2.0,19.700000000000003,-18.5
H31MH4EWLD,4.0,72.0,62.0,14.7,,,9,2.0,82.0,82.0,8.5,,,4.0,1.0,62.3,62.3,21.7,,,2.0,19.700000000000003,-10.0
H31MH4EWLE,4.0,68.5,73.5,8.9,,,9,2.0,82.0,82.0,8.5,,,4.0,1.0,62.3,62.3,21.7,,,2.0,19.700000000000003,-13.5
H31MH4EXLA,4.0,,68.0,10.5,,,4,2.0,48.0,57.5,12.75,,,6.0,1.0,62.3,62.3,21.7,,,2.0,-14.299999999999997,
H31MH4EXLB,4.0,,69.0,11.5,,,4,2.0,48.0,57.5,12.75,,,6.0,1.0,62.3,62.3,21.7,,,2.0,-14.299999999999997,
H31MH4EYLA,4.0,,72.5,11.5,,,2,2.0,54.5,48.0,7.5,,,6.0,1.0,62.3,62.3,21.7,,,2.0,-7.799999999999997,
H31MH4EYLB,4.0,,70.0,10.5,,,4,2.0,54.5,48.0,7.5,,,6.0,1.0,62.3,62.3,21.7,,,2.0,-7.799999999999997,
H31MH4EYLC,4.0,,73.0,11.5,,,4,2.0,54.5,48.0,7.5,,,6.0,1.0,62.3,62.3,21.7,,,2.0,-7.799999999999997,
H31MH4EZLA,4.0,,72.5,13.5,,,4,2.0,48.0,70.0,6.5,,,6.0,1.0,62.3,62.3,21.7,,,2.0,-14.299999999999997,
H31MH4EZLB,4.0,,69.5,11.0,,,4,2.0,48.0,70.0,6.5,,,6.0,1.0,62.3,62.3,21.7,,,2.0,-14.299999999999997,
H31MH4FVLA,4.0,,62.5,16.0,,,2,2.0,59.5,59.5,21.0,,,2.0,1.0,62.3,62.3,21.7,,,2.0,-2.799999999999997,
H31MH4FVLB,4.0,,69.0,16.25,,,6,2.0,59.5,59.5,21.0,,,2.0,1.0,62.3,62.3,21.7,,,2.0,-2.799999999999997,
H31MH4FWLA,4.0,,68.0,13.0,,,2,2.0,60.5,60.5,19.5,,,4.0,1.0,62.3,62.3,21.7,,,2.0,-1.7999999999999972,
H31PL5AVLA,4.0,,78.5,9.5,,,4,2.0,82.5,82.5,11.0,,,4.0,1.0,70.08,75.36,10.823333333333332,,,5.0,12.420000000000002,
H31PL5AVLB,4.0,,76.5,10.5,,,4,2.0,82.5,82.5,11.0,,,4.0,1.0,70.08,75.36,10.823333333333332,,,5.0,12.420000000000002,
H31PL5AVLC,4.0,,75.0,12.5,,,2,2.0,82.5,82.5,11.0,,,4.0,1.0,70.08,75.36,10.823333333333332,,,5.0,12.420000000000002,
H31PL5AWLA,4.0,,76.0,14.0,,,4,2.0,83.0,83.0,10.0,,,4.0,1.0,70.08,75.36,10.823333333333332,,,5.0,12.920000000000002,
H31PL5AWLB,4.0,,75.5,8.5,,,2,2.0,83.0,83.0,10.0,,,4.0,1.0,70.08,75.36,10.823333333333332,,,5.0,12.920000000000002,
H31PL5AXLA,4.0,,80.0,12.5,,,2,2.0,78.0,78.0,15.5,,,4.0,1.0,70.08,75.36,10.823333333333332,,,5.0,7.920000000000002,
H31PL5AXLB,4.0,,78.0,14.0,,,4,2.0,78.0,78.0,15.5,,,4.0,1.0,70.08,75.36,10.823333333333332,,,5.0,7.920000000000002,
H31PL5AYLA,4.0,,79.0,10.0,,,2,2.0,72.5,72.5,17.0,,,4.0,1.0,70.08,75.36,10.823333333333332,,,5.0,2.4200000000000017,
H31PL5AYLD,4.0,74.5,73.5,13.8,,,8,2.0,72.5,72.5,17.0,,,4.0,1.0,70.08,75.36,10.823333333333332,,,5.0,2.4200000000000017,2.0
H31PL5AZLA,4.0,,77.5,10.0,,,4,2.0,59.5,59.5,19.5,,,2.0,1.0,70.08,75.36,10.823333333333332,,,5.0,-10.579999999999998,
H31PL5AZLB,4.0,,78.5,12.5,,,4,2.0,59.5,59.5,19.5,,,2.0,1.0,70.08,75.36,10.823333333333332,,,5.0,-10.579999999999998,
H31PL5AZLC,4.0,,77.5,8.0,,,4,2.0,59.5,59.5,19.5,,,2.0,1.0,70.08,75.36,10.823333333333332,,,5.0,-10.579999999999998,
H31PL5BALA,4.0,,80.5,9.0,,,4,2.0,63.5,63.5,23.0,,,4.0,1.0,70.08,75.36,10.823333333333332,,,5.0,-6.579999999999998,
H32CH4XYLA,4.0,67.0,72.0,20.833333333333332,,,5,2.0,64.0,64.0,19.0,,,2.0,1.0,54.21,61.5,15.670000000000002,,,3.0,9.79,3.0
H32CH4XYLB,4.0,76.0,63.0,18.625,,,7,2.0,64.0,64.0,19.0,,,2.0,1.0,54.21,61.5,15.670000000000002,,,3.0,9.79,12.0
H32CH4XZLA,4.0,73.0,74.0,17.875,,,7,2.0,68.5,68.5,16.0,,,4.0,1.0,54.21,61.5,15.670000000000002,,,3.0,14.29,4.5
H32CH4XZLB,4.0,63.0,68.5,20.0,,,6,2.0,68.5,68.5,16.0,,,4.0,1.0,54.21,61.5,15.670000000000002,,,3.0,14.29,-5.5
H32CH4YVLC,4.0,73.5,74.0,16.666666666666668,,,5,2.0,72.5,72.5,15.0,,,2.0,1.0,54.21,61.5,15.670000000000002,,,3.0,18.29,1.0
H32CH4YVLD,4.0,80.5,68.0,14.833333333333334,,,5,2.0,72.5,72.5,15.0,,,2.0,1.0,54.21,61.5,15.670000000000002,,,3.0,18.29,8.0
H32CH4YWLA,4.0,73.5,72.5,16.833333333333332,,,5,2.0,65.5,65.5,12.5,,,2.0,1.0,54.21,61.5,15.670000000000002,,,3.0,11.29,8.0
H32CH4YWLB,4.0,75.5,61.5,20.125,,,7,2.0,65.5,65.5,12.5,,,2.0,1.0,54.21,61.5,15.670000000000002,,,3.0,11.29,10.0
H32CH4YXLA,4.0,77.0,68.5,17.125,,,7,2.0,71.0,71.0,18.0,,,2.0,1.0,54.21,61.5,15.670000000000002,,,3.0,16.79,6.0
H32CH4YXLB,4.0,74.0,69.5,20.833333333333332,,,5,2.0,71.0,71.0,18.0,,,2.0,1.0,54.21,61.5,15.670000000000002,,,3.0,16.79,3.0
H32CH4YXLC,4.0,70.5,70.5,18.625,,,7,2.0,71.0,71.0,18.0,,,2.0,1.0,54.21,61.5,15.670000000000002,,,3.0,16.79,-0.5
H32CH4YYLA,4.0,80.0,66.0,14.666666666666666,,,5,2.0,67.0,67.0,17.0,,,2.0,1.0,54.21,61.5,15.670000000000002,,,3.0,12.79,13.0
H32CH4YYLB,4.0,77.5,73.5,21.5,,,7,2.0,67.0,67.0,17.0,,,2.0,1.0,54.21,61.5,15.670000000000002,,,3.0,12.79,10.5
H32EH4ZBLA,4.0,54.0,52.5,24.5,,,9,2.0,79.0,64.5,11.166666666666666,,,5.0,1.0,43.0,61.5,22.8425,,,5.0,36.0,-25.0
H32EH4ZBLB,4.0,53.5,41.5,23.0,,,9,2.0,79.0,64.5,11.166666666666666,,,5.0,1.0,43.0,61.5,22.8425,,,5.0,36.0,-25.5
H32EH4ZDLA,4.0,59.5,54.5,19.0,,,8,2.0,58.0,65.5,12.125,,,6.0,1.0,43.0,61.5,22.8425,,,5.0,15.0,1.5
H32EH4ZDLB,4.0,59.5,64.5,15.666666666666666,,,5,2.0,58.0,65.5,12.125,,,6.0,1.0,43.0,61.5,22.8425,,,5.0,15.0,1.5
H32EH4ZELA,4.0,76.5,79.5,15.875,,,7,2.0,63.5,63.5,15.0,,,2.0,1.0,43.0,61.5,22.8425,,,5.0,20.5,13.0
H32EH4ZELB,4.0,83.0,60.0,16.5,,,6,2.0,63.5,63.5,15.0,,,2.0,1.0,43.0,61.5,22.8425,,,5.0,20.5,19.5
H32EH4ZHLA,4.0,,62.0,17.0,,,2,2.0,65.5,60.5,14.166666666666666,,,5.0,1.0,43.0,61.5,22.8425,,,5.0,22.5,
H32EH4ZHLB,4.0,,69.0,15.0,,,6,2.0,65.5,60.5,14.166666666666666,,,5.0,1.0,43.0,61.5,22.8425,,,5.0,22.5,
H32EH4ZNLA,4.0,,67.5,14.0,,,4,2.0,66.0,66.0,10.0,,,5.0,1.0,43.0,61.5,22.8425,,,5.0,23.0,
H32EH4ZNLB,4.0,71.5,52.0,16.833333333333332,,,9,2.0,66.0,66.0,10.0,,,5.0,1.0,43.0,61.5,22.8425,,,5.0,23.0,5.5
H32EH4ZPLA,4.0,64.0,54.0,19.125,,,12,2.0,82.0,72.0,9.75,,,7.0,1.0,43.0,61.5,22.8425,,,5.0,39.0,-18.0
H32EH4ZPLB,4.0,,81.5,11.0,,,4,2.0,82.0,72.0,9.75,,,7.0,1.0,43.0,61.5,22.8425,,,5.0,39.0,
H32EH4ZQLA,4.0,,63.0,21.75,,,6,2.0,65.0,61.0,16.166666666666668,,,5.0,1.0,43.0,61.5,22.8425,,,5.0,22.0,
H32EH4ZQLB,4.0,,74.5,17.0,,,3,2.0,65.0,61.0,16.166666666666668,,,5.0,1.0,43.0,61.5,22.8425,,,5.0,22.0,
H32KL5DGLA,4.0,,86.5,3.0,,,2,2.0,80.5,80.5,11.5,,,4.0,1.0,44.6,75.58,11.451666666666668,,,8.0,35.9,
H32KL5DGLB,4.0,,74.0,16.0,,,2,2.0,80.5,80.5,11.5,,,4.0,1.0,44.6,75.58,11.451666666666668,,,8.0,35.9,
H32KL5DHLA,4.0,,79.5,9.0,,,4,2.0,79.5,79.5,12.5,,,4.0,1.0,44.6,75.58,11.451666666666668,,,8.0,34.9,
H32KL5DHLB,4.0,,69.0,11.0,,,2,2.0,79.5,79.5,12.5,,,4.0,1.0,44.6,75.58,11.451666666666668,,,8.0,34.9,
H32KL5DLLA,4.0,66.0,62.5,14.5,,,5,2.0,76.0,76.0,13.5,,,4.0,1.0,44.6,75.58,11.451666666666668,,,8.0,31.4,-10.0
H32KL5DLLB,4.0,66.0,64.0,17.4,,,8,2.0,76.0,76.0,13.5,,,4.0,1.0,44.6,75.58,11.451666666666668,,,8.0,31.4,-10.0
H32KL5DMLA,4.0,74.5,67.0,14.833333333333334,,,10,2.0,67.5,67.5,16.0,,,4.0,1.0,44.6,75.58,11.451666666666668,,,8.0,22.9,7.0
H32KL5JKLA,4.0,,67.0,14.0,,,4,2.0,73.5,69.0,9.75,,,7.0,1.0,44.6,75.58,11.451666666666668,,,8.0,28.9,
H32KL5JKLB,4.0,,74.0,14.5,,,2,2.0,73.5,69.0,9.75,,,7.0,1.0,44.6,75.58,11.451666666666668,,,8.0,28.9,
H32KL5JLLA,4.0,,59.5,15.5,,,4,2.0,75.5,63.0,9.5,,,5.0,1.0,44.6,75.58,11.451666666666668,,,8.0,30.9,
H32KL5JLLB,4.0,,73.0,17.5,,,4,2.0,75.5,63.0,9.5,,,5.0,1.0,44.6,75.58,11.451666666666668,,,8.0,30.9,
H32KL5JNLA,4.0,,68.5,17.0,,,4,2.0,72.5,74.5,9.166666666666666,,,5.0,1.0,44.6,75.58,11.451666666666668,,,8.0,27.9,
H32KL5JNLB,4.0,74.0,67.0,14.5,,,7,2.0,72.5,74.5,9.166666666666666,,,5.0,1.0,44.6,75.58,11.451666666666668,,,8.0,27.9,1.5
H32KL5JNLC,4.0,,59.5,17.5,,,4,2.0,72.5,74.5,9.166666666666666,,,5.0,1.0,44.6,75.58,11.451666666666668,,,8.0,27.9,
H32KL5JNLD,4.0,,65.0,16.0,,,4,2.0,72.5,74.5,9.166666666666666,,,5.0,1.0,44.6,75.58,11.451666666666668,,,8.0,27.9,
H32KL5JNLE,4.0,74.0,66.5,14.5,,,7,2.0,72.5,74.5,9.166666666666666,,,5.0,1.0,44.6,75.58,11.451666666666668,,,8.0,27.9,1.5
H32KL5JNLF,4.0,,63.5,13.5,,,2,2.0,72.5,74.5,9.166666666666666,,,5.0,1.0,44.6,75.58,11.451666666666668,,,8.0,27.9,
H32KL5JNLG,4.0,,64.5,14.5,,,2,2.0,72.5,74.5,9.166666666666666,,,5.0,1.0,44.6,75.58,11.451666666666668,,,8.0,27.9,
H32KL5JNLH,4.0,,76.5,12.5,,,2,2.0,72.5,74.5,9.166666666666666,,,5.0,1.0,44.6,75.58,11.451666666666668,,,8.0,27.9,
H32KL5JNLJ,4.0,,66.0,13.5,,,4,2.0,72.5,74.5,9.166666666666666,,,5.0,1.0,44.6,75.58,11.451666666666668,,,8.0,27.9,
H32KL5JPLA,4.0,,65.5,16.0,,,4,2.0,55.0,71.5,10.5625,,,6.0,1.0,44.6,75.58,11.451666666666668,,,8.0,10.399999999999999,
H32KL5JPLB,4.0,,64.0,21.75,,,6,2.0,55.0,71.5,10.5625,,,6.0,1.0,44.6,75.58,11.451666666666668,,,8.0,10.399999999999999,
H32KL5JQLA,4.0,,69.0,16.5,,,4,2.0,69.5,75.5,9.666666666666666,,,5.0,1.0,44.6,75.58,11.451666666666668,,,8.0,24.9,
H32KL5JQLB,4.0,,62.0,14.5,,,2,2.0,69.5,75.5,9.666666666666666,,,5.0,1.0,44.6,75.58,11.451666666666668,,,8.0,24.9,
H32PL4BZLA,4.0,,67.5,21.25,,,3,2.0,47.75,54.5,16.333333333333332,,,4.0,1.0,54.0,54.0,26.25,,,2.0,-6.25,
H32PL4BZLB,4.0,,70.5,18.5,,,6,2.0,47.75,54.5,16.333333333333332,,,4.0,1.0,54.0,54.0,26.25,,,2.0,-6.25,
H32PL4BZLC,4.0,,66.0,17.0,,,6,2.0,47.75,54.5,16.333333333333332,,,4.0,1.0,54.0,54.0,26.25,,,2.0,-6.25,
H32PL4BZLD,4.0,68.5,68.5,17.0,,,8,2.0,47.75,54.5,16.333333333333332,,,4.0,1.0,54.0,54.0,26.25,,,2.0,-6.25,20.75
H32PL4CALA,4.0,63.0,63.0,13.833333333333334,,,8,2.0,47.5,60.5,11.75,,,6.0,1.0,54.0,54.0,26.25,,,2.0,-6.5,15.5
H32PL4CALB,4.0,,65.5,12.5,,,3,2.0,47.5,60.5,11.75,,,6.0,1.0,54.0,54.0,26.25,,,2.0,-6.5,
H32QH4GYLA,4.0,,67.0,11.0,,,4,2.0,47.5,68.0,10.5,,,6.0,1.0,52.5,58.0,14.565000000000001,,,3.0,-5.0,
H32QH4GYLB,4.0,,67.5,17.5,,,4,2.0,47.5,68.0,10.5,,,6.0,1.0,52.5,58.0,14.565000000000001,,,3.0,-5.0,
H32QH4GYLE,4.0,,70.0,18.0,,,2,2.0,47.5,68.0,10.5,,,6.0,1.0,52.5,58.0,14.565000000000001,,,3.0,-5.0,
H32QH4GZLA,4.0,,69.5,17.0,,,2,2.0,62.0,62.0,25.0,,,4.0,1.0,52.5,58.0,14.565000000000001,,,3.0,9.5,
H32QH4GZLB,4.0,,68.0,17.5,,,6,2.0,62.0,62.0,25.0,,,4.0,1.0,52.5,58.0,14.565000000000001,,,3.0,9.5,
H32QH4HVLA,4.0,,74.5,17.0,,,2,2.0,63.5,63.5,16.5,,,2.0,1.0,52.5,58.0,14.565000000000001,,,3.0,11.0,
H32QH4HVLB,4.0,,66.5,16.0,,,2,2.0,63.5,63.5,16.5,,,2.0,1.0,52.5,58.0,14.565000000000001,,,3.0,11.0,
H32QH4HVLC,4.0,,63.5,13.0,,,2,2.0,63.5,63.5,16.5,,,2.0,1.0,52.5,58.0,14.565000000000001,,,3.0,11.0,
H32QH4HWLA,4.0,,73.0,12.5,,,2,2.0,71.5,71.5,20.0,,,4.0,1.0,52.5,58.0,14.565000000000001,,,3.0,19.0,
H32QH4HWLB,4.0,,63.0,16.5,,,4,2.0,71.5,71.5,20.0,,,4.0,1.0,52.5,58.0,14.565000000000001,,,3.0,19.0,
H32QH4HXLA,4.0,,76.5,13.5,,,4,2.0,73.5,73.5,13.0,,,4.0,1.0,52.5,58.0,14.565000000000001,,,3.0,21.0,
H32QH4HXLB,4.0,,70.0,17.0,,,2,2.0,73.5,73.5,13.0,,,4.0,1.0,52.5,58.0,14.565000000000001,,,3.0,21.0,
H32QH4HYLA,4.0,,72.0,12.5,,,2,2.0,73.5,73.5,17.5,,,4.0,1.0,52.5,58.0,14.565000000000001,,,3.0,21.0,
H32QH4HYLB,4.0,,76.0,16.5,,,2,2.0,73.5,73.5,17.5,,,4.0,1.0,52.5,58.0,14.565000000000001,,,3.0,21.0,
H32QH4HZLA,4.0,,72.0,15.5,,,4,2.0,74.5,74.5,11.5,,,2.0,1.0,52.5,58.0,14.565000000000001,,,3.0,22.0,
H32QH4HZLB,4.0,,69.0,17.5,,,2,2.0,74.5,74.5,11.5,,,2.0,1.0,52.5,58.0,14.565000000000001,,,3.0,22.0,
H33LL5BYLA,4.0,85.5,85.0,7.5,,,5,2.0,75.5,75.5,13.5,,,2.0,1.0,72.5,80.17,9.973333333333334,,,5.0,3.0,10.0
H33LL5BYLB,4.0,91.0,78.5,7.375,,,7,2.0,75.5,75.5,13.5,,,2.0,1.0,72.5,80.17,9.973333333333334,,,5.0,3.0,15.5
H33LL5BZLA,4.0,,78.5,11.0,,,2,2.0,61.5,61.5,22.5,,,4.0,1.0,72.5,80.17,9.973333333333334,,,5.0,-11.0,
H33LL5BZLB,4.0,82.5,77.0,10.166666666666666,,,10,2.0,61.5,61.5,22.5,,,4.0,1.0,72.5,80.17,9.973333333333334,,,5.0,-11.0,21.0
H33LL5CALA,4.0,85.5,84.0,9.166666666666666,,,5,2.0,76.5,76.5,14.0,,,4.0,1.0,72.5,80.17,9.973333333333334,,,5.0,4.0,9.0
H33LL5CALB,4.0,90.0,83.0,9.666666666666666,,,5,2.0,76.5,76.5,14.0,,,4.0,1.0,72.5,80.17,9.973333333333334,,,5.0,4.0,13.5
H33LL5CALC,4.0,,87.0,9.0,,,4,2.0,76.5,76.5,14.0,,,4.0,1.0,72.5,80.17,9.973333333333334,,,5.0,4.0,
H33LL5CBLA,4.0,78.0,69.5,11.0,,,7,2.0,78.0,78.0,13.0,,,2.0,1.0,72.5,80.17,9.973333333333334,,,5.0,5.5,0.0
H33LL5CBLB,4.0,77.5,80.0,10.4,,,8,2.0,78.0,78.0,13.0,,,2.0,1.0,72.5,80.17,9.973333333333334,,,5.0,5.5,-0.5
H33LL5CBLC,4.0,,74.0,4.0,,,4,2.0,78.0,78.0,13.0,,,2.0,1.0,72.5,80.17,9.973333333333334,,,5.0,5.5,
H33LL5CCLA,4.0,85.5,78.0,8.666666666666666,,,5,2.0,71.0,71.0,17.0,,,2.0,1.0,72.5,80.17,9.973333333333334,,,5.0,-1.5,14.5
H33LL5CCLB,4.0,81.5,85.0,8.625,,,7,2.0,71.0,71.0,17.0,,,2.0,1.0,72.5,80.17,9.973333333333334,,,5.0,-1.5,10.5
H33LL5CDEA,4.0,,84.0,8.5,,,4,2.0,78.5,78.5,10.5,,,2.0,1.0,72.5,80.17,9.973333333333334,,,5.0,6.0,
H33LL5CDLA,4.0,,82.5,10.0,,,4,2.0,78.5,78.5,10.5,,,2.0,1.0,72.5,80.17,9.973333333333334,,,5.0,6.0,
H33LL5CDLB,4.0,81.5,75.0,9.2,,,8,2.0,78.5,78.5,10.5,,,2.0,1.0,72.5,80.17,9.973333333333334,,,5.0,6.0,3.0
H33MH4JYLC,4.0,,75.0,10.5,,,6,2.0,71.0,71.0,16.5,,,2.0,1.0,46.28,66.0,13.969999999999999,,,4.0,24.72,
H33MH4JYLD,4.0,58.5,66.0,12.833333333333334,,,11,2.0,71.0,71.0,16.5,,,2.0,1.0,46.28,66.0,13.969999999999999,,,4.0,24.72,-12.5
H33MH4JYLE,4.0,68.0,62.0,15.666666666666666,,,11,2.0,71.0,71.0,16.5,,,2.0,1.0,46.28,66.0,13.969999999999999,,,4.0,24.72,-3.0
H33MH4JYLF,4.0,,66.0,12.5,,,4,2.0,71.0,71.0,16.5,,,2.0,1.0,46.28,66.0,13.969999999999999,,,4.0,24.72,
H33MH4JZLA,4.0,72.5,64.0,15.625,,,7,2.0,60.0,60.0,17.5,,,4.0,1.0,46.28,66.0,13.969999999999999,,,4.0,13.719999999999999,12.5
H33MH4JZLB,4.0,,71.0,13.0,,,4,2.0,60.0,60.0,17.5,,,4.0,1.0,46.28,66.0,13.969999999999999,,,4.0,13.719999999999999,
H33MH4JZLC,4.0,,69.5,12.5,,,4,2.0,60.0,60.0,17.5,,,4.0,1.0,46.28,66.0,13.969999999999999,,,4.0,13.719999999999999,
H33MH4KVLA,4.0,71.0,35.0,18.166666666666668,,,10,2.0,67.5,67.5,11.0,,,2.0,1.0,46.28,66.0,13.969999999999999,,,4.0,21.22,3.5
H33MH4KVLB,4.0,67.0,63.5,17.25,,,6,2.0,67.5,67.5,11.0,,,2.0,1.0,46.28,66.0,13.969999999999999,,,4.0,21.22,-0.5
H33MH4KVLC,4.0,,60.0,15.5,,,4,2.0,67.5,67.5,11.0,,,2.0,1.0,46.28,66.0,13.969999999999999,,,4.0,21.22,
H33MH4KWLA,4.0,,63.5,14.5,,,2,2.0,56.0,56.0,20.0,,,2.0,1.0,46.28,66.0,13.969999999999999,,,4.0,9.719999999999999,
H33MH4KWLB,4.0,,67.5,13.0,,,4,2.0,56.0,56.0,20.0,,,2.0,1.0,46.28,66.0,13.969999999999999,,,4.0,9.719999999999999,
H33MH4KXLA,4.0,,69.0,8.5,,,2,2.0,65.0,65.0,18.5,,,2.0,1.0,46.28,66.0,13.969999999999999,,,4.0,18.72,
H33MH4KXLB,4.0,,63.0,8.5,,,2,2.0,65.0,65.0,18.5,,,2.0,1.0,46.28,66.0,13.969999999999999,,,4.0,18.72,
H33MH4KYLA,4.0,,62.0,12.0,,,2,2.0,70.0,70.0,12.0,,,2.0,1.0,46.28,66.0,13.969999999999999,,,4.0,23.72,
H33MH4KYLB,4.0,72.0,60.0,13.125,,,7,2.0,70.0,70.0,12.0,,,2.0,1.0,46.28,66.0,13.969999999999999,,,4.0,23.72,2.0
H33MH4KYLC,4.0,,66.0,14.0,,,4,2.0,70.0,70.0,12.0,,,2.0,1.0,46.28,66.0,13.969999999999999,,,4.0,23.72,
H33MH4KZLA,4.0,,69.0,15.5,,,2,2.0,60.5,60.5,15.0,,,2.0,1.0,46.28,66.0,13.969999999999999,,,4.0,14.219999999999999,
H33MH4KZLB,4.0,,61.5,20.0,,,4,2.0,60.5,60.5,15.0,,,2.0,1.0,46.28,66.0,13.969999999999999,,,4.0,14.219999999999999,
H33MH4LVLA,4.0,,59.5,10.0,,,4,2.0,68.0,68.0,15.0,,,4.0,1.0,46.28,66.0,13.969999999999999,,,4.0,21.72,
H33MH4LVLB,4.0,68.5,68.5,18.833333333333332,,,4,2.0,68.0,68.0,15.0,,,4.0,1.0,46.28,66.0,13.969999999999999,,,4.0,21.72,0.5
H33MH4LVLC,4.0,,61.0,16.0,,,2,2.0,68.0,68.0,15.0,,,4.0,1.0,46.28,66.0,13.969999999999999,,,4.0,21.72,
H33MH4LWLA,4.0,,65.0,16.0,,,2,2.0,63.5,63.5,12.0,,,4.0,1.0,46.28,66.0,13.969999999999999,,,4.0,17.22,
H33MH4LWLB,4.0,,73.5,16.5,,,6,2.0,63.5,63.5,12.0,,,4.0,1.0,46.28,66.0,13.969999999999999,,,4.0,17.22,
H33MH4LWLC,4.0,,66.0,12.0,,,4,2.0,63.5,63.5,12.0,,,4.0,1.0,46.28,66.0,13.969999999999999,,,4.0,17.22,
H33MH4LXLA,4.0,,67.0,11.5,,,2,2.0,75.0,75.0,11.0,,,2.0,1.0,46.28,66.0,13.969999999999999,,,4.0,28.72,
H33MH4LXLB,4.0,,76.0,14.0,,,4,2.0,75.0,75.0,11.0,,,2.0,1.0,46.28,66.0,13.969999999999999,,,4.0,28.72,
H33MH4LXLC,4.0,,73.5,14.0,,,2,2.0,75.0,75.0,11.0,,,2.0,1.0,46.28,66.0,13.969999999999999,,,4.0,28.72,
H33MH4LXLD,4.0,,75.0,8.0,,,4,2.0,75.0,75.0,11.0,,,2.0,1.0,46.28,66.0,13.969999999999999,,,4.0,28.72,
H33MH4LYLA,4.0,,71.5,12.0,,,4,2.0,66.5,66.5,14.0,,,2.0,1.0,46.28,66.0,13.969999999999999,,,4.0,20.22,
H33MH4LYLB,4.0,,77.0,11.0,,,4,2.0,66.5,66.5,14.0,,,2.0,1.0,46.28,66.0,13.969999999999999,,,4.0,20.22,
H33NL5ALLA,4.0,83.0,81.5,8.666666666666666,,,5,2.0,85.0,85.0,10.5,,,2.0,1.0,72.1,79.2,12.112,,,8.0,12.900000000000006,-2.0
H33NL5ALLB,4.0,,89.0,6.5,,,2,2.0,85.0,85.0,10.5,,,2.0,1.0,72.1,79.2,12.112,,,8.0,12.900000000000006,
H33NL5AMLA,4.0,,72.5,15.5,,,2,2.0,78.0,78.0,12.5,,,4.0,1.0,72.1,79.2,12.112,,,8.0,5.900000000000006,
H33NL5AMLB,4.0,,81.0,12.0,,,4,2.0,78.0,78.0,12.5,,,4.0,1.0,72.1,79.2,12.112,,,8.0,5.900000000000006,
H33NL5ANLA,4.0,,86.0,5.25,,,4,2.0,85.0,85.0,9.0,,,2.0,1.0,72.1,79.2,12.112,,,8.0,12.900000000000006,
H33NL5ANLB,4.0,89.0,86.0,7.285714285714286,,,12,2.0,85.0,85.0,9.0,,,2.0,1.0,72.1,79.2,12.112,,,8.0,12.900000000000006,4.0
H33NL5APLA,4.0,,85.5,8.5,,,2,2.0,85.0,85.0,11.5,,,4.0,1.0,72.1,79.2,12.112,,,8.0,12.900000000000006,
H33QH4PYLD,4.0,68.0,65.0,24.4,,,7,2.0,45.0,72.5,11.75,,,3.0,1.0,36.95,73.5,19.27625,,,10.0,8.049999999999997,23.0
H33QH4PYLE,4.0,,70.5,17.5,,,3,2.0,45.0,72.5,11.75,,,3.0,1.0,36.95,73.5,19.27625,,,10.0,8.049999999999997,
H33QH4PYLF,4.0,65.0,44.5,22.75,,,11,2.0,45.0,72.5,11.75,,,3.0,1.0,36.95,73.5,19.27625,,,10.0,8.049999999999997,20.0
H33QH4PYLG,4.0,65.5,67.5,19.875,,,6,2.0,45.0,72.5,11.75,,,3.0,1.0,36.95,73.5,19.27625,,,10.0,8.049999999999997,20.5
H33QH4PZLA,4.0,68.5,43.5,20.571428571428573,,,11,2.0,48.5,64.0,10.5,,,6.0,1.0,36.95,73.5,19.27625,,,10.0,11.549999999999997,20.0
H33QH4PZLB,4.0,,66.5,17.0,,,4,2.0,48.5,64.0,10.5,,,6.0,1.0,36.95,73.5,19.27625,,,10.0,11.549999999999997,
H33QH4PZLC,4.0,,65.5,14.0,,,4,2.0,48.5,64.0,10.5,,,6.0,1.0,36.95,73.5,19.27625,,,10.0,11.549999999999997,
H33QH4PZLD,4.0,67.5,36.5,23.1875,,,11,2.0,48.5,64.0,10.5,,,6.0,1.0,36.95,73.5,19.27625,,,10.0,11.549999999999997,19.0
H33QH4QWLA,4.0,67.5,70.5,20.25,,,6,2.0,46.0,43.5,18.666666666666668,,,4.0,1.0,36.95,73.5,19.27625,,,10.0,9.049999999999997,21.5
H33QH4QWLB,4.0,73.5,41.5,21.055555555555557,,,13,2.0,46.0,43.5,18.666666666666668,,,4.0,1.0,36.95,73.5,19.27625,,,10.0,9.049999999999997,27.5
H33QH4QZLA,4.0,47.0,68.0,20.375,,,6,2.0,58.0,58.0,17.125,,,5.0,1.0,36.95,73.5,19.27625,,,10.0,21.049999999999997,-11.0
H33QH4QZLB,4.0,63.0,51.0,24.071428571428573,,,10,2.0,58.0,58.0,17.125,,,5.0,1.0,36.95,73.5,19.27625,,,10.0,21.049999999999997,5.0
H33QH4QZLC,4.0,,60.5,17.0,,,4,2.0,58.0,58.0,17.125,,,5.0,1.0,36.95,73.5,19.27625,,,10.0,21.049999999999997,
H33QH4RVLA,4.0,,60.5,18.0,,,4,2.0,52.5,50.0,8.0,,,3.0,1.0,36.95,73.5,19.27625,,,10.0,15.549999999999997,
H33QH4RVLB,4.0,,66.0,11.5,,,2,2.0,52.5,50.0,8.0,,,3.0,1.0,36.95,73.5,19.27625,,,10.0,15.549999999999997,
H33QH4RVLC,4.0,50.5,61.0,17.571428571428573,,,9,2.0,52.5,50.0,8.0,,,3.0,1.0,36.95,73.5,19.27625,,,10.0,15.549999999999997,-2.0
H33QH4RWLA,4.0,56.0,70.5,15.75,,,10,2.0,51.5,42.0,13.25,,,3.0,1.0,36.95,73.5,19.27625,,,10.0,14.549999999999997,4.5
H33QH4RWLB,4.0,62.5,62.5,23.5,,,4,2.0,51.5,42.0,13.25,,,3.0,1.0,36.95,73.5,19.27625,,,10.0,14.549999999999997,11.0
H33QH4RXLA,4.0,,67.5,15.0,,,2,2.0,59.5,59.5,20.5,,,2.0,1.0,36.95,73.5,19.27625,,,10.0,22.549999999999997,
H33QH4RXLB,4.0,,74.0,16.75,,,3,2.0,59.5,59.5,20.5,,,2.0,1.0,36.95,73.5,19.27625,,,10.0,22.549999999999997,
H33QH4RXLC,4.0,66.0,66.0,18.0,,,4,2.0,59.5,59.5,20.5,,,2.0,1.0,36.95,73.5,19.27625,,,10.0,22.549999999999997,6.5
H33QH4RYLA,4.0,58.5,67.5,14.875,,,12,2.0,52.5,55.5,9.75,,,3.0,1.0,36.95,73.5,19.27625,,,10.0,15.549999999999997,6.0
H33QH4RYLB,4.0,64.5,64.0,19.5,,,9,2.0,52.5,55.5,9.75,,,3.0,1.0,36.95,73.5,19.27625,,,10.0,15.549999999999997,12.0
H33RH4RZLC,4.0,,67.5,15.0,,,2,2.0,58.5,58.5,21.0,,,2.0,1.0,39.75,63.0,17.375,,,6.0,18.75,
H33RH4RZLD,4.0,,73.5,16.0,,,2,2.0,58.5,58.5,21.0,,,2.0,1.0,39.75,63.0,17.375,,,6.0,18.75,
H33RH4SVLA,4.0,,60.5,17.5,,,2,2.0,58.5,58.5,23.5,,,2.0,1.0,39.75,63.0,17.375,,,6.0,18.75,
H33RH4SVLB,4.0,,69.5,12.5,,,2,2.0,58.5,58.5,23.5,,,2.0,1.0,39.75,63.0,17.375,,,6.0,18.75,
H33RH4SVLC,4.0,,62.5,16.5,,,4,2.0,58.5,58.5,23.5,,,2.0,1.0,39.75,63.0,17.375,,,6.0,18.75,
H33RH4SVLD,4.0,,68.0,13.0,,,2,2.0,58.5,58.5,23.5,,,2.0,1.0,39.75,63.0,17.375,,,6.0,18.75,
H34BH4BWLA,4.0,84.5,68.5,8.4,,,8,2.0,79.0,79.0,8.0,,,4.0,1.0,63.08,63.08,24.82,,,2.0,15.920000000000002,5.5
H34BH4BWLB,4.0,84.5,87.0,8.0,,,7,2.0,79.0,79.0,8.0,,,4.0,1.0,63.08,63.08,24.82,,,2.0,15.920000000000002,5.5
H34BH4BWLC,4.0,,69.0,8.0,,,4,2.0,79.0,79.0,8.0,,,4.0,1.0,63.08,63.08,24.82,,,2.0,15.920000000000002,
H34BH4BXLB,4.0,89.0,86.0,6.75,,,7,2.0,79.5,79.5,9.0,,,4.0,1.0,63.08,63.08,24.82,,,2.0,16.42,9.5
H34BH4BXLC,4.0,87.5,91.0,6.083333333333333,,,11,2.0,79.5,79.5,9.0,,,4.0,1.0,63.08,63.08,24.82,,,2.0,16.42,8.0
H34BH4BYLA,4.0,81.5,60.5,10.333333333333334,,,10,2.0,86.5,86.5,8.5,,,2.0,1.0,63.08,63.08,24.82,,,2.0,23.42,-5.0
H34BH4BYLB,4.0,,90.5,5.0,,,2,2.0,86.5,86.5,8.5,,,2.0,1.0,63.08,63.08,24.82,,,2.0,23.42,
H34BH4BYLC,4.0,84.5,82.5,10.375,,,7,2.0,86.5,86.5,8.5,,,2.0,1.0,63.08,63.08,24.82,,,2.0,23.42,-2.0
H34BH4BYLE,4.0,,81.0,8.5,,,4,2.0,86.5,86.5,8.5,,,2.0,1.0,63.08,63.08,24.82,,,2.0,23.42,
H34BH4BZLA,4.0,83.5,80.0,11.333333333333334,,,5,2.0,88.0,88.0,8.0,,,4.0,1.0,63.08,63.08,24.82,,,2.0,24.92,-4.5
H34BH4BZLB,4.0,,86.0,8.0,,,2,2.0,88.0,88.0,8.0,,,4.0,1.0,63.08,63.08,24.82,,,2.0,24.92,
H34BH4BZLC,4.0,88.5,79.5,6.916666666666667,,,10,2.0,88.0,88.0,8.0,,,4.0,1.0,63.08,63.08,24.82,,,2.0,24.92,0.5
H34BH4CVLA,4.0,,79.5,13.0,,,2,2.0,85.0,85.0,7.0,,,2.0,1.0,63.08,63.08,24.82,,,2.0,21.92,
H34BH4CVLB,4.0,87.0,88.0,9.333333333333334,,,5,2.0,85.0,85.0,7.0,,,2.0,1.0,63.08,63.08,24.82,,,2.0,21.92,2.0
H34BH4CWLA,4.0,,84.5,9.0,,,2,2.0,85.5,85.5,10.5,,,4.0,1.0,63.08,63.08,24.82,,,2.0,22.42,
H34BH4CWLB,4.0,,83.5,9.5,,,4,2.0,85.5,85.5,10.5,,,4.0,1.0,63.08,63.08,24.82,,,2.0,22.42,
H34BH4CXLA,4.0,,82.5,9.5,,,2,2.0,84.0,84.0,11.0,,,2.0,1.0,63.08,63.08,24.82,,,2.0,20.92,
H34EH4WVLA,4.0,,70.5,19.0,,,2,2.0,63.0,59.5,12.6,,,8.0,1.0,45.62,60.0,20.141666666666666,,,4.0,17.380000000000003,
H34EH4WVLB,4.0,,61.0,26.5,,,4,2.0,63.0,59.5,12.6,,,8.0,1.0,45.62,60.0,20.141666666666666,,,4.0,17.380000000000003,
H34EH4WWLA,4.0,,61.0,20.0,,,4,2.0,56.5,64.0,12.4,,,14.0,1.0,45.62,60.0,20.141666666666666,,,4.0,10.880000000000003,
H34EH4WWLB,4.0,,67.0,13.0,,,2,2.0,56.5,64.0,12.4,,,14.0,1.0,45.62,60.0,20.141666666666666,,,4.0,10.880000000000003,
H34EH4WWLC,4.0,,62.5,21.5,,,3,2.0,56.5,64.0,12.4,,,14.0,1.0,45.62,60.0,20.141666666666666,,,4.0,10.880000000000003,
H34EH4WXLA,4.0,,60.5,20.5,,,3,2.0,48.5,65.0,9.875,,,12.0,1.0,45.62,60.0,20.141666666666666,,,4.0,2.8800000000000026,
H34EH4WXLB,4.0,78.0,48.5,20.1,,,7,2.0,48.5,65.0,9.875,,,12.0,1.0,45.62,60.0,20.141666666666666,,,4.0,2.8800000000000026,29.5
H34EH4WYEA,4.0,,62.5,22.25,,,6,2.0,57.5,67.0,9.333333333333334,,,9.0,1.0,45.62,60.0,20.141666666666666,,,4.0,11.880000000000003,
H34EH4WYEB,4.0,,60.5,23.5,,,4,2.0,57.5,67.0,9.333333333333334,,,9.0,1.0,45.62,60.0,20.141666666666666,,,4.0,11.880000000000003,
H34EH4WYLA,4.0,66.5,58.5,17.75,,,6,2.0,57.5,67.0,9.333333333333334,,,9.0,1.0,45.62,60.0,20.141666666666666,,,4.0,11.880000000000003,9.0
H34EH4WYLB,4.0,,67.0,19.25,,,6,2.0,57.5,67.0,9.333333333333334,,,9.0,1.0,45.62,60.0,20.141666666666666,,,4.0,11.880000000000003,
H34EH4WYLC,4.0,,69.0,15.5,,,6,2.0,57.5,67.0,9.333333333333334,,,9.0,1.0,45.62,60.0,20.141666666666666,,,4.0,11.880000000000003,
H34EH4WYLD,4.0,,70.5,15.75,,,3,2.0,57.5,67.0,9.333333333333334,,,9.0,1.0,45.62,60.0,20.141666666666666,,,4.0,11.880000000000003,
H34EH4WZLA,4.0,69.0,67.5,18.11111111111111,,,13,2.0,62.5,73.0,10.8,,,8.0,1.0,45.62,60.0,20.141666666666666,,,4.0,16.880000000000003,6.5
H34EH4WZLB,4.0,,62.5,21.0,,,2,2.0,62.5,73.0,10.8,,,8.0,1.0,45.62,60.0,20.141666666666666,,,4.0,16.880000000000003,
H34EH4XVLA,4.0,,61.5,24.5,,,4,2.0,60.5,64.5,11.6,,,8.0,1.0,45.62,60.0,20.141666666666666,,,4.0,14.880000000000003,
H34EH4XVLB,4.0,,63.5,17.0,,,2,2.0,60.5,64.5,11.6,,,8.0,1.0,45.62,60.0,20.141666666666666,,,4.0,14.880000000000003,
H34EH4XWLA,4.0,,66.0,21.0,,,3,2.0,47.0,61.5,12.785714285714286,,,10.0,1.0,45.62,60.0,20.141666666666666,,,4.0,1.3800000000000026,
H34EH4XWLB,4.0,,68.5,18.0,,,2,2.0,47.0,61.5,12.785714285714286,,,10.0,1.0,45.62,60.0,20.141666666666666,,,4.0,1.3800000000000026,
H34EH4ZQLA,4.0,70.5,64.0,20.2,,,7,2.0,71.0,71.0,15.0,,,2.0,1.0,45.62,60.0,20.141666666666666,,,4.0,25.380000000000003,-0.5
H34EH4ZQLB,4.0,72.5,69.0,23.833333333333332,,,9,2.0,71.0,71.0,15.0,,,2.0,1.0,45.62,60.0,20.141666666666666,,,4.0,25.380000000000003,1.5
H35CL4KELA,4.0,,76.0,12.5,,,6,2.0,81.0,81.0,9.0,,,4.0,1.0,40.33,65.0,18.21,,,3.0,40.67,
H35CL4KELB,4.0,84.5,81.0,7.75,,,7,2.0,81.0,81.0,9.0,,,4.0,1.0,40.33,65.0,18.21,,,3.0,40.67,3.5
H35CL4KELC,4.0,81.0,83.0,10.25,,,7,2.0,81.0,81.0,9.0,,,4.0,1.0,40.33,65.0,18.21,,,3.0,40.67,0.0
H35CL4KFLA,4.0,88.5,79.0,10.8125,,,13,2.0,89.5,89.5,8.0,,,4.0,1.0,40.33,65.0,18.21,,,3.0,49.17,-1.0
H35CL4KFLB,4.0,,88.5,6.5,,,4,2.0,89.5,89.5,8.0,,,4.0,1.0,40.33,65.0,18.21,,,3.0,49.17,
H35CL4KFLC,4.0,,89.5,6.0,,,4,2.0,89.5,89.5,8.0,,,4.0,1.0,40.33,65.0,18.21,,,3.0,49.17,
H35CL4KGLA,4.0,,82.5,6.5,,,2,2.0,79.5,79.5,10.0,,,2.0,1.0,40.33,65.0,18.21,,,3.0,39.17,
H35CL4KGLB,4.0,,79.0,9.5,,,4,2.0,79.5,79.5,10.0,,,2.0,1.0,40.33,65.0,18.21,,,3.0,39.17,
H35CL4KHLC,4.0,,76.5,7.5,,,2,2.0,57.5,57.5,16.0,,,2.0,1.0,40.33,65.0,18.21,,,3.0,17.17,
H35CL4KHLD,4.0,,86.0,8.5,,,4,2.0,57.5,57.5,16.0,,,2.0,1.0,40.33,65.0,18.21,,,3.0,17.17,
H35CL4KJLA,4.0,91.0,82.5,9.666666666666666,,,5,2.0,72.0,72.0,15.5,,,2.0,1.0,40.33,65.0,18.21,,,3.0,31.67,19.0
H35CL4KJLB,4.0,,75.5,7.0,,,2,2.0,72.0,72.0,15.5,,,2.0,1.0,40.33,65.0,18.21,,,3.0,31.67,
H35CL4KKLA,4.0,,81.5,11.5,,,2,2.0,76.0,76.0,13.5,,,4.0,1.0,40.33,65.0,18.21,,,3.0,35.67,
H35EH4SYLA,4.0,,67.5,11.5,,,2,2.0,56.5,68.5,10.625,,,12.0,1.0,48.044285714285714,68.5,16.19181818181818,,,14.0,8.455714285714286,
H35EH4SYLB,4.0,,63.0,21.25,,,3,2.0,56.5,68.5,10.625,,,12.0,1.0,48.044285714285714,68.5,16.19181818181818,,,14.0,8.455714285714286,
H35EH4SZLA,4.0,,67.5,15.0,,,2,2.0,64.0,60.0,8.5,,,8.0,1.0,48.044285714285714,68.5,16.19181818181818,,,14.0,15.955714285714286,
H35EH4SZLB,4.0,,73.5,17.0,,,3,2.0,64.0,60.0,8.5,,,8.0,1.0,48.044285714285714,68.5,16.19181818181818,,,14.0,15.955714285714286,
H35EH4TVLA,4.0,,68.0,18.0,,,2,2.0,65.5,65.5,20.5,,,2.0,1.0,48.044285714285714,68.5,16.19181818181818,,,14.0,17.455714285714286,
H35EH4TVLB,4.0,,72.5,11.5,,,2,2.0,65.5,65.5,20.5,,,2.0,1.0,48.044285714285714,68.5,16.19181818181818,,,14.0,17.455714285714286,
H35EH4TWLA,4.0,,67.0,22.5,,,6,2.0,66.0,65.5,11.333333333333334,,,10.0,1.0,48.044285714285714,68.5,16.19181818181818,,,14.0,17.955714285714286,
H35EH4TWLB,4.0,,67.0,20.5,,,6,2.0,66.0,65.5,11.333333333333334,,,10.0,1.0,48.044285714285714,68.5,16.19181818181818,,,14.0,17.955714285714286,
H35EH4TWLC,4.0,,63.5,23.25,,,6,2.0,66.0,65.5,11.333333333333334,,,10.0,1.0,48.044285714285714,68.5,16.19181818181818,,,14.0,17.955714285714286,
H35EH4TWLD,4.0,,68.5,21.25,,,6,2.0,66.0,65.5,11.333333333333334,,,10.0,1.0,48.044285714285714,68.5,16.19181818181818,,,14.0,17.955714285714286,
H35EH4TXLA,4.0,,63.0,22.5,,,2,2.0,54.5,63.5,9.75,,,12.0,1.0,48.044285714285714,68.5,16.19181818181818,,,14.0,6.455714285714286,
H35EH4TXLB,4.0,,68.5,21.0,,,2,2.0,54.5,63.5,9.75,,,12.0,1.0,48.044285714285714,68.5,16.19181818181818,,,14.0,6.455714285714286,
H35EH4TXLC,4.0,,70.0,20.75,,,3,2.0,54.5,63.5,9.75,,,12.0,1.0,48.044285714285714,68.5,16.19181818181818,,,14.0,6.455714285714286,
H35EH4TXLD,4.0,,68.0,20.75,,,6,2.0,54.5,63.5,9.75,,,12.0,1.0,48.044285714285714,68.5,16.19181818181818,,,14.0,6.455714285714286,
H35EH4TYLA,4.0,80.5,71.0,13.833333333333334,,,5,2.0,61.0,61.0,20.0,,,2.0,1.0,48.044285714285714,68.5,16.19181818181818,,,14.0,12.955714285714286,19.5
H35EH4TYLB,4.0,77.0,72.5,8.6,,,9,2.0,61.0,61.0,20.0,,,2.0,1.0,48.044285714285714,68.5,16.19181818181818,,,14.0,12.955714285714286,16.0
H35EH4TYLC,4.0,,76.5,14.5,,,2,2.0,61.0,61.0,20.0,,,2.0,1.0,48.044285714285714,68.5,16.19181818181818,,,14.0,12.955714285714286,
H35EH4TZLA,4.0,,75.0,15.5,,,4,2.0,72.5,72.5,16.0,,,2.0,1.0,48.044285714285714,68.5,16.19181818181818,,,14.0,24.455714285714286,
H35EH4TZLB,4.0,83.0,66.0,17.8,,,8,2.0,72.5,72.5,16.0,,,2.0,1.0,48.044285714285714,68.5,16.19181818181818,,,14.0,24.455714285714286,10.5
H35EH4UVLA,4.0,78.0,65.0,16.5,,,7,2.0,72.5,72.5,15.0,,,2.0,1.0,48.044285714285714,68.5,16.19181818181818,,,14.0,24.455714285714286,5.5
H35EH4UVLB,4.0,76.5,64.0,19.875,,,6,2.0,72.5,72.5,15.0,,,2.0,1.0,48.044285714285714,68.5,16.19181818181818,,,14.0,24.455714285714286,4.0
H35EH4UWLA,4.0,,63.0,15.5,,,4,2.0,69.5,63.0,13.4,,,8.0,1.0,48.044285714285714,68.5,16.19181818181818,,,14.0,21.455714285714286,
H35EH4UWLB,4.0,,60.5,24.5,,,6,2.0,69.5,63.0,13.4,,,8.0,1.0,48.044285714285714,68.5,16.19181818181818,,,14.0,21.455714285714286,
H35EH4XXLA,4.0,,74.5,14.5,,,2,2.0,70.0,61.0,11.0,,,10.0,1.0,48.044285714285714,68.5,16.19181818181818,,,14.0,21.955714285714286,
H35EH4XXLB,4.0,,62.5,24.0,,,6,2.0,70.0,61.0,11.0,,,10.0,1.0,48.044285714285714,68.5,16.19181818181818,,,14.0,21.955714285714286,
H35JH4MWLA,4.0,93.0,79.0,5.214285714285714,,,13,2.0,80.0,80.0,10.5,,,4.0,1.0,54.35999999999999,75.0,11.74,,,6.0,25.640000000000008,13.0
H35JH4MWLB,4.0,,81.5,5.5,,,4,2.0,80.0,80.0,10.5,,,4.0,1.0,54.35999999999999,75.0,11.74,,,6.0,25.640000000000008,
H35JH4MWLC,4.0,,89.0,4.0,,,4,2.0,80.0,80.0,10.5,,,4.0,1.0,54.35999999999999,75.0,11.74,,,6.0,25.640000000000008,
H35JH4MWLD,4.0,85.0,61.5,7.2,,,8,2.0,80.0,80.0,10.5,,,4.0,1.0,54.35999999999999,75.0,11.74,,,6.0,25.640000000000008,5.0
H35JH4MXLA,4.0,,85.5,2.5,,,2,2.0,87.5,87.5,7.0,,,4.0,1.0,54.35999999999999,75.0,11.74,,,6.0,33.14000000000001,
H35JH4MXLB,4.0,,86.0,14.0,,,2,2.0,87.5,87.5,7.0,,,4.0,1.0,54.35999999999999,75.0,11.74,,,6.0,33.14000000000001,
H35JH4MXLC,4.0,,83.5,3.5,,,2,2.0,87.5,87.5,7.0,,,4.0,1.0,54.35999999999999,75.0,11.74,,,6.0,33.14000000000001,
H35JH4MYLA,4.0,90.5,86.5,5.625,,,7,2.0,87.5,87.5,7.5,,,2.0,1.0,54.35999999999999,75.0,11.74,,,6.0,33.14000000000001,3.0
H35JH4MYLB,4.0,88.5,70.5,8.25,,,7,2.0,87.5,87.5,7.5,,,2.0,1.0,54.35999999999999,75.0,11.74,,,6.0,33.14000000000001,1.0
H35JH4MZLC,4.0,,83.0,7.0,,,2,2.0,82.0,82.0,6.5,,,2.0,1.0,54.35999999999999,75.0,11.74,,,6.0,27.640000000000008,
H35JH4MZLD,4.0,90.0,85.5,7.0,,,7,2.0,82.0,82.0,6.5,,,2.0,1.0,54.35999999999999,75.0,11.74,,,6.0,27.640000000000008,8.0
H35JH4NVLA,4.0,86.5,77.0,4.666666666666667,,,11,2.0,85.5,85.5,7.0,,,4.0,1.0,54.35999999999999,75.0,11.74,,,6.0,31.140000000000008,1.0
H35JH4NVLB,4.0,87.0,79.5,7.625,,,7,2.0,85.5,85.5,7.0,,,4.0,1.0,54.35999999999999,75.0,11.74,,,6.0,31.140000000000008,1.5
H35JH4NWLA,4.0,,66.5,6.5,,,2,2.0,72.5,72.5,7.0,,,4.0,1.0,54.35999999999999,75.0,11.74,,,6.0,18.140000000000008,
H35JH4NWLB,4.0,,62.5,13.0,,,4,2.0,72.5,72.5,7.0,,,4.0,1.0,54.35999999999999,75.0,11.74,,,6.0,18.140000000000008,
H35JH4NWLC,4.0,,71.5,4.0,,,2,2.0,72.5,72.5,7.0,,,4.0,1.0,54.35999999999999,75.0,11.74,,,6.0,18.140000000000008,
H35JH4NWLD,4.0,65.0,69.0,11.7,,,8,2.0,72.5,72.5,7.0,,,4.0,1.0,54.35999999999999,75.0,11.74,,,6.0,18.140000000000008,-7.5
H35JH4NXLA,4.0,66.5,61.5,12.375,,,6,2.0,65.5,65.5,13.0,,,4.0,1.0,54.35999999999999,75.0,11.74,,,6.0,11.140000000000008,1.0
H35JH4NXLB,4.0,72.0,64.0,15.583333333333334,,,9,2.0,65.5,65.5,13.0,,,4.0,1.0,54.35999999999999,75.0,11.74,,,6.0,11.140000000000008,6.5
H35JH4NYLA,4.0,73.5,60.0,14.25,,,10,2.0,73.5,73.5,10.0,,,4.0,1.0,54.35999999999999,75.0,11.74,,,6.0,19.140000000000008,0.0
H35JH4NYLB,4.0,64.5,60.5,10.666666666666666,,,5,2.0,73.5,73.5,10.0,,,4.0,1.0,54.35999999999999,75.0,11.74,,,6.0,19.140000000000008,-9.0
H35JH4NZLA,4.0,73.5,7.5,12.857142857142858,,,11,2.0,72.0,72.0,7.5,,,2.0,1.0,54.35999999999999,75.0,11.74,,,6.0,17.640000000000008,1.5
H35JH4NZLB,4.0,71.0,51.0,11.125,,,7,2.0,72.0,72.0,7.5,,,2.0,1.0,54.35999999999999,75.0,11.74,,,6.0,17.640000000000008,-1.0
H35JH4NZLC,4.0,,75.5,10.5,,,4,2.0,72.0,72.0,7.5,,,2.0,1.0,54.35999999999999,75.0,11.74,,,6.0,17.640000000000008,
H35JH4NZLF,4.0,,84.0,12.25,,,6,2.0,72.0,72.0,7.5,,,2.0,1.0,54.35999999999999,75.0,11.74,,,6.0,17.640000000000008,
H35JH4PVLA,4.0,87.5,76.0,8.375,,,7,2.0,81.5,81.5,8.5,,,2.0,1.0,54.35999999999999,75.0,11.74,,,6.0,27.140000000000008,6.0
H35JH4PVLB,4.0,85.0,80.5,6.9,,,8,2.0,81.5,81.5,8.5,,,2.0,1.0,54.35999999999999,75.0,11.74,,,6.0,27.140000000000008,3.5
H35JH4PWLA,4.0,83.5,82.5,9.0,,,10,2.0,76.0,76.0,9.0,,,4.0,1.0,54.35999999999999,75.0,11.74,,,6.0,21.640000000000008,7.5
H35JH4PWLB,4.0,86.0,72.5,7.071428571428571,,,12,2.0,76.0,76.0,9.0,,,4.0,1.0,54.35999999999999,75.0,11.74,,,6.0,21.640000000000008,10.0
H35JH4PXLB,4.0,87.5,76.5,8.125,,,7,2.0,81.0,81.0,9.0,,,2.0,1.0,54.35999999999999,75.0,11.74,,,6.0,26.640000000000008,6.5
H36LH4CYLA,4.0,,86.5,7.0,,,4,2.0,83.5,83.5,9.0,,,4.0,1.0,63.6,63.6,20.5,,,4.0,19.9,
H36LH4CYLB,4.0,93.5,90.0,5.0,,,5,2.0,83.5,83.5,9.0,,,4.0,1.0,63.6,63.6,20.5,,,4.0,19.9,10.0
H36LH4CYLF,4.0,,86.0,5.0,,,2,2.0,83.5,83.5,9.0,,,4.0,1.0,63.6,63.6,20.5,,,4.0,19.9,
H36LH4CZLA,4.0,,90.0,5.5,,,2,2.0,81.0,81.0,9.5,,,4.0,1.0,63.6,63.6,20.5,,,4.0,17.4,
H36LH4CZLB,4.0,,87.5,4.5,,,2,2.0,81.0,81.0,9.5,,,4.0,1.0,63.6,63.6,20.5,,,4.0,17.4,
H36LH4DVLA,4.0,,79.5,9.0,,,2,2.0,76.0,76.0,14.5,,,4.0,1.0,63.6,63.6,20.5,,,4.0,12.399999999999999,
H36LH4DVLB,4.0,82.5,86.5,9.0,,,7,2.0,76.0,76.0,14.5,,,4.0,1.0,63.6,63.6,20.5,,,4.0,12.399999999999999,6.5
H36LH4DWLA,4.0,88.5,70.0,8.0,,,5,2.0,84.5,84.5,7.5,,,2.0,1.0,63.6,63.6,20.5,,,4.0,20.9,4.0
H36LH4DWLB,4.0,,76.0,12.0,,,2,2.0,84.5,84.5,7.5,,,2.0,1.0,63.6,63.6,20.5,,,4.0,20.9,
H38FL4DBL1,4.0,,66.5,13.0,,,4,2.0,69.5,69.5,16.5,,,2.0,1.0,47.0,47.0,24.5,,,4.0,22.5,
H38FL4DBL2,4.0,70.0,61.5,16.583333333333332,,,9,2.0,69.5,69.5,16.5,,,2.0,1.0,47.0,47.0,24.5,,,4.0,22.5,0.5
H38FL4DBLA,4.0,,65.0,16.0,,,3,2.0,69.5,69.5,16.5,,,2.0,1.0,47.0,47.0,24.5,,,4.0,22.5,
H38FL4DBLB,4.0,73.0,62.5,18.25,,,6,2.0,69.5,69.5,16.5,,,2.0,1.0,47.0,47.0,24.5,,,4.0,22.5,3.5
H38FL4DBLC,4.0,76.5,60.0,17.625,,,6,2.0,69.5,69.5,16.5,,,2.0,1.0,47.0,47.0,24.5,,,4.0,22.5,7.0
H38FL4DCLA,4.0,,72.5,15.5,,,3,2.0,58.5,84.5,8.25,,,6.0,1.0,47.0,47.0,24.5,,,4.0,11.5,
H38FL4DCLB,4.0,,67.0,15.0,,,2,2.0,58.5,84.5,8.25,,,6.0,1.0,47.0,47.0,24.5,,,4.0,11.5,
H38FL4DCLC,4.0,,65.0,20.0,,,6,2.0,58.5,84.5,8.25,,,6.0,1.0,47.0,47.0,24.5,,,4.0,11.5,
H38FL4DCLD,4.0,,64.0,17.25,,,3,2.0,58.5,84.5,8.25,,,6.0,1.0,47.0,47.0,24.5,,,4.0,11.5,
H38FL4DDLA,4.0,,66.5,17.25,,,12,2.0,67.0,67.0,15.5,,,4.0,1.0,47.0,47.0,24.5,,,4.0,20.0,
H38FL4DDLB,4.0,,66.0,17.0,,,2,2.0,67.0,67.0,15.5,,,4.0,1.0,47.0,47.0,24.5,,,4.0,20.0,
H38FL4DDLC,4.0,75.0,70.5,17.666666666666668,,,9,2.0,67.0,67.0,15.5,,,4.0,1.0,47.0,47.0,24.5,,,4.0,20.0,8.0
H38FL4DELA,4.0,,62.0,16.0,,,2,2.0,69.5,69.5,16.5,,,4.0,1.0,47.0,47.0,24.5,,,4.0,22.5,
H38FL4DELB,4.0,,63.5,14.0,,,4,2.0,69.5,69.5,16.5,,,4.0,1.0,47.0,47.0,24.5,,,4.0,22.5,
H38FL4DFLA,4.0,,74.0,14.0,,,4,2.0,60.0,60.0,20.0,,,4.0,1.0,47.0,47.0,24.5,,,4.0,13.0,
H38FL4DFLB,4.0,70.0,67.5,14.875,,,7,2.0,60.0,60.0,20.0,,,4.0,1.0,47.0,47.0,24.5,,,4.0,13.0,10.0
H38HH4UXLA,4.0,88.0,90.0,6.666666666666667,,,10,2.0,76.5,81.0,8.833333333333334,,,10.0,1.0,34.0,51.0,25.073333333333334,,,4.0,42.5,11.5
H38HH4UXLB,4.0,,86.5,6.5,,,4,2.0,76.5,81.0,8.833333333333334,,,10.0,1.0,34.0,51.0,25.073333333333334,,,4.0,42.5,
H38HH4UYLA,4.0,,89.0,5.5,,,2,2.0,86.5,87.0,7.333333333333333,,,10.0,1.0,34.0,51.0,25.073333333333334,,,4.0,52.5,
H38HH4UYLB,4.0,,84.5,9.75,,,3,2.0,86.5,87.0,7.333333333333333,,,10.0,1.0,34.0,51.0,25.073333333333334,,,4.0,52.5,
H38HH4UZLA,4.0,,84.5,10.0,,,2,2.0,79.0,79.0,7.5,,,2.0,1.0,34.0,51.0,25.073333333333334,,,4.0,45.0,
H38HH4UZLB,4.0,,90.0,4.5,,,2,2.0,79.0,79.0,7.5,,,2.0,1.0,34.0,51.0,25.073333333333334,,,4.0,45.0,
H38HH4UZLC,4.0,85.5,83.0,8.166666666666666,,,5,2.0,79.0,79.0,7.5,,,2.0,1.0,34.0,51.0,25.073333333333334,,,4.0,45.0,6.5
H38HH4UZLD,4.0,,85.5,5.5,,,2,2.0,79.0,79.0,7.5,,,2.0,1.0,34.0,51.0,25.073333333333334,,,4.0,45.0,
H38HH4VVLA,4.0,90.0,84.0,6.666666666666667,,,5,2.0,76.0,76.0,12.5,,,2.0,1.0,34.0,51.0,25.073333333333334,,,4.0,42.0,14.0
H38LH4FZLC,4.0,,62.0,16.5,,,2,2.0,53.5,60.5,10.25,,,6.0,1.0,54.830000000000005,60.0,16.130000000000003,,,3.0,-1.3300000000000054,
H38LH4FZLD,4.0,,62.5,12.5,,,4,2.0,53.5,60.5,10.25,,,6.0,1.0,54.830000000000005,60.0,16.130000000000003,,,3.0,-1.3300000000000054,
H38LH4GVLA,4.0,,70.5,15.166666666666666,,,4,2.0,57.0,48.5,10.25,,,6.0,1.0,54.830000000000005,60.0,16.130000000000003,,,3.0,2.1699999999999946,
H38LH4GVLB,4.0,,65.5,15.0,,,4,2.0,57.0,48.5,10.25,,,6.0,1.0,54.830000000000005,60.0,16.130000000000003,,,3.0,2.1699999999999946,
H38LH4GWLA,4.0,,62.0,20.5,,,3,2.0,42.0,31.0,15.5,,,3.0,1.0,54.830000000000005,60.0,16.130000000000003,,,3.0,-12.830000000000005,
H38LH4GWLB,4.0,,65.5,21.0,,,2,2.0,42.0,31.0,15.5,,,3.0,1.0,54.830000000000005,60.0,16.130000000000003,,,3.0,-12.830000000000005,
H39AL5AALA,4.0,,68.5,16.0,,,4,2.0,66.5,66.5,15.5,,,2.0,1.0,29.0,61.75,37.51,,,14.0,37.5,
H39AL5AALB,4.0,,68.0,17.5,,,4,2.0,66.5,66.5,15.5,,,2.0,1.0,29.0,61.75,37.51,,,14.0,37.5,
H39AL5ABLA,4.0,,65.0,19.0,,,4,2.0,66.0,66.0,20.0,,,4.0,1.0,29.0,61.75,37.51,,,14.0,37.0,
H39AL5ABLC,4.0,64.0,60.0,12.2,,,9,2.0,66.0,66.0,20.0,,,4.0,1.0,29.0,61.75,37.51,,,14.0,37.0,-2.0
H39AL5ABLD,4.0,,65.0,17.5,,,4,2.0,66.0,66.0,20.0,,,4.0,1.0,29.0,61.75,37.51,,,14.0,37.0,
H39AL5ACLA,4.0,46.0,40.0,20.0,,,6,2.0,71.5,71.5,20.5,,,2.0,1.0,29.0,61.75,37.51,,,14.0,42.5,-25.5
H39AL5ACLC,4.0,63.5,50.5,15.0,,,8,2.0,71.5,71.5,20.5,,,2.0,1.0,29.0,61.75,37.51,,,14.0,42.5,-8.0
H39PL4BSLA,4.0,,63.0,25.5,,,6,2.0,38.0,53.5,22.25,,,10.0,1.0,49.0,49.0,24.9,,,2.0,-11.0,
H39PL4BSLB,4.0,,64.0,25.5,,,6,2.0,38.0,53.5,22.25,,,10.0,1.0,49.0,49.0,24.9,,,2.0,-11.0,
H39PL4BTLA,4.0,55.0,71.0,17.0,,,5,2.0,54.25,54.25,21.0625,,,10.0,1.0,49.0,49.0,24.9,,,2.0,5.25,0.75
H39PL4BTLB,4.0,,75.5,18.75,,,3,2.0,54.25,54.25,21.0625,,,10.0,1.0,49.0,49.0,24.9,,,2.0,5.25,
H39PL4BULA,4.0,,64.0,21.0,,,9,2.0,48.25,60.5,18.25,,,4.0,1.0,49.0,49.0,24.9,,,2.0,-0.75,
H39PL4BULB,4.0,61.5,61.5,19.0,,,8,2.0,48.25,60.5,18.25,,,4.0,1.0,49.0,49.0,24.9,,,2.0,-0.75,13.25
H39PL4BULC,4.0,,60.0,28.5,,,6,2.0,48.25,60.5,18.25,,,4.0,1.0,49.0,49.0,24.9,,,2.0,-0.75,
H39PL4BVLA,4.0,,61.0,31.25,,,6,2.0,45.25,62.5,17.5,,,8.0,1.0,49.0,49.0,24.9,,,2.0,-3.75,
H39PL4BVLB,4.0,,66.0,14.5,,,2,2.0,45.25,62.5,17.5,,,8.0,1.0,49.0,49.0,24.9,,,2.0,-3.75,
H39PL4BVLC,4.0,,63.5,17.0,,,4,2.0,45.25,62.5,17.5,,,8.0,1.0,49.0,49.0,24.9,,,2.0,-3.75,
H39PL4BWLA,4.0,,63.5,22.25,,,3,2.0,54.25,64.0,37.666666666666664,,,8.0,1.0,49.0,49.0,24.9,,,2.0,5.25,
H39PL4BWLB,4.0,,66.0,18.25,,,3,2.0,54.25,64.0,37.666666666666664,,,8.0,1.0,49.0,49.0,24.9,,,2.0,5.25,
H39PL4BWLC,4.0,,62.0,21.75,,,3,2.0,54.25,64.0,37.666666666666664,,,8.0,1.0,49.0,49.0,24.9,,,2.0,5.25,
H39PL4BWLD,4.0,,66.0,17.75,,,6,2.0,54.25,64.0,37.666666666666664,,,8.0,1.0,49.0,49.0,24.9,,,2.0,5.25,
H39PL4BXLA,4.0,,69.5,13.75,,,9,2.0,60.5,60.5,23.0,,,4.0,1.0,49.0,49.0,24.9,,,2.0,11.5,
H39PL4BXLB,4.0,,63.5,21.5,,,2,2.0,60.5,60.5,23.0,,,4.0,1.0,49.0,49.0,24.9,,,2.0,11.5,
H4ANH5HVLA,4.0,73.0,60.0,13.875,,,6,2.0,77.0,77.0,7.0,,,2.0,1.0,47.0,63.0,14.406666666666666,,,11.0,30.0,-4.0
H4ANH5HVLB,4.0,74.5,72.0,13.181818181818182,,,19,2.0,77.0,77.0,7.0,,,2.0,1.0,47.0,63.0,14.406666666666666,,,11.0,30.0,-2.5
H4ANH5JVEA,4.0,,50.5,25.5,,,4,2.0,59.0,53.0,7.5,,,6.0,1.0,47.0,63.0,14.406666666666666,,,11.0,12.0,
H4ANH5KVLD,4.0,69.0,64.0,10.3,,,8,2.0,63.5,63.5,11.5,,,4.0,1.0,47.0,63.0,14.406666666666666,,,11.0,16.5,5.5
H4ANH5KVLE,4.0,,59.5,13.0,,,2,2.0,63.5,63.5,11.5,,,4.0,1.0,47.0,63.0,14.406666666666666,,,11.0,16.5,
H4ANH5KVLF,4.0,71.0,60.0,13.5,,,7,2.0,63.5,63.5,11.5,,,4.0,1.0,47.0,63.0,14.406666666666666,,,11.0,16.5,7.5
H4ANH5LVLA,4.0,68.5,57.5,13.666666666666666,,,5,2.0,36.5,71.5,14.0,,,6.0,1.0,47.0,63.0,14.406666666666666,,,11.0,-10.5,32.0
H4ANH5LVLB,4.0,70.0,37.5,14.583333333333334,,,9,2.0,36.5,71.5,14.0,,,6.0,1.0,47.0,63.0,14.406666666666666,,,11.0,-10.5,33.5
H4ANH5LVLC,4.0,50.5,33.0,23.625,,,6,2.0,36.5,71.5,14.0,,,6.0,1.0,47.0,63.0,14.406666666666666,,,11.0,-10.5,14.0
H4ANH5MVLA,4.0,,64.5,13.5,,,2,2.0,67.0,67.0,12.0,,,2.0,1.0,47.0,63.0,14.406666666666666,,,11.0,20.0,
H4ANH5MVLB,4.0,68.5,58.5,13.5,,,5,2.0,67.0,67.0,12.0,,,2.0,1.0,47.0,63.0,14.406666666666666,,,11.0,20.0,1.5
H4ANH5MVLC,4.0,66.0,54.0,14.5,,,7,2.0,67.0,67.0,12.0,,,2.0,1.0,47.0,63.0,14.406666666666666,,,11.0,20.0,-1.0
H4ANH5MVLD,4.0,,59.5,19.0,,,6,2.0,67.0,67.0,12.0,,,2.0,1.0,47.0,63.0,14.406666666666666,,,11.0,20.0,
H4ANH5MVLE,4.0,,70.5,16.5,,,2,2.0,67.0,67.0,12.0,,,2.0,1.0,47.0,63.0,14.406666666666666,,,11.0,20.0,
H4ANH5NVEA,4.0,,59.0,23.0,,,2,2.0,71.0,71.0,9.0,,,2.0,1.0,47.0,63.0,14.406666666666666,,,11.0,24.0,
H4ANH5NVEB,4.0,,60.0,22.0,,,2,2.0,71.0,71.0,9.0,,,2.0,1.0,47.0,63.0,14.406666666666666,,,11.0,24.0,
H4ANH5NVLA,4.0,69.5,46.0,18.166666666666668,,,5,2.0,71.0,71.0,9.0,,,2.0,1.0,47.0,63.0,14.406666666666666,,,11.0,24.0,-1.5
H4ANL6ANLA,4.0,,66.0,21.5,,,4,2.0,53.0,61.5,15.0,,,3.0,1.0,47.0,63.0,14.406666666666666,,,11.0,6.0,
H4ANL6APLA,4.0,,74.5,10.0,,,4,2.0,61.5,61.5,16.0,,,2.0,1.0,47.0,63.0,14.406666666666666,,,11.0,14.5,
H4ANL6APLB,4.0,,66.5,16.5,,,2,2.0,61.5,61.5,16.0,,,2.0,1.0,47.0,63.0,14.406666666666666,,,11.0,14.5,
H4ANL6APLC,4.0,,72.5,12.0,,,2,2.0,61.5,61.5,16.0,,,2.0,1.0,47.0,63.0,14.406666666666666,,,11.0,14.5,
H4ANL6AQLA,4.0,,50.5,17.5,,,3,2.0,65.0,65.0,19.0,,,2.0,1.0,47.0,63.0,14.406666666666666,,,11.0,18.0,
H4AWL5EWLA,4.0,,76.0,11.5,,,8,2.0,67.5,67.5,17.5,,,2.0,1.0,63.75,63.75,13.83,,,2.0,3.75,
H4AWL5EWLB,4.0,,78.5,10.5,,,2,2.0,67.5,67.5,17.5,,,2.0,1.0,63.75,63.75,13.83,,,2.0,3.75,
H4AWL5EWLC,4.0,,83.5,11.0,,,4,2.0,67.5,67.5,17.5,,,2.0,1.0,63.75,63.75,13.83,,,2.0,3.75,
H4AWL5EWLD,4.0,,73.0,17.0,,,4,2.0,67.5,67.5,17.5,,,2.0,1.0,63.75,63.75,13.83,,,2.0,3.75,
H4AWL5EXLA,4.0,,74.5,16.5,,,6,2.0,74.5,74.5,13.0,,,2.0,1.0,63.75,63.75,13.83,,,2.0,10.75,
H4AWL5EXLB,4.0,77.0,78.0,16.0,,,9,2.0,74.5,74.5,13.0,,,2.0,1.0,63.75,63.75,13.83,,,2.0,10.75,2.5
H4AWL5EXLC,4.0,76.5,77.5,15.5,,,10,2.0,74.5,74.5,13.0,,,2.0,1.0,63.75,63.75,13.83,,,2.0,10.75,2.0
H4AWL5EXLD,4.0,81.0,74.5,16.625,,,7,2.0,74.5,74.5,13.0,,,2.0,1.0,63.75,63.75,13.83,,,2.0,10.75,6.5
H4AWL5EYLA,4.0,,77.0,15.0,,,4,2.0,66.5,66.5,19.5,,,4.0,1.0,63.75,63.75,13.83,,,2.0,2.75,
H4AWL5EYLB,4.0,,73.0,15.5,,,2,2.0,66.5,66.5,19.5,,,4.0,1.0,63.75,63.75,13.83,,,2.0,2.75,
H4AWL5EYLC,4.0,,74.0,20.5,,,4,2.0,66.5,66.5,19.5,,,4.0,1.0,63.75,63.75,13.83,,,2.0,2.75,
H4AWL5EYLD,4.0,80.5,72.0,13.333333333333334,,,10,2.0,66.5,66.5,19.5,,,4.0,1.0,63.75,63.75,13.83,,,2.0,2.75,14.0
H4AWL5EYLE,4.0,,77.0,17.0,,,2,2.0,66.5,66.5,19.5,,,4.0,1.0,63.75,63.75,13.83,,,2.0,2.75,
H4AWL5EZLA,4.0,74.5,77.5,17.125,,,7,2.0,69.5,69.5,14.5,,,4.0,1.0,63.75,63.75,13.83,,,2.0,5.75,5.0
H4AWL5EZLB,4.0,,62.0,23.0,,,2,2.0,69.5,69.5,14.5,,,4.0,1.0,63.75,63.75,13.83,,,2.0,5.75,
H4AWL5EZLC,4.0,,76.0,17.0,,,6,2.0,69.5,69.5,14.5,,,4.0,1.0,63.75,63.75,13.83,,,2.0,5.75,
H4AWL5FALA,4.0,,70.5,14.0,,,2,2.0,72.5,72.5,17.5,,,4.0,1.0,63.75,63.75,13.83,,,2.0,8.75,
H4AWL5FALB,4.0,,77.0,13.5,,,2,2.0,72.5,72.5,17.5,,,4.0,1.0,63.75,63.75,13.83,,,2.0,8.75,
H4AWL5FALC,4.0,,77.0,12.0,,,2,2.0,72.5,72.5,17.5,,,4.0,1.0,63.75,63.75,13.83,,,2.0,8.75,
H4AWL5FALD,4.0,,70.5,15.0,,,2,2.0,72.5,72.5,17.5,,,4.0,1.0,63.75,63.75,13.83,,,2.0,8.75,
H4AWL5FBLA,4.0,,72.5,19.0,,,2,2.0,61.0,61.0,14.0,,,2.0,1.0,63.75,63.75,13.83,,,2.0,-2.75,
H4AWL5FBLB,4.0,,80.5,13.0,,,2,2.0,61.0,61.0,14.0,,,2.0,1.0,63.75,63.75,13.83,,,2.0,-2.75,
H4AYL5DZLA,4.0,74.0,68.0,20.0,,,6,2.0,46.5,55.0,17.75,,,3.0,1.0,61.94,61.94,20.82600000000001,,,2.0,-15.439999999999998,27.5
H4AYL5DZLB,4.0,77.0,65.0,15.333333333333334,,,10,2.0,46.5,55.0,17.75,,,3.0,1.0,61.94,61.94,20.82600000000001,,,2.0,-15.439999999999998,30.5
H4AYL5DZLC,4.0,64.0,65.5,17.5,,,5,2.0,46.5,55.0,17.75,,,3.0,1.0,61.94,61.94,20.82600000000001,,,2.0,-15.439999999999998,17.5
H4AYL5DZLD,4.0,62.5,61.5,21.0,,,5,2.0,46.5,55.0,17.75,,,3.0,1.0,61.94,61.94,20.82600000000001,,,2.0,-15.439999999999998,16.0
H4AYL5EALA,4.0,70.5,65.5,19.666666666666668,,,9,2.0,44.0,52.5,15.25,,,3.0,1.0,61.94,61.94,20.82600000000001,,,2.0,-17.939999999999998,26.5
H4AYL5EALB,4.0,74.0,74.5,20.875,,,12,2.0,44.0,52.5,15.25,,,3.0,1.0,61.94,61.94,20.82600000000001,,,2.0,-17.939999999999998,30.0
H4AYL5EALC,4.0,73.0,60.5,23.833333333333332,,,9,2.0,44.0,52.5,15.25,,,3.0,1.0,61.94,61.94,20.82600000000001,,,2.0,-17.939999999999998,29.0
H4AYL5EALD,4.0,73.5,61.0,21.0,,,14,2.0,44.0,52.5,15.25,,,3.0,1.0,61.94,61.94,20.82600000000001,,,2.0,-17.939999999999998,29.5
H4AYL5EBLA,4.0,,64.0,26.5,,,4,2.0,58.5,53.5,11.0,,,6.0,1.0,61.94,61.94,20.82600000000001,,,2.0,-3.4399999999999977,
H4AYL5EBLB,4.0,80.5,75.5,16.1,,,8,2.0,58.5,53.5,11.0,,,6.0,1.0,61.94,61.94,20.82600000000001,,,2.0,-3.4399999999999977,22.0
H4AYL5EBLC,4.0,78.0,72.0,19.375,,,7,2.0,58.5,53.5,11.0,,,6.0,1.0,61.94,61.94,20.82600000000001,,,2.0,-3.4399999999999977,19.5
H4AYL5EBLD,4.0,76.0,67.5,18.2,,,8,2.0,58.5,53.5,11.0,,,6.0,1.0,61.94,61.94,20.82600000000001,,,2.0,-3.4399999999999977,17.5
H4AYL5ECLA,4.0,,59.5,32.25,,,3,2.0,66.0,66.0,4.0,,,6.0,1.0,61.94,61.94,20.82600000000001,,,2.0,4.060000000000002,
H4AYL5ECLB,4.0,,68.5,24.0,,,3,2.0,66.0,66.0,4.0,,,6.0,1.0,61.94,61.94,20.82600000000001,,,2.0,4.060000000000002,
H4AYL5ECLC,4.0,,60.0,24.25,,,3,2.0,66.0,66.0,4.0,,,6.0,1.0,61.94,61.94,20.82600000000001,,,2.0,4.060000000000002,
H4AYL5ECLD,4.0,,51.0,32.25,,,3,2.0,66.0,66.0,4.0,,,6.0,1.0,61.94,61.94,20.82600000000001,,,2.0,4.060000000000002,
H4AYL5EDLA,4.0,,66.5,16.0,,,4,2.0,49.0,70.0,9.833333333333334,,,9.0,1.0,61.94,61.94,20.82600000000001,,,2.0,-12.939999999999998,
H4AYL5EDLB,4.0,,67.0,13.5,,,4,2.0,49.0,70.0,9.833333333333334,,,9.0,1.0,61.94,61.94,20.82600000000001,,,2.0,-12.939999999999998,
H4AYL5EDLC,4.0,,62.5,15.5,,,4,2.0,49.0,70.0,9.833333333333334,,,9.0,1.0,61.94,61.94,20.82600000000001,,,2.0,-12.939999999999998,
H4AYL5EDLD,4.0,,60.0,17.5,,,4,2.0,49.0,70.0,9.833333333333334,,,9.0,1.0,61.94,61.94,20.82600000000001,,,2.0,-12.939999999999998,
H4AYL5EELA,4.0,,65.5,22.0,,,3,2.0,66.0,66.0,18.0,,,2.0,1.0,61.94,61.94,20.82600000000001,,,2.0,4.060000000000002,
H4AYL5EELB,4.0,,63.0,22.5,,,2,2.0,66.0,66.0,18.0,,,2.0,1.0,61.94,61.94,20.82600000000001,,,2.0,4.060000000000002,
H4AYL5EELC,4.0,,61.5,22.0,,,2,2.0,66.0,66.0,18.0,,,2.0,1.0,61.94,61.94,20.82600000000001,,,2.0,4.060000000000002,
H4AYL5EELD,4.0,,72.0,21.25,,,3,2.0,66.0,66.0,18.0,,,2.0,1.0,61.94,61.94,20.82600000000001,,,2.0,4.060000000000002,
H4AYL5EFLA,4.0,76.0,67.5,18.875,,,6,2.0,47.5,58.5,13.75,,,3.0,1.0,61.94,61.94,20.82600000000001,,,2.0,-14.439999999999998,28.5
H4AYL5EFLB,4.0,81.5,81.5,18.25,,,7,2.0,47.5,58.5,13.75,,,3.0,1.0,61.94,61.94,20.82600000000001,,,2.0,-14.439999999999998,34.0
H4AYL5EFLC,4.0,74.5,63.5,17.916666666666668,,,9,2.0,47.5,58.5,13.75,,,3.0,1.0,61.94,61.94,20.82600000000001,,,2.0,-14.439999999999998,27.0
H4AYL5EGLA,4.0,,61.0,26.5,,,3,2.0,55.0,53.0,11.0,,,3.0,1.0,61.94,61.94,20.82600000000001,,,2.0,-6.939999999999998,
H4AYL5EGLB,4.0,,61.5,28.25,,,3,2.0,55.0,53.0,11.0,,,3.0,1.0,61.94,61.94,20.82600000000001,,,2.0,-6.939999999999998,
H4AYL5EGLC,4.0,76.0,66.5,17.0,,,9,2.0,55.0,53.0,11.0,,,3.0,1.0,61.94,61.94,20.82600000000001,,,2.0,-6.939999999999998,21.0
H4AYL5EGLD,4.0,74.5,63.0,21.125,,,7,2.0,55.0,53.0,11.0,,,3.0,1.0,61.94,61.94,20.82600000000001,,,2.0,-6.939999999999998,19.5
H4BYH5AVLA,4.0,,68.0,16.0,,,2,2.0,78.5,78.5,10.5,,,2.0,1.0,53.6,74.0,15.38,,,6.0,24.9,
H4BYH5AVLB,4.0,,73.5,14.0,,,2,2.0,78.5,78.5,10.5,,,2.0,1.0,53.6,74.0,15.38,,,6.0,24.9,
H4BYH5AVLC,4.0,,69.0,21.0,,,2,2.0,78.5,78.5,10.5,,,2.0,1.0,53.6,74.0,15.38,,,6.0,24.9,
H4BYH5AVLD,4.0,,64.5,20.25,,,6,2.0,78.5,78.5,10.5,,,2.0,1.0,53.6,74.0,15.38,,,6.0,24.9,
H4BYH5BVLA,4.0,,71.5,19.0,,,3,2.0,56.5,66.0,13.5,,,6.0,1.0,53.6,74.0,15.38,,,6.0,2.8999999999999986,
H4BYH5BVLB,4.0,,68.0,19.0,,,2,2.0,56.5,66.0,13.5,,,6.0,1.0,53.6,74.0,15.38,,,6.0,2.8999999999999986,
H4BYH5BVLC,4.0,,64.0,22.5,,,2,2.0,56.5,66.0,13.5,,,6.0,1.0,53.6,74.0,15.38,,,6.0,2.8999999999999986,
H4BYH5BVLD,4.0,,67.0,17.5,,,2,2.0,56.5,66.0,13.5,,,6.0,1.0,53.6,74.0,15.38,,,6.0,2.8999999999999986,
H4BYH5CVLA,4.0,,61.0,23.25,,,6,2.0,58.5,54.5,10.75,,,6.0,1.0,53.6,74.0,15.38,,,6.0,4.899999999999999,
H4BYH5CVLB,4.0,67.0,58.0,20.833333333333332,,,9,2.0,58.5,54.5,10.75,,,6.0,1.0,53.6,74.0,15.38,,,6.0,4.899999999999999,8.5
H4BYH5CVLC,4.0,64.5,50.5,23.0,,,7,2.0,58.5,54.5,10.75,,,6.0,1.0,53.6,74.0,15.38,,,6.0,4.899999999999999,6.0
H4CUH5DVLA,4.0,,86.0,8.0,,,2,2.0,75.0,75.0,13.5,,,2.0,1.0,,60.5,,,,1.0,,
H4CUH5DVLB,4.0,,78.0,16.0,,,2,2.0,75.0,75.0,13.5,,,2.0,1.0,,60.5,,,,1.0,,
H4CUH5DVLC,4.0,,73.5,11.5,,,2,2.0,75.0,75.0,13.5,,,2.0,1.0,,60.5,,,,1.0,,
H4CUH5DVLD,4.0,,77.5,14.0,,,2,2.0,75.0,75.0,13.5,,,2.0,1.0,,60.5,,,,1.0,,
H4CUH5EVLA,4.0,,77.5,11.0,,,4,2.0,70.5,70.5,15.0,,,2.0,1.0,,60.5,,,,1.0,,
H4CUH5EVLB,4.0,,72.5,14.5,,,2,2.0,70.5,70.5,15.0,,,2.0,1.0,,60.5,,,,1.0,,
H4CUH5EVLC,4.0,,73.5,13.0,,,2,2.0,70.5,70.5,15.0,,,2.0,1.0,,60.5,,,,1.0,,
H4D2H5PVLA,4.0,,61.0,25.5,,,2,2.0,60.0,60.0,26.5,,,2.0,1.0,22.33,64.75,19.97,,,4.0,37.67,
H4D2H5PVLB,4.0,,62.0,30.0,,,3,2.0,60.0,60.0,26.5,,,2.0,1.0,22.33,64.75,19.97,,,4.0,37.67,
H4D2H5PVLC,4.0,,61.5,32.25,,,6,2.0,60.0,60.0,26.5,,,2.0,1.0,22.33,64.75,19.97,,,4.0,37.67,
H4D2H5PVLD,4.0,,61.0,30.25,,,6,2.0,60.0,60.0,26.5,,,2.0,1.0,22.33,64.75,19.97,,,4.0,37.67,
H4D2H5QVLA,4.0,,65.5,31.0,,,3,2.0,46.5,62.5,20.0,,,3.0,1.0,22.33,64.75,19.97,,,4.0,24.17,
H4D2H5QVLB,4.0,,60.0,34.25,,,3,2.0,46.5,62.5,20.0,,,3.0,1.0,22.33,64.75,19.97,,,4.0,24.17,
H4D2H5QVLC,4.0,,61.0,24.75,,,3,2.0,46.5,62.5,20.0,,,3.0,1.0,22.33,64.75,19.97,,,4.0,24.17,
H4D2H5QVLD,4.0,48.0,38.5,35.333333333333336,,,9,2.0,46.5,62.5,20.0,,,3.0,1.0,22.33,64.75,19.97,,,4.0,24.17,1.5
H4D2H5RVLA,4.0,,63.5,27.5,,,4,2.0,53.0,53.0,19.25,,,6.0,1.0,22.33,64.75,19.97,,,4.0,30.67,
H4D2H5RVLB,4.0,57.0,48.0,32.875,,,6,2.0,53.0,53.0,19.25,,,6.0,1.0,22.33,64.75,19.97,,,4.0,30.67,4.0
H4D2H5RVLC,4.0,,66.5,26.5,,,2,2.0,53.0,53.0,19.25,,,6.0,1.0,22.33,64.75,19.97,,,4.0,30.67,
H4D2H5RVLD,4.0,,62.5,27.5,,,6,2.0,53.0,53.0,19.25,,,6.0,1.0,22.33,64.75,19.97,,,4.0,30.67,
H4DUH5FVLA,4.0,,64.5,29.75,,,3,2.0,54.5,61.0,14.75,,,6.0,1.0,36.0,63.0,19.75,,,3.0,18.5,
H4DUH5FVLB,4.0,,61.0,32.0,,,4,2.0,54.5,61.0,14.75,,,6.0,1.0,36.0,63.0,19.75,,,3.0,18.5,
H4DUH5FVLC,4.0,,65.5,28.75,,,6,2.0,54.5,61.0,14.75,,,6.0,1.0,36.0,63.0,19.75,,,3.0,18.5,
H4DUH5FVLD,4.0,,60.0,27.75,,,3,2.0,54.5,61.0,14.75,,,6.0,1.0,36.0,63.0,19.75,,,3.0,18.5,
H5MDH6ASLA,4.0,,67.5,10.0,,,2,2.0,54.0,61.5,8.75,,,3.0,1.0,,65.272,,,,2.0,,
H5MDH6ASLB,4.0,,72.5,18.5,,,2,2.0,54.0,61.5,8.75,,,3.0,1.0,,65.272,,,,2.0,,
H5MDH6BSLA,4.0,,70.5,17.0,,,4,2.0,63.0,63.0,16.0,,,4.0,1.0,,65.272,,,,2.0,,
H5MDH6BSLB,4.0,,61.5,17.0,,,2,2.0,63.0,63.0,16.0,,,4.0,1.0,,65.272,,,,2.0,,
H5MDH6CSLA,4.0,,61.0,21.0,,,2,2.0,65.0,65.0,16.5,,,2.0,1.0,,65.272,,,,2.0,,
H5MDH6CSLB,4.0,,64.0,18.0,,,2,2.0,65.0,65.0,16.5,,,2.0,1.0,,65.272,,,,2.0,,
H5MDH6DSLA,4.0,,59.5,24.0,,,4,2.0,69.0,69.0,15.5,,,2.0,1.0,,65.272,,,,2.0,,
H5NDH6ASLA,4.0,,74.0,18.5,,,2,2.0,75.0,75.0,13.0,,,4.0,1.0,67.0,67.0,16.9426,,,4.0,8.0,
H5NDH6ASLB,4.0,,72.5,18.0,,,2,2.0,75.0,75.0,13.0,,,4.0,1.0,67.0,67.0,16.9426,,,4.0,8.0,
H5NDH6ASLC,4.0,,78.5,17.5,,,2,2.0,75.0,75.0,13.0,,,4.0,1.0,67.0,67.0,16.9426,,,4.0,8.0,
H5NGH6ASLA,4.0,,66.5,13.0,,,2,2.0,75.0,75.0,9.0,,,2.0,1.0,71.375,71.38,19.125,,,2.0,3.625,
H5NGH6BSLA,4.0,,70.0,9.0,,,2,2.0,78.0,78.0,10.0,,,2.0,1.0,71.375,71.38,19.125,,,2.0,6.625,
H5NGH6BSLB,4.0,,77.0,12.5,,,2,2.0,78.0,78.0,10.0,,,2.0,1.0,71.375,71.38,19.125,,,2.0,6.625,
H5NGH6BSLC,4.0,,76.0,10.5,,,2,2.0,78.0,78.0,10.0,,,2.0,1.0,71.375,71.38,19.125,,,2.0,6.625,
H5NMH6ASLA,4.0,,76.0,5.5,,,4,2.0,62.0,62.0,14.5,,,4.0,1.0,62.6,62.6,18.305,,,4.0,-0.6000000000000014,
H5NMH6ASLB,4.0,,65.0,7.75,,,4,2.0,62.0,62.0,14.5,,,4.0,1.0,62.6,62.6,18.305,,,4.0,-0.6000000000000014,
H5NMH6ASLC,4.0,,84.5,3.0,,,4,2.0,62.0,62.0,14.5,,,4.0,1.0,62.6,62.6,18.305,,,4.0,-0.6000000000000014,
H5NMH6ASLD,4.0,,77.5,2.75,,,4,2.0,62.0,62.0,14.5,,,4.0,1.0,62.6,62.6,18.305,,,4.0,-0.6000000000000014,
H5NMH6BSLA,4.0,,77.0,6.333333333333333,,,6,2.0,77.5,77.5,8.5,,,2.0,1.0,62.6,62.6,18.305,,,4.0,14.899999999999999,
H5NMH6BSLB,4.0,,73.5,5.666666666666667,,,6,2.0,77.5,77.5,8.5,,,2.0,1.0,62.6,62.6,18.305,,,4.0,14.899999999999999,
H5NMH6BSLC,4.0,,75.5,5.25,,,4,2.0,77.5,77.5,8.5,,,2.0,1.0,62.6,62.6,18.305,,,4.0,14.899999999999999,
H5NMH6BSLD,4.0,,79.0,4.5,,,4,2.0,77.5,77.5,8.5,,,2.0,1.0,62.6,62.6,18.305,,,4.0,14.899999999999999,
H5NMH6CSLA,4.0,,71.0,13.0,,,6,2.0,80.5,80.5,9.0,,,2.0,1.0,62.6,62.6,18.305,,,4.0,17.9,
H5NMH6CSLB,4.0,,78.5,12.0,,,4,2.0,80.5,80.5,9.0,,,2.0,1.0,62.6,62.6,18.305,,,4.0,17.9,
H5NMH6CSLC,4.0,,76.0,10.5,,,2,2.0,80.5,80.5,9.0,,,2.0,1.0,62.6,62.6,18.305,,,4.0,17.9,
H5NMH6CSLD,4.0,,82.5,10.0,,,2,2.0,80.5,80.5,9.0,,,2.0,1.0,62.6,62.6,18.305,,,4.0,17.9,
H5NMH6FSLA,4.0,,85.0,8.5,,,2,2.0,61.5,61.5,6.0,,,2.0,1.0,62.6,62.6,18.305,,,4.0,-1.1000000000000014,
H5NMH6FSLB,4.0,,78.0,10.5,,,2,2.0,61.5,61.5,6.0,,,2.0,1.0,62.6,62.6,18.305,,,4.0,-1.1000000000000014,
H5NMH6FSLC,4.0,,83.5,9.5,,,4,2.0,61.5,61.5,6.0,,,2.0,1.0,62.6,62.6,18.305,,,4.0,-1.1000000000000014,
H5NMH6FSLD,4.0,,81.5,11.0,,,2,2.0,61.5,61.5,6.0,,,2.0,1.0,62.6,62.6,18.305,,,4.0,-1.1000000000000014,
H9JEH0MALB,4.0,72.5,74.0,16.3,,,8,,,,,,,,,,,,,,,,
H9JEH0MCLG,4.0,76.0,76.0,17.2,,,8,,,,,,,,,,,,,,,,
H9JEH0MCLK,4.0,87.0,87.0,8.5,,,2,,,,,,,,,,,,,,,,
H9JJH0M1LB,4.0,75.0,64.5,22.88888888888889,,,14,,,,,,,,,,,,,,,,
H9JJH0MPLA,4.0,82.0,76.5,12.25,,,4,2.0,85.0,85.0,7.5,,,2.0,,,,,,,,,-3.0
H9JJH0MQLA,4.0,74.5,74.5,13.5,,,5,,,,,,,,,,,,,,,,
H9JJH0MQLB,4.0,72.0,72.0,17.166666666666668,,,5,,,,,,,,,,,,,,,,
H9JJH0MRLA,4.0,70.5,70.5,14.25,,,7,,,,,,,,,,,,,,,,
H9JJH0MRLB,4.0,82.0,68.5,18.0,,,11,,,,,,,,,,,,,,,,
H9JJH0MSLA,4.0,72.5,72.5,15.333333333333334,,,5,,,,,,,,,,,,,,,,
H9JJH0MSLB,4.0,61.5,61.5,18.166666666666668,,,5,,,,,,,,,,,,,,,,
H9JJH0MTLA,4.0,81.0,81.0,19.833333333333332,,,5,,,,,,,,,,,,,,,,
H9JJH0MTLB,4.0,77.0,77.0,17.333333333333332,,,5,,,,,,,,,,,,,,,,
H9JJH0MULA,4.0,64.0,64.0,22.333333333333332,,,5,,,,,,,,,,,,,,,,
H9JJH0MULB,4.0,68.0,68.0,22.166666666666668,,,5,,,,,,,,,,,,,,,,
H9JJH0MVLC,4.0,81.5,70.5,13.666666666666666,,,6,,,,,,,,,,,,,,,,
H9JJH0MVLD,4.0,82.5,82.5,14.833333333333334,,,5,,,,,,,,,,,,,,,,
H9JJH0MVLE,4.0,60.5,60.5,17.333333333333332,,,5,,,,,,,,,,,,,,,,
H9JJH0MWLA,4.0,74.5,74.5,18.1,,,9,,,,,,,,,,,,,,,,
H9JJH0MWLB,4.0,75.5,75.5,16.833333333333332,,,5,,,,,,,,,,,,,,,,
H9JJH0MWLD,4.0,82.5,82.5,17.166666666666668,,,5,,,,,,,,,,,,,,,,
H9JJH0MXLA,4.0,75.0,81.0,21.7,,,8,,,,,,,,,,,,,,,,
H9JJH0MXLB,4.0,75.0,75.0,20.666666666666668,,,5,,,,,,,,,,,,,,,,
H9JJH0MYLA,4.0,73.0,73.0,18.833333333333332,,,5,,,,,,,,,,,,,,,,
H9JJH0MYLB,4.0,70.5,70.5,26.0,,,5,,,,,,,,,,,,,,,,
H9JJH0MZLA,4.0,34.5,35.0,62.0,,,4,,,,,,,,,,,,,,,,
H9JJH0MZLC,4.0,72.0,72.0,18.833333333333332,,,5,,,,,,,,,,,,,,,,
H9JJH0MZLE,4.0,75.5,75.5,20.0,,,5,,,,,,,,,,,,,,,,
H9KAH0J7LA,4.0,73.5,68.0,17.285714285714285,,,11,,,,,,,,,,,,,,,,
H9KAH0J7LB,4.0,77.0,77.0,12.5,,,5,,,,,,,,,,,,,,,,
H9KAH0J8LA,4.0,77.5,67.5,16.4,,,8,,,,,,,,,,,,,,,,
H9KAH0J8LB,4.0,76.0,32.0,18.583333333333332,,,9,,,,,,,,,,,,,,,,
H9KAH0J8LC,4.0,69.0,69.0,16.5,,,7,,,,,,,,,,,,,,,,
H9KAH0J9LA,4.0,78.5,78.5,14.5,,,5,,,,,,,,,,,,,,,,
H9KAH0J9LB,4.0,69.5,69.5,15.3,,,7,,,,,,,,,,,,,,,,
H9KAH0KALA,4.0,83.5,76.0,11.0,,,15,,,,,,,,,,,,,,,,
H9KAH0KCLA,4.0,72.5,73.0,20.7,,,9,,,,,,,,,,,,,,,,
H9KAH0KCLB,4.0,54.5,75.0,21.142857142857142,,,11,,,,,,,,,,,,,,,,
H9KAH0KDLC,4.0,74.5,72.0,18.2,,,8,,,,,,,,,,,,,,,,
H9KAH0KDLE,4.0,,76.5,15.5,,,4,,,,,,,,,,,,,,,,
H9KAH0KELE,4.0,64.0,64.5,24.6,,,8,,,,,,,,,,,,,,,,
H9KAH0KELF,4.0,64.0,61.5,21.5,,,8,,,,,,,,,,,,,,,,
H9KAH0KFLF,4.0,75.0,83.5,20.6,,,8,,,,,,,,,,,,,,,,
H9KAH0KFLG,4.0,67.0,67.0,21.833333333333332,,,5,,,,,,,,,,,,,,,,
H9KAH0KFLH,4.0,66.0,66.0,22.166666666666668,,,5,,,,,,,,,,,,,,,,
H9KAH0KGLC,4.0,64.0,64.0,17.833333333333332,,,5,,,,,,,,,,,,,,,,
H9KAH0KHLC,4.0,69.0,69.0,18.1,,,7,,,,,,,,,,,,,,,,
H9KAH0KHLE,4.0,79.0,79.0,21.0,,,5,,,,,,,,,,,,,,,,
H9KFH0MELA,4.0,65.0,65.0,19.0,,,4,,,,,,,,,,,,,,,,
H9KFH0MELB,4.0,73.5,41.5,23.285714285714285,,,13,,,,,,,,,,,,,,,,
H9KFH0MFLA,4.0,58.0,58.0,11.7,,,7,,,,,,,,,,,,,,,,
H9KFH0MFLB,4.0,56.5,56.5,12.9,,,7,,,,,,,,,,,,,,,,
H9KFH0MGLC,4.0,61.5,61.5,26.166666666666668,,,5,,,,,,,,,,,,,,,,
H9KFH0MHLA,4.0,81.5,71.5,21.6,,,8,,,,,,,,,,,,,,,,
H9KFH0MHLB,4.0,69.5,38.5,15.125,,,11,,,,,,,,,,,,,,,,
H9KFH0MJE1,4.0,63.0,63.0,15.25,,,7,2.0,75.5,76.0,15.5,,,4.0,,,,,,,,,-12.5
H9KFH0MJLB,4.0,23.5,23.5,18.0,,,7,2.0,75.5,76.0,15.5,,,4.0,,,,,,,,,-52.0
H9KFH0MJLC,4.0,44.0,44.0,22.5,,,7,2.0,75.5,76.0,15.5,,,4.0,,,,,,,,,-31.5
H9KFH0MKLA,4.0,65.0,65.0,12.7,,,7,,,,,,,,,,,,,,,,
H9KFH0MKLB,4.0,63.0,65.5,18.625,,,11,,,,,,,,,,,,,,,,
H9KFH0MLLC,4.0,68.5,68.5,20.0,,,5,,,,,,,,,,,,,,,,
H9KNH0K1LA,4.0,76.0,76.0,23.5,,,5,,,,,,,,,,,,,,,,
H9KNH0K1LB,4.0,70.5,70.5,12.8,,,7,,,,,,,,,,,,,,,,
H9KNH0K2LA,4.0,62.0,35.0,23.7,,,8,,,,,,,,,,,,,,,,
H9KNH0K2LB,4.0,76.0,55.5,17.2,,,8,,,,,,,,,,,,,,,,
H9KNH0K2LC,4.0,67.5,67.5,19.7,,,9,,,,,,,,,,,,,,,,
H9KNH0K3LC,4.0,66.5,73.0,18.0,,,7,,,,,,,,,,,,,,,,
H9KNH0K3LE,4.0,77.0,74.5,15.1,,,8,,,,,,,,,,,,,,,,
H9KNH0KRLA,4.0,65.5,64.0,20.6875,,,11,,,,,,,,,,,,,,,,
H9KNH0KRLB,4.0,58.5,58.5,16.7,,,7,,,,,,,,,,,,,,,,
H9KNH0KRLC,4.0,,65.0,24.0,,,4,,,,,,,,,,,,,,,,
H9KNH0KSLA,4.0,63.5,63.5,25.166666666666668,,,5,,,,,,,,,,,,,,,,
H9KNH0KSLB,4.0,62.0,33.5,29.642857142857142,,,11,,,,,,,,,,,,,,,,
H9KNH0KTLA,4.0,71.5,72.5,10.375,,,11,,,,,,,,,,,,,,,,
H9KNH0KTLE,4.0,65.0,83.0,11.272727272727273,,,15,,,,,,,,,,,,,,,,
H9KNH0KULA,4.0,71.5,77.0,20.7,,,8,,,,,,,,,,,,,,,,
H9KNH0KULB,4.0,73.0,58.0,22.27777777777778,,,14,,,,,,,,,,,,,,,,
H9KNH0KVLA,4.0,,64.0,13.0,,,6,,,,,,,,,,,,,,,,
H9KNH0KVLB,4.0,71.5,71.5,19.833333333333332,,,5,,,,,,,,,,,,,,,,
H9KNH0KWLC,4.0,75.5,70.5,22.1,,,8,,,,,,,,,,,,,,,,
H9KNH0KXLA,4.0,72.0,56.0,15.055555555555555,,,14,2.0,68.5,69.0,15.0,,,4.0,,,,,,,,,3.5
H9KNH0KXLB,4.0,75.0,75.0,12.142857142857142,,,9,2.0,68.5,69.0,15.0,,,4.0,,,,,,,,,6.5
H9KNH0KYLA,4.0,64.5,67.5,16.571428571428573,,,11,,,,,,,,,,,,,,,,
H9KNH0KYLC,4.0,69.5,69.5,11.4375,,,11,,,,,,,,,,,,,,,,
H9KNH0KZLC,4.0,79.5,80.0,10.0,,,2,,,,,,,,,,,,,,,,
H9KNH0KZLD,4.0,60.5,73.5,17.3,,,9,,,,,,,,,,,,,,,,
H9KNH0KZLE,4.0,65.5,67.5,25.4,,,9,,,,,,,,,,,,,,,,
H9KWH0N7LA,4.0,66.5,62.5,18.1,,,8,,,,,,,,,,,,,,,,
H9KWH0N8LB,4.0,55.5,67.0,16.5,,,8,,,,,,,,,,,,,,,,
H9KWH0N8LC,4.0,57.5,57.5,22.0,,,5,,,,,,,,,,,,,,,,
H9KWH0N9LB,4.0,67.0,67.0,6.0,,,4,,,,,,,,,,,,,,,,
H9KWH0QALA,4.0,64.0,64.0,24.0,,,4,,,,,,,,,,,,,,,,
H9KWH0QALC,4.0,69.5,69.5,19.0,,,5,,,,,,,,,,,,,,,,
H9KWH0QCLA,4.0,57.5,57.5,16.0,,,5,,,,,,,,,,,,,,,,
H9KWH0QCLB,4.0,72.0,72.0,15.0,,,4,,,,,,,,,,,,,,,,
H9KWH0QDLA,4.0,72.0,59.0,17.3,,,8,,,,,,,,,,,,,,,,
H9KWH0QELA,4.0,53.0,50.0,18.714285714285715,,,11,,,,,,,,,,,,,,,,
H9KWH0QELB,4.0,63.0,66.0,14.0,,,11,,,,,,,,,,,,,,,,
H9KWH0QFLB,4.0,60.0,65.5,22.9,,,9,,,,,,,,,,,,,,,,
H9KWH0QGLA,4.0,77.5,78.0,13.5,,,2,,,,,,,,,,,,,,,,
H9KWH0QGLB,4.0,75.0,63.0,22.0,,,8,,,,,,,,,,,,,,,,
H9KWH0QGLC,4.0,65.0,65.0,19.5,,,2,,,,,,,,,,,,,,,,
H9KWH0QHLA,4.0,71.0,71.0,16.5,,,2,,,,,,,,,,,,,,,,
H9KWH0QHLB,4.0,73.5,67.0,18.1,,,8,,,,,,,,,,,,,,,,
H9MAH0JQLA,4.0,82.0,63.0,18.03846153846154,,,23,,,,,,,,,,,,,,,,
H9MAH0JRLB,4.0,81.5,61.0,23.77777777777778,,,16,,,,,,,,,,,,,,,,
H9MAH0JSLB,4.0,82.5,56.0,22.6,,,10,,,,,,,,,,,,,,,,
H9MCH0JCLA,4.0,87.0,68.0,13.222222222222221,,,15,,,,,,,,,,,,,,,,
H9MCH0JCLB,4.0,88.5,88.5,15.5,,,5,,,,,,,,,,,,,,,,
H9MCH0JDLA,4.0,95.0,70.5,19.633333333333333,,,25,,,,,,,,,,,,,,,,
H9MCH0JELA,4.0,80.0,80.0,10.0,,,5,,,,,,,,,,,,,,,,
H9MCH0JFLA,4.0,85.5,78.5,17.772727272727273,,,19,,,,,,,,,,,,,,,,
H9MCH0JFLB,4.0,73.0,73.0,11.333333333333334,,,5,,,,,,,,,,,,,,,,
H9MCH0JGLB,4.0,55.5,55.5,27.666666666666668,,,5,,,,,,,,,,,,,,,,
H9MCH0JHLA,4.0,85.5,84.0,9.8,,,8,,,,,,,,,,,,,,,,
H9MCH0JHLB,4.0,85.0,69.5,24.428571428571427,,,14,,,,,,,,,,,,,,,,
H9MCH0JJLA,4.0,82.0,19.5,18.928571428571427,,,12,,,,,,,,,,,,,,,,
H9MCH0JJLB,4.0,76.0,76.0,13.166666666666666,,,5,,,,,,,,,,,,,,,,
H9MCH0JLLC,4.0,57.0,40.0,31.1,,,8,,,,,,,,,,,,,,,,
H9MCH0JLLD,4.0,42.0,42.0,32.833333333333336,,,5,,,,,,,,,,,,,,,,
H9MCH0JMLB,4.0,80.0,69.5,23.6,,,25,,,,,,,,,,,,,,,,
H9MCH0JNLB,4.0,77.0,77.0,17.0,,,5,,,,,,,,,,,,,,,,
H9MCH0JPLE,4.0,77.0,54.0,26.6,,,8,,,,,,,,,,,,,,,,
H9MCH0JPLF,4.0,36.5,36.5,37.0,,,5,,,,,,,,,,,,,,,,
H9MJH0KKLA,4.0,66.5,79.5,17.2,,,8,,,,,,,,,,,,,,,,
H9MJH0KKLB,4.0,74.5,73.5,20.3,,,8,,,,,,,,,,,,,,,,
H9MJH0KKLC,4.0,64.0,64.0,15.4,,,7,,,,,,,,,,,,,,,,
H9MJH0KLLB,4.0,58.5,59.0,24.5,,,2,,,,,,,,,,,,,,,,
H9MJH0KLLF,4.0,63.0,63.0,18.333333333333332,,,5,,,,,,,,,,,,,,,,
H9MJH0KMLA,4.0,73.5,73.5,17.0,,,5,,,,,,,,,,,,,,,,
H9MJH0KNLB,4.0,71.5,71.5,24.3,,,7,,,,,,,,,,,,,,,,
H9MJH0KPLA,4.0,80.0,60.0,20.5,,,8,,,,,,,,,,,,,,,,
H9MJH0KPLB,4.0,64.5,70.5,20.5,,,11,,,,,,,,,,,,,,,,
H9MJH0KQLA,4.0,53.5,53.5,18.5,,,7,,,,,,,,,,,,,,,,
H9NFH0M2LA,4.0,78.5,78.5,13.5,,,2,,,,,,,,,,,,,,,,
H9NFH0M2LB,4.0,,79.5,17.5,,,4,,,,,,,,,,,,,,,,
H9NFH0M2LC,4.0,71.0,71.0,17.666666666666668,,,5,,,,,,,,,,,,,,,,
H9NFH0M3LA,4.0,80.5,76.0,16.2,,,8,,,,,,,,,,,,,,,,
H9NFH0M3LB,4.0,74.5,74.5,16.5,,,5,,,,,,,,,,,,,,,,
H9NFH0M4LA,4.0,77.0,77.0,13.5,,,5,,,,,,,,,,,,,,,,
H9NFH0M4LB,4.0,74.5,76.5,14.3,,,8,,,,,,,,,,,,,,,,
H9NFH0M4LC,4.0,74.0,74.0,15.333333333333334,,,5,,,,,,,,,,,,,,,,
H9NFH0M5LB,4.0,76.0,76.0,20.666666666666668,,,5,,,,,,,,,,,,,,,,
H9NFH0M6LA,4.0,77.5,77.5,19.5,,,5,,,,,,,,,,,,,,,,
H9NFH0M6LB,4.0,81.5,72.0,12.857142857142858,,,11,,,,,,,,,,,,,,,,
H9NFH0M7LB,4.0,72.5,72.5,14.666666666666666,,,5,,,,,,,,,,,,,,,,
H9NFH0M7LC,4.0,84.5,84.5,13.833333333333334,,,5,,,,,,,,,,,,,,,,
H9NFH0M8LA,4.0,76.5,76.5,19.333333333333332,,,5,,,,,,,,,,,,,,,,
H9NFH0M8LB,4.0,69.5,76.5,17.2,,,8,,,,,,,,,,,,,,,,
H9NFH0M8LC,4.0,73.0,68.5,13.5,,,7,,,,,,,,,,,,,,,,
H9NFH0M9LA,4.0,79.0,71.0,19.4,,,8,,,,,,,,,,,,,,,,
H9NFH0M9LB,4.0,75.0,48.5,22.4,,,8,,,,,,,,,,,,,,,,
H9NFH0NALA,4.0,66.5,57.0,18.9,,,9,,,,,,,,,,,,,,,,
H9NFH0NALB,4.0,82.0,75.5,16.285714285714285,,,11,,,,,,,,,,,,,,,,
H9NFH0NCLA,4.0,74.0,75.0,15.714285714285714,,,11,,,,,,,,,,,,,,,,
H9NFH0NDLA,4.0,82.5,74.5,14.571428571428571,,,11,,,,,,,,,,,,,,,,
H9NFH0NDLB,4.0,75.0,69.5,15.857142857142858,,,11,,,,,,,,,,,,,,,,
H9NFH0NDLD,4.0,73.0,68.0,18.0,,,11,,,,,,,,,,,,,,,,
H9NRH0QRE1,4.0,77.5,77.5,17.125,,,7,2.0,70.5,71.0,12.583333333333334,,,8.0,,,,,,,,,7.0
H9NRH0QRE2,4.0,84.5,84.5,12.5,,,7,2.0,70.5,71.0,12.583333333333334,,,8.0,,,,,,,,,14.0
H9QAH0NFLA,4.0,69.5,74.0,15.857142857142858,,,11,,,,,,,,,,,,,,,,
H9QAH0NFLB,4.0,66.0,66.0,21.666666666666668,,,5,,,,,,,,,,,,,,,,
H9QAH0NGLA,4.0,67.0,78.5,14.9,,,8,,,,,,,,,,,,,,,,
H9QAH0NGLB,4.0,67.5,68.0,21.0,,,2,,,,,,,,,,,,,,,,
H9QAH0NGLC,4.0,74.5,74.5,15.0,,,5,,,,,,,,,,,,,,,,
H9QAH0NHLA,4.0,67.5,75.0,19.7,,,8,,,,,,,,,,,,,,,,
H9QAH0NHLB,4.0,72.0,66.0,18.25,,,10,,,,,,,,,,,,,,,,
H9QAH0NJLA,4.0,73.0,73.0,14.5,,,5,,,,,,,,,,,,,,,,
H9QAH0NJLB,4.0,70.0,70.0,22.333333333333332,,,5,,,,,,,,,,,,,,,,
H9QAH0NJLC,4.0,52.5,52.5,24.666666666666668,,,5,,,,,,,,,,,,,,,,
H9QAH0NKLA,4.0,69.5,68.5,17.857142857142858,,,11,,,,,,,,,,,,,,,,
H9QAH0NKLB,4.0,79.0,79.0,19.833333333333332,,,5,,,,,,,,,,,,,,,,
H9QAH0NKLC,4.0,69.5,69.5,20.333333333333332,,,5,,,,,,,,,,,,,,,,
H9QAH0NLLA,4.0,72.5,73.0,18.4,,,8,,,,,,,,,,,,,,,,
H9QAH0NLLB,4.0,72.0,72.0,19.5,,,5,,,,,,,,,,,,,,,,
H9QAH0NMLA,4.0,76.0,76.0,17.333333333333332,,,5,,,,,,,,,,,,,,,,
H9QAH0NMLB,4.0,62.5,66.0,21.5,,,4,,,,,,,,,,,,,,,,
H9QAH0NNLA,4.0,68.0,68.0,17.333333333333332,,,5,,,,,,,,,,,,,,,,
H9QAH0NNLB,4.0,64.5,31.0,43.666666666666664,,,6,,,,,,,,,,,,,,,,
H9QAH0NPLA,4.0,76.0,57.5,17.642857142857142,,,11,,,,,,,,,,,,,,,,
H9QAH0NPLB,4.0,70.0,54.0,19.5,,,11,,,,,,,,,,,,,,,,
H9QAH0NQLA,4.0,71.5,71.5,15.833333333333334,,,5,,,,,,,,,,,,,,,,
H9QAH0NQLB,4.0,62.5,62.5,20.0,,,5,,,,,,,,,,,,,,,,
H9QAH0NQLC,4.0,69.5,69.5,19.0,,,5,,,,,,,,,,,,,,,,
H9QAH0NRLA,4.0,69.0,71.0,16.7,,,9,,,,,,,,,,,,,,,,
H9QAH0NRLB,4.0,73.5,79.5,15.75,,,4,,,,,,,,,,,,,,,,
H9QAH0NSLA,4.0,79.5,80.0,13.0,,,2,,,,,,,,,,,,,,,,
H9QFH0J4LA,4.0,,50.0,12.5,,,6,,,,,,,,,,,,,,,,
H9QFH0J4LB,4.0,17.5,17.5,16.7,,,7,,,,,,,,,,,,,,,,
H9QFH0J4LC,4.0,31.5,31.5,27.666666666666668,,,5,,,,,,,,,,,,,,,,
H9QFH0J5LA,4.0,40.0,40.0,15.9,,,7,,,,,,,,,,,,,,,,
H9QFH0J5LB,4.0,30.0,30.0,22.9,,,7,,,,,,,,,,,,,,,,
H9QFH0J5LC,4.0,35.5,35.5,14.7,,,7,,,,,,,,,,,,,,,,
H9RDH0NTLA,4.0,57.0,75.5,13.2,,,8,,,,,,,,,,,,,,,,
H9RDH0NTLB,4.0,74.0,69.0,12.571428571428571,,,11,,,,,,,,,,,,,,,,
H9RDH0NULA,4.0,68.5,78.0,15.1,,,8,,,,,,,,,,,,,,,,
H9RDH0NULB,4.0,76.0,74.0,14.214285714285714,,,11,,,,,,,,,,,,,,,,
H9RDH0NVLA,4.0,72.5,70.0,18.9,,,8,,,,,,,,,,,,,,,,
H9RDH0NVLB,4.0,66.0,74.0,16.0,,,8,,,,,,,,,,,,,,,,
H9RDH0NWLA,4.0,71.5,68.5,16.5,,,8,,,,,,,,,,,,,,,,
H9RDH0NWLB,4.0,61.0,61.0,18.6,,,8,,,,,,,,,,,,,,,,
H9RDH0NXLD,4.0,75.5,74.0,17.0,,,4,,,,,,,,,,,,,,,,
H9RDH0NXLE,4.0,,73.5,17.5,,,4,,,,,,,,,,,,,,,,
H9RDH0NYLD,4.0,69.5,8.0,27.875,,,7,,,,,,,,,,,,,,,,
H9RDH0NZLA,4.0,63.0,62.0,24.75,,,3,,,,,,,,,,,,,,,,
H9RKH0K4LA,4.0,46.5,47.0,49.5,,,2,,,,,,,,,,,,,,,,
H9RKH0K4LB,4.0,69.0,84.0,19.333333333333332,,,6,,,,,,,,,,,,,,,,
H9RKH0K4LD,4.0,66.5,76.0,20.166666666666668,,,5,,,,,,,,,,,,,,,,
H9RKH0K7LB,4.0,69.5,25.0,29.875,,,7,,,,,,,,,,,,,,,,
H9RKH0K7LC,4.0,54.5,54.5,21.5,,,5,,,,,,,,,,,,,,,,
H9RKH0K7LD,4.0,73.0,73.0,24.0,,,5,,,,,,,,,,,,,,,,
H9RKH0MNLA,4.0,60.5,60.0,21.0625,,,11,,,,,,,,,,,,,,,,
L0ACL2SALA,4.0,,66.5,21.25,,,6,2.0,55.0,70.0,10.25,,,3.0,1.0,10.0,45.5,52.24,,,70.0,45.0,
L0ACL2SALB,4.0,,64.5,15.5,,,2,2.0,55.0,70.0,10.25,,,3.0,1.0,10.0,45.5,52.24,,,70.0,45.0,
L0ACL2SALC,4.0,,64.5,16.5,,,4,2.0,55.0,70.0,10.25,,,3.0,1.0,10.0,45.5,52.24,,,70.0,45.0,
L0ACL2SBLA,4.0,,69.5,20.25,,,3,2.0,53.5,56.0,9.0,,,6.0,1.0,10.0,45.5,52.24,,,70.0,43.5,
L0ACL2SBLB,4.0,,59.5,23.5,,,4,2.0,53.5,56.0,9.0,,,6.0,1.0,10.0,45.5,52.24,,,70.0,43.5,
L0ACL2SCLA,4.0,,61.0,22.0,,,4,2.0,48.5,78.0,13.75,,,6.0,1.0,10.0,45.5,52.24,,,70.0,38.5,
L0ACL2SCLB,4.0,73.0,62.5,14.833333333333334,,,5,2.0,48.5,78.0,13.75,,,6.0,1.0,10.0,45.5,52.24,,,70.0,38.5,24.5
L0ACL2SDLA,4.0,,61.0,18.5,,,2,2.0,58.0,65.5,9.0,,,3.0,1.0,10.0,45.5,52.24,,,70.0,48.0,
L0ACL2SDLB,4.0,,62.0,20.75,,,3,2.0,58.0,65.5,9.0,,,3.0,1.0,10.0,45.5,52.24,,,70.0,48.0,
L0BPL1JSLA,4.0,49.0,49.5,18.25,,,17,2.0,22.5,22.5,7.5,,,4.0,1.0,4.5,72.33,65.7741935483871,,,68.0,18.0,26.5
L0BPL1JSLB,4.0,60.0,32.0,21.0,,,11,2.0,22.5,22.5,7.5,,,4.0,1.0,4.5,72.33,65.7741935483871,,,68.0,18.0,37.5
L0BPL1JSLC,4.0,71.5,50.0,16.5,,,9,2.0,22.5,22.5,7.5,,,4.0,1.0,4.5,72.33,65.7741935483871,,,68.0,18.0,49.0
L0BPL1JTLA,4.0,,66.0,,,,4,2.0,29.0,29.0,33.0,,,4.0,1.0,4.5,72.33,65.7741935483871,,,68.0,24.5,
L0BPL1JTLB,4.0,70.5,34.5,27.5,,,11,2.0,29.0,29.0,33.0,,,4.0,1.0,4.5,72.33,65.7741935483871,,,68.0,24.5,41.5
L0BPL1JTLC,4.0,14.5,14.5,24.5,,,6,2.0,29.0,29.0,33.0,,,4.0,1.0,4.5,72.33,65.7741935483871,,,68.0,24.5,-14.5
L0BPL1JTLD,4.0,63.5,42.5,17.875,,,7,2.0,29.0,29.0,33.0,,,4.0,1.0,4.5,72.33,65.7741935483871,,,68.0,24.5,34.5
L0BPL1JULA,4.0,77.0,60.5,16.375,,,7,2.0,23.0,23.0,32.5,,,4.0,1.0,4.5,72.33,65.7741935483871,,,68.0,18.5,54.0
L0BPL1JULB,4.0,58.0,50.0,18.5,,,9,2.0,23.0,23.0,32.5,,,4.0,1.0,4.5,72.33,65.7741935483871,,,68.0,18.5,35.0
L0BPL1JULC,4.0,68.0,48.75,18.375,,,7,2.0,23.0,23.0,32.5,,,4.0,1.0,4.5,72.33,65.7741935483871,,,68.0,18.5,45.0
L0BPL1JVLA,4.0,,44.25,15.75,,,2,2.0,17.5,71.5,22.666666666666668,,,9.0,1.0,4.5,72.33,65.7741935483871,,,68.0,13.0,
L0BPL1JVLB,4.0,,65.25,12.75,,,4,2.0,17.5,71.5,22.666666666666668,,,9.0,1.0,4.5,72.33,65.7741935483871,,,68.0,13.0,
L0BPL1JVLC,4.0,,37.5,26.0,,,2,2.0,17.5,71.5,22.666666666666668,,,9.0,1.0,4.5,72.33,65.7741935483871,,,68.0,13.0,
L0BPL1JWLA,4.0,68.0,44.5,23.25,,,7,2.0,20.0,20.0,44.0,,,4.0,1.0,4.5,72.33,65.7741935483871,,,68.0,15.5,48.0
L0BPL1JWLB,4.0,58.0,42.5,23.75,,,9,2.0,20.0,20.0,44.0,,,4.0,1.0,4.5,72.33,65.7741935483871,,,68.0,15.5,38.0
L0BPL2AZLA,4.0,66.0,61.5,19.566666666666666,,,22,2.0,57.5,73.0,12.166666666666666,,,8.0,1.0,4.5,72.33,65.7741935483871,,,68.0,53.0,8.5
L0BPL2AZLB,4.0,71.0,64.0,19.3,,,14,2.0,57.5,73.0,12.166666666666666,,,8.0,1.0,4.5,72.33,65.7741935483871,,,68.0,53.0,13.5
L0BPL2AZLC,4.0,,62.0,18.5,,,2,2.0,57.5,73.0,12.166666666666666,,,8.0,1.0,4.5,72.33,65.7741935483871,,,68.0,53.0,
L0BPL2BALA,4.0,78.0,47.0,14.875,,,18,2.0,79.0,79.0,13.5,,,4.0,1.0,4.5,72.33,65.7741935483871,,,68.0,74.5,-1.0
L0BPL2BALB,4.0,82.5,71.5,12.142857142857142,,,11,2.0,79.0,79.0,13.5,,,4.0,1.0,4.5,72.33,65.7741935483871,,,68.0,74.5,3.5
L0BPL2BBLA,4.0,,65.5,16.25,,,6,2.0,64.0,64.0,20.0,,,4.0,1.0,4.5,72.33,65.7741935483871,,,68.0,59.5,
L0BPL2BBLB,4.0,,65.0,14.0,,,2,2.0,64.0,64.0,20.0,,,4.0,1.0,4.5,72.33,65.7741935483871,,,68.0,59.5,
L0BPL2BBLC,4.0,,74.5,14.25,,,6,2.0,64.0,64.0,20.0,,,4.0,1.0,4.5,72.33,65.7741935483871,,,68.0,59.5,
L0BPL2BBLD,4.0,80.5,70.0,12.785714285714286,,,10,2.0,64.0,64.0,20.0,,,4.0,1.0,4.5,72.33,65.7741935483871,,,68.0,59.5,16.5
L0BPL2BCLA,4.0,,69.5,19.0,,,2,2.0,75.0,75.0,16.5,,,4.0,1.0,4.5,72.33,65.7741935483871,,,68.0,70.5,
L0BPL2BCLB,4.0,,76.0,16.0,,,4,2.0,75.0,75.0,16.5,,,4.0,1.0,4.5,72.33,65.7741935483871,,,68.0,70.5,
L0BPL2BDLA,4.0,72.0,60.0,14.875,,,12,2.0,61.5,61.5,20.5,,,2.0,1.0,4.5,72.33,65.7741935483871,,,68.0,57.0,10.5
L0BPL2BDLB,4.0,,65.0,13.0,,,4,2.0,61.5,61.5,20.5,,,2.0,1.0,4.5,72.33,65.7741935483871,,,68.0,57.0,
L0BPL2BELA,4.0,,71.0,18.5,,,4,2.0,67.5,67.5,15.0,,,4.0,1.0,4.5,72.33,65.7741935483871,,,68.0,63.0,
L0BPL2BELC,4.0,,67.5,16.5,,,2,2.0,67.5,67.5,15.0,,,4.0,1.0,4.5,72.33,65.7741935483871,,,68.0,63.0,
L0BPL2BFLA,4.0,,62.0,13.0,,,4,2.0,73.0,73.0,18.0,,,4.0,1.0,4.5,72.33,65.7741935483871,,,68.0,68.5,
L0BPL2BFLB,4.0,,66.5,14.5,,,4,2.0,73.0,73.0,18.0,,,4.0,1.0,4.5,72.33,65.7741935483871,,,68.0,68.5,
L0BPL2BGLA,4.0,74.5,65.0,11.875,,,12,2.0,59.0,62.0,16.333333333333332,,,8.0,1.0,4.5,72.33,65.7741935483871,,,68.0,54.5,15.5
L0BPL2BGLB,4.0,70.5,66.0,13.75,,,12,2.0,59.0,62.0,16.333333333333332,,,8.0,1.0,4.5,72.33,65.7741935483871,,,68.0,54.5,11.5
L0BPL2BGLC,4.0,69.5,63.5,13.75,,,12,2.0,59.0,62.0,16.333333333333332,,,8.0,1.0,4.5,72.33,65.7741935483871,,,68.0,54.5,10.5
L0DQB1MQLA,4.0,76.0,73.0,10.375,,,9,2.0,46.0,33.0,17.75,,,6.0,1.0,7.0,10.0,71.125,,,19.0,39.0,30.0
L0DQB1MQLB,4.0,80.5,67.0,12.666666666666666,,,16,2.0,46.0,33.0,17.75,,,6.0,1.0,7.0,10.0,71.125,,,19.0,39.0,34.5
L0DQB1MQLC,4.0,78.0,78.0,16.0,,,8,2.0,46.0,33.0,17.75,,,6.0,1.0,7.0,10.0,71.125,,,19.0,39.0,32.0
L0DQB1MRLA,4.0,72.0,64.5,16.75,,,12,2.0,57.0,57.0,17.0,,,4.0,1.0,7.0,10.0,71.125,,,19.0,50.0,15.0
L0DQB1MRLB,4.0,73.0,73.0,15.0,,,8,2.0,57.0,57.0,17.0,,,4.0,1.0,7.0,10.0,71.125,,,19.0,50.0,16.0
L0DQB1MRLC,4.0,77.5,59.5,13.714285714285714,,,15,2.0,57.0,57.0,17.0,,,4.0,1.0,7.0,10.0,71.125,,,19.0,50.0,20.5
L0DQB1MRLD,4.0,83.5,57.70000000000001,14.5,,,9,2.0,57.0,57.0,17.0,,,4.0,1.0,7.0,10.0,71.125,,,19.0,50.0,26.5
L0DQB1MRLE,4.0,,85.0,,,,4,2.0,57.0,57.0,17.0,,,4.0,1.0,7.0,10.0,71.125,,,19.0,50.0,
L0DQB1MSLC,4.0,78.0,42.5,14.785714285714286,,,19,2.0,33.5,33.5,37.5,,,4.0,1.0,7.0,10.0,71.125,,,19.0,26.5,44.5
L0EPH1UBLA,4.0,,64.0,,,,3,2.0,56.5,56.5,20.0,,,2.0,1.0,31.0,35.0,29.032,,,12.0,25.5,
L0EPH1UBLC,4.0,71.0,66.5,15.625,,,13,2.0,56.5,56.5,20.0,,,2.0,1.0,31.0,35.0,29.032,,,12.0,25.5,14.5
L0EPH1UBLE,4.0,74.5,75.0,15.375,,,11,2.0,56.5,56.5,20.0,,,2.0,1.0,31.0,35.0,29.032,,,12.0,25.5,18.0
L0EPH1UCLA,4.0,83.0,83.0,9.5,,,12,2.0,70.0,70.0,17.5,,,2.0,1.0,31.0,35.0,29.032,,,12.0,39.0,13.0
L0FGB1NXLA,4.0,82.5,76.0,13.333333333333334,,,9,2.0,87.0,87.0,7.0,,,2.0,1.0,34.5,66.0,18.666666666666668,,,15.0,52.5,-4.5
L0FGB1NXLB,4.0,72.5,84.0,12.0,,,14,2.0,87.0,87.0,7.0,,,2.0,1.0,34.5,66.0,18.666666666666668,,,15.0,52.5,-14.5
L0FGB1NXLC,4.0,85.5,79.0,10.5,,,9,2.0,87.0,87.0,7.0,,,2.0,1.0,34.5,66.0,18.666666666666668,,,15.0,52.5,-1.5
L0FGB1NXLD,4.0,79.0,79.0,11.0,,,6,2.0,87.0,87.0,7.0,,,2.0,1.0,34.5,66.0,18.666666666666668,,,15.0,52.5,-8.0
L0FGB1NZLA,4.0,90.0,78.5,6.666666666666667,,,8,2.0,87.5,87.5,6.0,,,2.0,1.0,34.5,66.0,18.666666666666668,,,15.0,53.0,2.5
L0FNL1JMLA,4.0,71.5,53.25,18.34375,,,11,2.0,30.5,30.5,37.0,,,6.0,1.0,9.379310344827585,5.655172413793103,68.26923076923077,,,29.0,21.120689655172413,41.0
L0FNL1JMLB,4.0,70.5,47.0,20.875,,,13,2.0,30.5,30.5,37.0,,,6.0,1.0,9.379310344827585,5.655172413793103,68.26923076923077,,,29.0,21.120689655172413,40.0
L0FNL1JNLA,4.0,67.0,46.5,20.5,,,12,2.0,36.0,36.0,39.0,,,4.0,1.0,7.0,3.0,71.375,,,27.0,29.0,31.0
L0FNL1JNLB,4.0,68.0,52.75,21.166666666666668,,,8,2.0,36.0,36.0,39.0,,,4.0,1.0,7.0,3.0,71.375,,,27.0,29.0,32.0
L0FNL1JNLC,4.0,71.0,57.5,17.375,,,11,2.0,36.0,36.0,39.0,,,4.0,1.0,7.0,3.0,71.375,,,27.0,29.0,35.0
L0FNL1JPLA,4.0,46.0,51.67,24.25,,,8,2.0,45.0,42.0,13.75,,,6.0,1.0,7.0,3.0,71.375,,,27.0,38.0,1.0
L0FNL1JPLB,4.0,64.0,64.0,15.0,,,8,2.0,45.0,42.0,13.75,,,6.0,1.0,7.0,3.0,71.375,,,27.0,38.0,19.0
L0FNL1JQLA,4.0,63.0,45.5,28.5,,,8,2.0,35.0,35.0,33.5,,,4.0,1.0,7.0,3.0,71.375,,,27.0,28.0,28.0
L0FNL1JQLB,4.0,65.5,48.5,22.333333333333332,,,7,2.0,35.0,35.0,33.5,,,4.0,1.0,7.0,3.0,71.375,,,27.0,28.0,30.5
L0FNL1JRLA,4.0,51.0,51.0,26.5,,,6,2.0,21.5,21.5,32.5,,,4.0,1.0,7.0,3.0,71.375,,,27.0,14.5,29.5
L0FNL1JRLB,4.0,71.0,46.0,21.2,,,18,2.0,21.5,21.5,32.5,,,4.0,1.0,7.0,3.0,71.375,,,27.0,14.5,49.5
L0FNL1JRLC,4.0,65.5,44.5,22.166666666666668,,,7,2.0,21.5,21.5,32.5,,,4.0,1.0,7.0,3.0,71.375,,,27.0,14.5,44.0
L0JHL2AJLA,4.0,64.5,64.0,14.75,,,7,2.0,63.5,38.5,31.0,,,4.0,1.0,12.95,61.6,55.642857142857146,,,51.0,50.55,1.0
L0JHL2AJLB,4.0,,60.0,16.0,,,4,2.0,63.5,38.5,31.0,,,4.0,1.0,12.95,61.6,55.642857142857146,,,51.0,50.55,
L0JHL2AKLA,4.0,67.0,73.0,11.5,,,6,2.0,65.0,65.0,22.5,,,2.0,1.0,12.95,61.6,55.642857142857146,,,51.0,52.05,2.0
L0JHL2AKLD,4.0,64.0,52.0,14.75,,,6,2.0,65.0,65.0,22.5,,,2.0,1.0,12.95,61.6,55.642857142857146,,,51.0,52.05,-1.0
L0JHL2AKLE,4.0,57.5,47.0,18.5,,,3,2.0,65.0,65.0,22.5,,,2.0,1.0,12.95,61.6,55.642857142857146,,,51.0,52.05,-7.5
L0JHL2ALLA,4.0,66.5,67.5,15.0,,,5,2.0,45.0,61.0,16.5,,,4.0,1.0,12.95,61.6,55.642857142857146,,,51.0,32.05,21.5
L0JHL2APLA,4.0,,57.0,14.5,,,2,2.0,64.5,68.0,21.166666666666668,,,6.0,1.0,12.95,61.6,55.642857142857146,,,51.0,51.55,
L0JHL2APLB,4.0,68.0,43.5,15.5,,,6,2.0,64.5,68.0,21.166666666666668,,,6.0,1.0,12.95,61.6,55.642857142857146,,,51.0,51.55,3.5
L0JHL2APLC,4.0,,61.5,18.5,,,4,2.0,64.5,68.0,21.166666666666668,,,6.0,1.0,12.95,61.6,55.642857142857146,,,51.0,51.55,
L0JHL2APLD,4.0,62.0,64.0,19.375,,,7,2.0,64.5,68.0,21.166666666666668,,,6.0,1.0,12.95,61.6,55.642857142857146,,,51.0,51.55,-2.5
L0JHL2AQLA,4.0,72.5,70.5,15.785714285714286,,,10,2.0,56.5,61.0,13.9,,,7.0,1.0,12.95,61.6,55.642857142857146,,,51.0,43.55,16.0
L0JHL2AQLB,4.0,72.5,71.5,16.142857142857142,,,10,2.0,56.5,61.0,13.9,,,7.0,1.0,12.95,61.6,55.642857142857146,,,51.0,43.55,16.0
L0JHL2ARLA,4.0,62.5,55.0,18.375,,,6,2.0,59.5,48.5,17.5,,,6.0,1.0,12.95,61.6,55.642857142857146,,,51.0,46.55,3.0
L0JHL2ARLB,4.0,,61.5,15.5,,,4,2.0,59.5,48.5,17.5,,,6.0,1.0,12.95,61.6,55.642857142857146,,,51.0,46.55,
L0JHL2ASLA,4.0,71.5,69.0,15.25,,,7,2.0,69.5,52.5,20.75,,,4.0,1.0,12.95,61.6,55.642857142857146,,,51.0,56.55,2.0
L0JHL2ASLB,4.0,,69.0,16.5,,,2,2.0,69.5,52.5,20.75,,,4.0,1.0,12.95,61.6,55.642857142857146,,,51.0,56.55,
L0JHL2ATLA,4.0,,49.0,23.0,,,2,2.0,63.0,30.5,32.75,,,4.0,1.0,12.95,61.6,55.642857142857146,,,51.0,50.05,
L0JHL2ATLB,4.0,,54.0,26.0,,,4,2.0,63.0,30.5,32.75,,,4.0,1.0,12.95,61.6,55.642857142857146,,,51.0,50.05,
L0JHL2AVLA,4.0,54.0,66.5,19.25,,,9,2.0,60.0,60.0,24.0,,,4.0,1.0,12.95,61.6,55.642857142857146,,,51.0,47.05,-6.0
L0JHL2AVLB,4.0,,48.0,21.5,,,6,2.0,60.0,60.0,24.0,,,4.0,1.0,12.95,61.6,55.642857142857146,,,51.0,47.05,
L0JHL2BJLA,4.0,,48.0,16.5,,,3,2.0,32.5,70.5,10.166666666666666,,,8.0,1.0,12.95,61.6,55.642857142857146,,,51.0,19.55,
L0JHL2BJLB,4.0,,45.0,15.75,,,3,2.0,32.5,70.5,10.166666666666666,,,8.0,1.0,12.95,61.6,55.642857142857146,,,51.0,19.55,
L0JHL2BJLC,4.0,,48.0,17.5,,,4,2.0,32.5,70.5,10.166666666666666,,,8.0,1.0,12.95,61.6,55.642857142857146,,,51.0,19.55,
L0JHL2BKLA,4.0,74.5,72.0,18.416666666666668,,,9,2.0,68.5,68.5,20.5,,,4.0,1.0,12.95,61.6,55.642857142857146,,,51.0,55.55,6.0
L0JHL2BKLB,4.0,71.0,67.0,15.7,,,8,2.0,68.5,68.5,20.5,,,4.0,1.0,12.95,61.6,55.642857142857146,,,51.0,55.55,2.5
L0KFL1LALA,4.0,72.0,69.0,12.0,,,10,2.0,34.0,34.0,36.0,,,4.0,1.0,12.47,27.0,59.833333333333336,,,149.0,21.53,38.0
L0KFL1LALB,4.0,67.0,71.5,13.0,,,10,2.0,34.0,34.0,36.0,,,4.0,1.0,12.47,27.0,59.833333333333336,,,149.0,21.53,33.0
L0KFL1LCLA,4.0,69.0,70.0,17.0,,,12,2.0,49.0,49.0,31.5,,,4.0,1.0,12.47,27.0,59.833333333333336,,,149.0,36.53,20.0
L0KFL1LCLB,4.0,67.5,67.5,16.5,,,10,2.0,49.0,49.0,31.5,,,4.0,1.0,12.47,27.0,59.833333333333336,,,149.0,36.53,18.5
L0KFL1LDLA,4.0,80.0,69.0,14.0,,,6,2.0,46.0,46.0,27.0,,,4.0,1.0,12.47,27.0,59.833333333333336,,,149.0,33.53,34.0
L0KFL1LDLB,4.0,73.0,73.0,14.0,,,7,2.0,46.0,46.0,27.0,,,4.0,1.0,12.47,27.0,59.833333333333336,,,149.0,33.53,27.0
L0KFL1LELA,4.0,71.0,71.0,15.0,,,4,2.0,58.5,58.5,23.5,,,4.0,1.0,12.47,27.0,59.833333333333336,,,149.0,46.03,12.5
L0KFL1LELB,4.0,63.5,63.5,12.5,,,4,2.0,58.5,58.5,23.5,,,4.0,1.0,12.47,27.0,59.833333333333336,,,149.0,46.03,5.0
L0KFL1LFLA,4.0,71.5,71.5,16.0,,,6,2.0,56.0,56.0,22.0,,,2.0,1.0,12.47,27.0,59.833333333333336,,,149.0,43.53,15.5
L0KFL1LFLB,4.0,71.0,71.0,13.0,,,6,2.0,56.0,56.0,22.0,,,2.0,1.0,12.47,27.0,59.833333333333336,,,149.0,43.53,15.0
L0KFL1LGLA,4.0,74.5,74.5,9.5,,,4,2.0,51.5,51.5,19.5,,,2.0,1.0,12.47,27.0,59.833333333333336,,,149.0,39.03,23.0
L0KFL1LGLB,4.0,76.0,76.0,14.0,,,6,2.0,51.5,51.5,19.5,,,2.0,1.0,12.47,27.0,59.833333333333336,,,149.0,39.03,24.5
L0KFL1LHLA,4.0,67.5,67.5,10.0,,,6,2.0,49.0,49.0,24.0,,,4.0,1.0,12.47,27.0,59.833333333333336,,,149.0,36.53,18.5
L0KFL1LHLB,4.0,67.5,67.5,11.5,,,4,2.0,49.0,49.0,24.0,,,4.0,1.0,12.47,27.0,59.833333333333336,,,149.0,36.53,18.5
L0KFL1LJLA,4.0,72.0,72.0,14.0,,,6,2.0,59.0,59.0,21.0,,,4.0,1.0,12.47,27.0,59.833333333333336,,,149.0,46.53,13.0
L0KFL1LJLB,4.0,82.0,60.5,14.166666666666666,,,10,2.0,59.0,59.0,21.0,,,4.0,1.0,12.47,27.0,59.833333333333336,,,149.0,46.53,23.0
L0KFL1LKLA,4.0,71.0,71.0,14.5,,,6,2.0,34.5,34.5,32.0,,,4.0,1.0,12.47,27.0,59.833333333333336,,,149.0,22.03,36.5
L0KFL1LKLB,4.0,67.0,67.0,13.0,,,6,2.0,34.5,34.5,32.0,,,4.0,1.0,12.47,27.0,59.833333333333336,,,149.0,22.03,32.5
L0KFL1LLLA,4.0,75.5,75.5,12.5,,,6,2.0,67.5,67.5,14.0,,,4.0,1.0,12.47,27.0,59.833333333333336,,,149.0,55.03,8.0
L0KFL1LLLB,4.0,,77.0,,,,4,2.0,67.5,67.5,14.0,,,4.0,1.0,12.47,27.0,59.833333333333336,,,149.0,55.03,
L0KFL1LLLC,4.0,70.0,70.0,15.0,,,6,2.0,67.5,67.5,14.0,,,4.0,1.0,12.47,27.0,59.833333333333336,,,149.0,55.03,2.5
L0KFL1LMLA,4.0,62.5,62.5,13.5,,,6,2.0,68.0,68.0,17.5,,,4.0,1.0,12.47,27.0,59.833333333333336,,,149.0,55.53,-5.5
L0KFL1LMLC,4.0,78.0,70.0,14.0,,,10,2.0,68.0,68.0,17.5,,,4.0,1.0,12.47,27.0,59.833333333333336,,,149.0,55.53,10.0
L0KFL1LMLD,4.0,75.0,75.0,8.5,,,6,2.0,68.0,68.0,17.5,,,4.0,1.0,12.47,27.0,59.833333333333336,,,149.0,55.53,7.0
L0KFL1LNLA,4.0,59.0,80.0,10.0,,,7,2.0,60.5,60.5,26.0,,,4.0,1.0,12.47,27.0,59.833333333333336,,,149.0,48.03,-1.5
L0KFL1LNLB,4.0,59.0,76.5,12.5,,,5,2.0,60.5,60.5,26.0,,,4.0,1.0,12.47,27.0,59.833333333333336,,,149.0,48.03,-1.5
L0KFL1LPLA,4.0,58.5,68.0,18.5,,,10,2.0,59.5,59.5,21.5,,,4.0,1.0,12.47,27.0,59.833333333333336,,,149.0,47.03,-1.0
L0KFL1LPLB,4.0,73.5,65.0,22.166666666666668,,,8,2.0,59.5,59.5,21.5,,,4.0,1.0,12.47,27.0,59.833333333333336,,,149.0,47.03,14.0
L0KFL1LQLA,4.0,71.5,71.5,13.5,,,4,2.0,58.0,58.0,22.0,,,4.0,1.0,12.47,27.0,59.833333333333336,,,149.0,45.53,13.5
L0KFL1LQLB,4.0,78.5,78.5,7.5,,,6,2.0,58.0,58.0,22.0,,,4.0,1.0,12.47,27.0,59.833333333333336,,,149.0,45.53,20.5
L0KFL1LRLA,4.0,77.0,85.0,12.666666666666666,,,10,2.0,62.5,62.5,13.5,,,4.0,1.0,12.47,27.0,59.833333333333336,,,149.0,50.03,14.5
L0KFL1LRLB,4.0,75.0,76.0,13.666666666666666,,,10,2.0,62.5,62.5,13.5,,,4.0,1.0,12.47,27.0,59.833333333333336,,,149.0,50.03,12.5
L0KFL1LSLA,4.0,67.5,82.0,10.333333333333334,,,9,2.0,63.5,63.5,14.0,,,4.0,1.0,12.47,27.0,59.833333333333336,,,149.0,51.03,4.0
L0KFL1LSLB,4.0,80.5,80.5,7.0,,,6,2.0,63.5,63.5,14.0,,,4.0,1.0,12.47,27.0,59.833333333333336,,,149.0,51.03,17.0
L0KFL1LTLA,4.0,72.0,72.0,13.5,,,4,2.0,68.0,68.0,14.0,,,4.0,1.0,12.47,27.0,59.833333333333336,,,149.0,55.53,4.0
L0KFL1LTLB,4.0,77.0,78.5,12.166666666666666,,,8,2.0,68.0,68.0,14.0,,,4.0,1.0,12.47,27.0,59.833333333333336,,,149.0,55.53,9.0
L0KFL1LULA,4.0,68.5,68.5,10.0,,,4,2.0,66.5,66.5,15.5,,,4.0,1.0,12.47,27.0,59.833333333333336,,,149.0,54.03,2.0
L0KFL1LULB,4.0,83.0,83.0,10.5,,,6,2.0,66.5,66.5,15.5,,,4.0,1.0,12.47,27.0,59.833333333333336,,,149.0,54.03,16.5
L0KFL1LVLA,4.0,76.5,76.5,9.0,,,6,2.0,71.5,71.5,15.5,,,4.0,1.0,12.47,27.0,59.833333333333336,,,149.0,59.03,5.0
L0KFL1LVLB,4.0,78.5,78.5,13.5,,,8,2.0,71.5,71.5,15.5,,,4.0,1.0,12.47,27.0,59.833333333333336,,,149.0,59.03,7.0
L0KYL1LWLA,4.0,81.0,81.0,9.5,,,8,2.0,53.0,53.0,18.5,,,4.0,1.0,7.0,42.0,27.75,,,12.0,46.0,28.0
L0LEH1VHLD,4.0,79.0,59.0,20.0,,,10,2.0,67.0,67.0,17.5,,,4.0,1.0,28.6,13.5,48.35,,,26.0,38.4,12.0
L0LEH1VHLE,4.0,62.0,51.0,21.333333333333332,,,11,2.0,67.0,67.0,17.5,,,4.0,1.0,28.6,13.5,48.35,,,26.0,38.4,-5.0
L0LEH1VHLF,4.0,80.0,80.0,,,,8,2.0,67.0,67.0,17.5,,,4.0,1.0,28.6,13.5,48.35,,,26.0,38.4,13.0
L0LEH1VJLA,4.0,61.5,61.5,20.7,,,12,2.0,61.5,61.5,18.0,,,2.0,1.0,28.6,13.5,48.35,,,26.0,32.9,0.0
L0LEH1VJLB,4.0,61.5,58.75,19.166666666666668,,,9,2.0,61.5,61.5,18.0,,,2.0,1.0,28.6,13.5,48.35,,,26.0,32.9,0.0
L0LEH1VKLA,4.0,,64.0,,,,6,2.0,55.0,55.0,20.5,,,4.0,1.0,28.6,13.5,48.35,,,26.0,26.4,
L0LEH1VKLB,4.0,68.0,62.25,20.0,,,13,2.0,55.0,55.0,20.5,,,4.0,1.0,28.6,13.5,48.35,,,26.0,26.4,13.0
L0LEH1VLLA,4.0,55.0,65.25,20.0,,,11,2.0,54.5,54.5,24.5,,,4.0,1.0,28.6,13.5,48.35,,,26.0,25.9,0.5
L0LEH1VLLB,4.0,60.0,52.0,20.5,,,11,2.0,54.5,54.5,24.5,,,4.0,1.0,28.6,13.5,48.35,,,26.0,25.9,5.5
L0LRL1KPLA,4.0,59.5,65.75,15.625,,,7,2.0,57.5,61.5,8.0,,,6.0,1.0,5.0,20.0,50.35541666666666,,,50.0,52.5,2.0
L0LRL1KPLB,4.0,,70.0,,,,4,2.0,57.5,61.5,8.0,,,6.0,1.0,5.0,20.0,50.35541666666666,,,50.0,52.5,
L0LRL1KQLA,4.0,,56.0,21.0,,,2,2.0,52.0,70.0,12.333333333333334,,,9.0,1.0,5.0,20.0,50.35541666666666,,,50.0,47.0,
L0LRL1KQLB,4.0,,56.5,16.5,,,4,2.0,52.0,70.0,12.333333333333334,,,9.0,1.0,5.0,20.0,50.35541666666666,,,50.0,47.0,
L0LRL1KRLA,4.0,42.5,51.0,24.0,,,10,2.0,57.0,52.5,8.75,,,3.0,1.0,5.0,20.0,50.35541666666666,,,50.0,52.0,-14.5
L0LRL1KRLB,4.0,45.0,51.0,22.5,,,10,2.0,57.0,52.5,8.75,,,3.0,1.0,5.0,20.0,50.35541666666666,,,50.0,52.0,-12.0
L0LRL1KSLA,4.0,,71.0,,,,4,2.0,59.5,59.5,18.0,,,2.0,1.0,5.0,20.0,50.35541666666666,,,50.0,54.5,
L0LRL1KSLB,4.0,58.5,46.5,11.666666666666666,,,11,2.0,59.5,59.5,18.0,,,2.0,1.0,5.0,20.0,50.35541666666666,,,50.0,54.5,-1.0
L0LRL1KTLA,4.0,,70.0,,,,6,2.0,56.5,46.5,13.0,,,6.0,1.0,5.0,20.0,50.35541666666666,,,50.0,51.5,
L0LRL1KTLB,4.0,56.5,55.25,14.5,,,7,2.0,56.5,46.5,13.0,,,6.0,1.0,5.0,20.0,50.35541666666666,,,50.0,51.5,0.0
L0LRL1KULA,4.0,,61.0,17.0,,,6,2.0,39.0,70.0,17.833333333333332,,,5.0,1.0,5.0,20.0,50.35541666666666,,,50.0,34.0,
L0LRL1KULB,4.0,,55.5,19.0,,,3,2.0,39.0,70.0,17.833333333333332,,,5.0,1.0,5.0,20.0,50.35541666666666,,,50.0,34.0,
L0LRL1KULC,4.0,,64.5,15.0,,,6,2.0,39.0,70.0,17.833333333333332,,,5.0,1.0,5.0,20.0,50.35541666666666,,,50.0,34.0,
L0LRL1KVLA,4.0,,68.0,,,,6,2.0,60.0,59.5,14.833333333333334,,,5.0,1.0,5.0,20.0,50.35541666666666,,,50.0,55.0,
L0LRL1KVLB,4.0,61.0,59.8,16.25,,,10,2.0,60.0,59.5,14.833333333333334,,,5.0,1.0,5.0,20.0,50.35541666666666,,,50.0,55.0,1.0
L0LRL1KVLC,4.0,,47.0,20.5,,,4,2.0,60.0,59.5,14.833333333333334,,,5.0,1.0,5.0,20.0,50.35541666666666,,,50.0,55.0,
L0LRL1KWLC,4.0,,69.5,14.5,,,4,2.0,54.0,73.0,13.3125,,,11.0,1.0,5.0,20.0,50.35541666666666,,,50.0,49.0,
L0LRL1KWLD,4.0,,60.0,17.5,,,2,2.0,54.0,73.0,13.3125,,,11.0,1.0,5.0,20.0,50.35541666666666,,,50.0,49.0,
L0LRL1KXLA,4.0,,66.5,14.25,,,6,2.0,41.5,66.0,12.333333333333334,,,9.0,1.0,5.0,20.0,50.35541666666666,,,50.0,36.5,
L0LRL1KXLB,4.0,,66.0,14.0,,,4,2.0,41.5,66.0,12.333333333333334,,,9.0,1.0,5.0,20.0,50.35541666666666,,,50.0,36.5,
L0LRL1KYLD,4.0,,70.0,17.75,,,6,2.0,23.0,64.0,27.125,,,7.0,1.0,5.0,20.0,50.35541666666666,,,50.0,18.0,
L0LRL1KYLE,4.0,,55.0,19.75,,,6,2.0,23.0,64.0,27.125,,,7.0,1.0,5.0,20.0,50.35541666666666,,,50.0,18.0,
L0LRL1KZLA,4.0,,70.0,11.5,,,4,2.0,43.5,61.5,18.125,,,12.0,1.0,5.0,20.0,50.35541666666666,,,50.0,38.5,
L0LRL1LWLA,4.0,,52.5,20.0,,,4,2.0,56.5,66.0,19.166666666666668,,,9.0,1.0,5.0,20.0,50.35541666666666,,,50.0,51.5,
L0LRL1LWLB,4.0,,50.0,21.0,,,4,2.0,56.5,66.0,19.166666666666668,,,9.0,1.0,5.0,20.0,50.35541666666666,,,50.0,51.5,
L0LRL1LXLA,4.0,,65.0,16.5,,,6,2.0,50.5,70.5,12.25,,,12.0,1.0,5.0,20.0,50.35541666666666,,,50.0,45.5,
L0LRL1LXLB,4.0,,61.5,15.5,,,2,2.0,50.5,70.5,12.25,,,12.0,1.0,5.0,20.0,50.35541666666666,,,50.0,45.5,
L0MSL1EFLA,4.0,,73.0,14.0,,,4,2.0,70.5,70.5,12.5,,,4.0,1.0,34.0,39.5,29.708333333333332,,,26.0,36.5,
L0MSL1EFLB,4.0,78.0,67.0,9.875,,,7,2.0,70.5,70.5,12.5,,,4.0,1.0,34.0,39.5,29.708333333333332,,,26.0,36.5,7.5
L0MSL1EGLA,4.0,80.5,80.5,17.8,,,8,2.0,76.5,76.5,9.0,,,4.0,1.0,34.0,39.5,29.708333333333332,,,26.0,42.5,4.0
L0MSL1EGLB,4.0,83.0,83.0,12.75,,,8,2.0,76.5,76.5,9.0,,,4.0,1.0,34.0,39.5,29.708333333333332,,,26.0,42.5,6.5
L0MSL1EHLA,4.0,87.5,87.5,17.25,,,4,2.0,67.0,67.0,18.5,,,4.0,1.0,34.0,39.5,29.708333333333332,,,26.0,33.0,20.5
L0MSL1EHLB,4.0,82.0,82.0,12.666666666666666,,,6,2.0,67.0,67.0,18.5,,,4.0,1.0,34.0,39.5,29.708333333333332,,,26.0,33.0,15.0
L0MSL1EJLA,4.0,77.5,38.0,11.0,,,15,2.0,57.5,43.5,6.5,,,6.0,1.0,34.0,39.5,29.708333333333332,,,26.0,23.5,20.0
L0MWL1GJLA,4.0,80.0,80.0,12.0,,,6,2.0,57.5,57.5,23.0,,,2.0,1.0,37.0,37.0,,,,2.0,20.5,22.5
L0MWL1GJLB,4.0,78.0,80.0,11.0,,,9,2.0,57.5,57.5,23.0,,,2.0,1.0,37.0,37.0,,,,2.0,20.5,20.5
L0MWL1GJLC,4.0,69.5,69.5,10.0,,,4,2.0,57.5,57.5,23.0,,,2.0,1.0,37.0,37.0,,,,2.0,20.5,12.0
L0MWL1GKLA,4.0,76.5,81.0,11.5,,,9,2.0,59.0,59.0,16.5,,,4.0,1.0,37.0,37.0,,,,2.0,22.0,17.5
L0MWL1GKLB,4.0,77.0,76.0,13.0,,,7,2.0,59.0,59.0,16.5,,,4.0,1.0,37.0,37.0,,,,2.0,22.0,18.0
L0MWL1GKLC,4.0,79.5,73.5,13.75,,,9,2.0,59.0,59.0,16.5,,,4.0,1.0,37.0,37.0,,,,2.0,22.0,20.5
L0MWL1GLLA,4.0,73.5,70.5,12.4,,,12,2.0,61.0,61.0,17.5,,,4.0,1.0,37.0,37.0,,,,2.0,24.0,12.5
L0MWL1GLLB,4.0,79.5,68.0,12.428571428571429,,,13,2.0,61.0,61.0,17.5,,,4.0,1.0,37.0,37.0,,,,2.0,24.0,18.5
L0MWL1GLLC,4.0,66.5,69.0,13.125,,,8,2.0,61.0,61.0,17.5,,,4.0,1.0,37.0,37.0,,,,2.0,24.0,5.5
L0MWL1GMLC,4.0,72.5,69.5,14.9,,,12,2.0,65.5,65.5,16.0,,,4.0,1.0,37.0,37.0,,,,2.0,28.5,7.0
L0MWL1GMLE,4.0,63.0,58.0,19.833333333333332,,,10,2.0,65.5,65.5,16.0,,,4.0,1.0,37.0,37.0,,,,2.0,28.5,-2.5
L0MWL1GMLF,4.0,57.0,59.5,22.166666666666668,,,7,2.0,65.5,65.5,16.0,,,4.0,1.0,37.0,37.0,,,,2.0,28.5,-8.5
L0MWL1GNLA,4.0,76.5,67.5,14.0,,,7,2.0,45.5,64.5,15.833333333333334,,,8.0,1.0,37.0,37.0,,,,2.0,8.5,31.0
L0MWL1GNLB,4.0,79.5,67.0,14.5,,,10,2.0,45.5,64.5,15.833333333333334,,,8.0,1.0,37.0,37.0,,,,2.0,8.5,34.0
L0MWL1GPLA,4.0,71.5,69.5,15.8,,,14,2.0,61.5,61.5,22.5,,,4.0,1.0,37.0,37.0,,,,2.0,24.5,10.0
L0MWL1GPLB,4.0,67.0,83.5,13.333333333333334,,,13,2.0,61.5,61.5,22.5,,,4.0,1.0,37.0,37.0,,,,2.0,24.5,5.5
L0MWL1GQLA,4.0,64.0,49.5,18.666666666666668,,,7,2.0,52.5,71.0,12.25,,,3.0,1.0,37.0,37.0,,,,2.0,15.5,11.5
L0MWL1GQLB,4.0,67.0,47.0,14.25,,,5,2.0,52.5,71.0,12.25,,,3.0,1.0,37.0,37.0,,,,2.0,15.5,14.5
L0MWL1GQLC,4.0,71.0,62.0,12.833333333333334,,,9,2.0,52.5,71.0,12.25,,,3.0,1.0,37.0,37.0,,,,2.0,15.5,18.5
L0MWL1GRLA,4.0,74.0,70.5,14.2,,,12,2.0,44.0,45.5,22.25,,,3.0,1.0,37.0,37.0,,,,2.0,7.0,30.0
L0MWL1GRLB,4.0,75.5,60.25,15.25,,,5,2.0,44.0,45.5,22.25,,,3.0,1.0,37.0,37.0,,,,2.0,7.0,31.5
L0MWL1GRLD,4.0,64.0,64.0,20.5,,,8,2.0,44.0,45.5,22.25,,,3.0,1.0,37.0,37.0,,,,2.0,7.0,20.0
L0NXB1NVLA,4.0,70.0,70.0,20.5,,,6,2.0,54.5,54.5,21.0,,,4.0,1.0,24.33,29.0,53.5,,,19.0,30.17,15.5
L0NXB1NVLB,4.0,69.5,69.5,18.5,,,8,2.0,54.5,54.5,21.0,,,4.0,1.0,24.33,29.0,53.5,,,19.0,30.17,15.0
L0NXB1NVLC,4.0,65.5,64.0,23.166666666666668,,,9,2.0,54.5,54.5,21.0,,,4.0,1.0,24.33,29.0,53.5,,,19.0,30.17,11.0
L0NXB1NWLA,4.0,56.0,70.0,21.2,,,12,2.0,57.5,57.5,22.0,,,4.0,1.0,24.33,29.0,53.5,,,19.0,33.17,-1.5
L0NXB1NWLB,4.0,61.0,61.5,24.0,,,10,2.0,57.5,57.5,22.0,,,4.0,1.0,24.33,29.0,53.5,,,19.0,33.17,3.5
L0NXB1PGLA,4.0,70.5,75.0,17.0,,,11,2.0,61.0,61.0,27.5,,,4.0,1.0,24.33,29.0,53.5,,,19.0,36.67,9.5
L0NZL1KHLA,4.0,53.0,57.5,26.0,,,14,2.0,33.0,33.0,33.5,,,2.0,1.0,15.5,18.0,61.203947368421055,,,156.0,17.5,20.0
L0NZL1KHLB,4.0,73.0,45.5,31.0,,,10,2.0,33.0,33.0,33.5,,,2.0,1.0,15.5,18.0,61.203947368421055,,,156.0,17.5,40.0
L0NZL1KHLC,4.0,60.0,44.0,29.583333333333332,,,9,2.0,33.0,33.0,33.5,,,2.0,1.0,15.5,18.0,61.203947368421055,,,156.0,17.5,27.0
L0NZL1KJLA,4.0,61.0,51.5,23.5,,,7,2.0,44.0,44.0,34.5,,,4.0,1.0,15.5,18.0,61.203947368421055,,,156.0,28.5,17.0
L0NZL1KJLB,4.0,41.5,41.5,31.5,,,6,2.0,44.0,44.0,34.5,,,4.0,1.0,15.5,18.0,61.203947368421055,,,156.0,28.5,-2.5
L0NZL1KJLC,4.0,65.0,64.0,16.0,,,7,2.0,44.0,44.0,34.5,,,4.0,1.0,15.5,18.0,61.203947368421055,,,156.0,28.5,21.0
L0NZL1KKLA,4.0,53.0,45.5,27.75,,,11,2.0,35.5,35.5,26.5,,,4.0,1.0,15.5,18.0,61.203947368421055,,,156.0,20.0,17.5
L0NZL1KKLB,4.0,53.0,48.0,24.875,,,11,2.0,35.5,35.5,26.5,,,4.0,1.0,15.5,18.0,61.203947368421055,,,156.0,20.0,17.5
L0NZL1KMLA,4.0,,61.5,19.0,,,4,2.0,40.0,62.5,19.916666666666668,,,9.0,1.0,15.5,18.0,61.203947368421055,,,156.0,24.5,
L0NZL1KMLB,4.0,,53.5,21.0,,,4,2.0,40.0,62.5,19.916666666666668,,,9.0,1.0,15.5,18.0,61.203947368421055,,,156.0,24.5,
L0NZL1MALA,4.0,,60.5,21.75,,,4,2.0,58.0,66.0,20.75,,,4.0,1.0,15.5,18.0,61.203947368421055,,,156.0,42.5,
L0NZL1MALB,4.0,73.5,61.0,19.7,,,8,2.0,58.0,66.0,20.75,,,4.0,1.0,15.5,18.0,61.203947368421055,,,156.0,42.5,15.5
L0NZL1MBLA,4.0,,65.5,17.0,,,4,2.0,47.0,71.0,23.5,,,4.0,1.0,15.5,18.0,61.203947368421055,,,156.0,31.5,
L0NZL1MBLB,4.0,,64.0,18.0,,,4,2.0,47.0,71.0,23.5,,,4.0,1.0,15.5,18.0,61.203947368421055,,,156.0,31.5,
L0NZL1MBLC,4.0,,59.5,19.0,,,4,2.0,47.0,71.0,23.5,,,4.0,1.0,15.5,18.0,61.203947368421055,,,156.0,31.5,
L0NZL1MCLA,4.0,,64.0,11.0,,,4,2.0,56.5,63.0,21.666666666666668,,,6.0,1.0,15.5,18.0,61.203947368421055,,,156.0,41.0,
L0NZL1MCLB,4.0,70.5,73.5,14.3,,,8,2.0,56.5,63.0,21.666666666666668,,,6.0,1.0,15.5,18.0,61.203947368421055,,,156.0,41.0,14.0
L0NZL1MELA,4.0,,59.5,14.5,,,4,2.0,63.5,63.0,21.0,,,6.0,1.0,15.5,18.0,61.203947368421055,,,156.0,48.0,
L0NZL1MELB,4.0,73.5,66.5,15.875,,,12,2.0,63.5,63.0,21.0,,,6.0,1.0,15.5,18.0,61.203947368421055,,,156.0,48.0,10.0
L0NZL1MFLA,4.0,,54.0,17.5,,,4,2.0,54.5,74.0,21.75,,,4.0,1.0,15.5,18.0,61.203947368421055,,,156.0,39.0,
L0NZL1MFLC,4.0,70.5,61.5,16.8,,,16,2.0,54.5,74.0,21.75,,,4.0,1.0,15.5,18.0,61.203947368421055,,,156.0,39.0,16.0
L0NZL1MFLE,4.0,,63.0,14.25,,,4,2.0,54.5,74.0,21.75,,,4.0,1.0,15.5,18.0,61.203947368421055,,,156.0,39.0,
L0NZL1MGLA,4.0,,59.0,10.75,,,3,2.0,57.0,60.5,20.333333333333332,,,6.0,1.0,15.5,18.0,61.203947368421055,,,156.0,41.5,
L0NZL1MGLB,4.0,60.5,61.0,16.666666666666668,,,10,2.0,57.0,60.5,20.333333333333332,,,6.0,1.0,15.5,18.0,61.203947368421055,,,156.0,41.5,3.5
L0NZL1MGLC,4.0,,62.5,20.75,,,6,2.0,57.0,60.5,20.333333333333332,,,6.0,1.0,15.5,18.0,61.203947368421055,,,156.0,41.5,
L0NZL1MGLD,4.0,,66.0,16.0,,,4,2.0,57.0,60.5,20.333333333333332,,,6.0,1.0,15.5,18.0,61.203947368421055,,,156.0,41.5,
L0PCL1KALA,4.0,84.0,66.5,11.0,,,7,2.0,53.0,53.0,25.0,,,2.0,1.0,42.0,38.0,39.666666666666664,,,16.0,11.0,31.0
L0PCL1KALB,4.0,71.5,71.5,11.5,,,4,2.0,53.0,53.0,25.0,,,2.0,1.0,42.0,38.0,39.666666666666664,,,16.0,11.0,18.5
L0PCL1KBLA,4.0,64.5,47.0,13.5,,,8,2.0,40.0,40.0,29.5,,,4.0,1.0,42.0,38.0,39.666666666666664,,,16.0,-2.0,24.5
L0PCL1KBLB,4.0,59.0,59.0,14.0,,,6,2.0,40.0,40.0,29.5,,,4.0,1.0,42.0,38.0,39.666666666666664,,,16.0,-2.0,19.0
L0PCL1KCLA,4.0,76.5,75.0,11.833333333333334,,,9,2.0,47.0,47.0,30.0,,,4.0,1.0,42.0,38.0,39.666666666666664,,,16.0,5.0,29.5
L0PCL1KCLB,4.0,65.0,74.0,12.166666666666666,,,13,2.0,47.0,47.0,30.0,,,4.0,1.0,42.0,38.0,39.666666666666664,,,16.0,5.0,18.0
L0PCL1KCLC,4.0,74.5,80.0,9.0,,,7,2.0,47.0,47.0,30.0,,,4.0,1.0,42.0,38.0,39.666666666666664,,,16.0,5.0,27.5
L0PCL1KDLA,4.0,73.0,67.5,14.333333333333334,,,11,2.0,41.0,41.0,30.5,,,2.0,1.0,42.0,38.0,39.666666666666664,,,16.0,-1.0,32.0
L0PCL1KDLB,4.0,76.5,63.5,12.1,,,15,2.0,41.0,41.0,30.5,,,2.0,1.0,42.0,38.0,39.666666666666664,,,16.0,-1.0,35.5
L0PCL1KELB,4.0,66.5,66.5,16.0,,,8,2.0,40.5,40.5,27.5,,,2.0,1.0,42.0,38.0,39.666666666666664,,,16.0,-1.5,26.0
L0PCL1KELC,4.0,68.0,57.0,18.5,,,10,2.0,40.5,40.5,27.5,,,2.0,1.0,42.0,38.0,39.666666666666664,,,16.0,-1.5,27.5
L0PCL1KELD,4.0,52.0,52.0,14.0,,,6,2.0,40.5,40.5,27.5,,,2.0,1.0,42.0,38.0,39.666666666666664,,,16.0,-1.5,11.5
L0PCL1KFLA,4.0,85.5,60.0,14.277777777777779,,,18,2.0,29.0,29.0,27.5,,,4.0,1.0,42.0,38.0,39.666666666666664,,,16.0,-13.0,56.5
L0PCL1KFLB,4.0,75.5,68.5,13.166666666666666,,,9,2.0,29.0,29.0,27.5,,,4.0,1.0,42.0,38.0,39.666666666666664,,,16.0,-13.0,46.5
L0PCL1KGLA,4.0,52.0,52.0,21.0,,,6,2.0,37.5,37.5,33.5,,,4.0,1.0,42.0,38.0,39.666666666666664,,,16.0,-4.5,14.5
L0PCL1KGLB,4.0,68.5,74.5,16.833333333333332,,,9,2.0,37.5,37.5,33.5,,,4.0,1.0,42.0,38.0,39.666666666666664,,,16.0,-4.5,31.0
L0PNL1EJLA,4.0,73.5,67.0,14.714285714285714,,,11,2.0,73.5,73.5,14.0,,,4.0,1.0,29.0,38.0,34.33714285714286,,,30.0,44.5,0.0
L0PNL1EJLB,4.0,74.5,74.5,16.75,,,4,2.0,73.5,73.5,14.0,,,4.0,1.0,29.0,38.0,34.33714285714286,,,30.0,44.5,1.0
L0PNL1EJLC,4.0,72.0,64.0,16.136363636363637,,,17,2.0,73.5,73.5,14.0,,,4.0,1.0,29.0,38.0,34.33714285714286,,,30.0,44.5,-1.5
L0PNL1EJLD,4.0,72.0,69.0,15.0,,,7,2.0,73.5,73.5,14.0,,,4.0,1.0,29.0,38.0,34.33714285714286,,,30.0,44.5,-1.5
L0PNL1EKLA,4.0,71.0,63.5,23.75,,,7,2.0,68.0,68.0,15.5,,,4.0,1.0,29.0,38.0,34.33714285714286,,,30.0,39.0,3.0
L0PNL1EKLB,4.0,76.0,71.0,16.8125,,,39,2.0,68.0,68.0,15.5,,,4.0,1.0,29.0,38.0,34.33714285714286,,,30.0,39.0,8.0
L0PNL1EKLC,4.0,76.5,33.0,19.8125,,,30,2.0,68.0,68.0,15.5,,,4.0,1.0,29.0,38.0,34.33714285714286,,,30.0,39.0,8.5
L0PNL1ELLA,4.0,73.0,50.0,16.2,,,8,2.0,68.0,68.0,15.0,,,4.0,1.0,29.0,38.0,34.33714285714286,,,30.0,39.0,5.0
L0PNL1ELLB,4.0,74.0,70.5,19.625,,,10,2.0,68.0,68.0,15.0,,,4.0,1.0,29.0,38.0,34.33714285714286,,,30.0,39.0,6.0
L0PNL1EMLA,4.0,74.5,74.5,16.25,,,7,2.0,54.5,54.5,21.0,,,2.0,1.0,29.0,38.0,34.33714285714286,,,30.0,25.5,20.0
L0PNL1EMLB,4.0,75.5,72.0,15.125,,,7,2.0,54.5,54.5,21.0,,,2.0,1.0,29.0,38.0,34.33714285714286,,,30.0,25.5,21.0
L0PNL1ENLA,4.0,76.0,62.0,18.8,,,9,2.0,64.0,64.0,20.5,,,2.0,1.0,29.0,38.0,34.33714285714286,,,30.0,35.0,12.0
L0PNL1ENLB,4.0,81.0,81.0,20.75,,,8,2.0,64.0,64.0,20.5,,,2.0,1.0,29.0,38.0,34.33714285714286,,,30.0,35.0,17.0
L0PNL1EPLA,4.0,73.0,73.0,18.666666666666668,,,6,2.0,69.0,69.0,17.5,,,4.0,1.0,29.0,38.0,34.33714285714286,,,30.0,40.0,4.0
L0PNL1EPLB,4.0,82.5,82.5,16.5,,,8,2.0,69.0,69.0,17.5,,,4.0,1.0,29.0,38.0,34.33714285714286,,,30.0,40.0,13.5
L0PNL1EQLA,4.0,63.0,57.25,16.45,,,9,2.0,54.5,54.5,23.5,,,4.0,1.0,29.0,38.0,34.33714285714286,,,30.0,25.5,8.5
L0PNL1EQLB,4.0,74.5,74.5,16.75,,,4,2.0,54.5,54.5,23.5,,,4.0,1.0,29.0,38.0,34.33714285714286,,,30.0,25.5,20.0
L0PNL1FDLA,4.0,65.0,65.0,17.833333333333332,,,12,2.0,67.0,67.0,11.5,,,2.0,1.0,29.0,38.0,34.33714285714286,,,30.0,38.0,-2.0
L0PQL2ABLC,4.0,,63.5,13.0,,,2,2.0,81.0,65.0,13.95,,,15.0,1.0,30.0,70.33,26.791666666666668,,,31.0,51.0,
L0PQL2ABLD,4.0,,74.5,11.0,,,4,2.0,81.0,65.0,13.95,,,15.0,1.0,30.0,70.33,26.791666666666668,,,31.0,51.0,
L0PQL2ABLE,4.0,,64.5,15.0,,,2,2.0,81.0,65.0,13.95,,,15.0,1.0,30.0,70.33,26.791666666666668,,,31.0,51.0,
L0PQL2ABLF,4.0,,68.0,13.0,,,2,2.0,81.0,65.0,13.95,,,15.0,1.0,30.0,70.33,26.791666666666668,,,31.0,51.0,
L0PQL2ACLA,4.0,82.0,79.0,12.0,,,7,2.0,72.5,72.5,15.0,,,4.0,1.0,30.0,70.33,26.791666666666668,,,31.0,42.5,9.5
L0PQL2ACLB,4.0,82.5,79.0,10.357142857142858,,,12,2.0,72.5,72.5,15.0,,,4.0,1.0,30.0,70.33,26.791666666666668,,,31.0,42.5,10.0
L0PQL2ACLC,4.0,,80.0,14.0,,,2,2.0,72.5,72.5,15.0,,,4.0,1.0,30.0,70.33,26.791666666666668,,,31.0,42.5,
L0PQL2ADLA,4.0,,72.5,15.5,,,2,2.0,74.0,74.0,9.5,,,2.0,1.0,30.0,70.33,26.791666666666668,,,31.0,44.0,
L0PQL2ADLB,4.0,76.5,81.0,8.666666666666666,,,10,2.0,74.0,74.0,9.5,,,2.0,1.0,30.0,70.33,26.791666666666668,,,31.0,44.0,2.5
L0PQL2ADLC,4.0,,69.5,9.5,,,4,2.0,74.0,74.0,9.5,,,2.0,1.0,30.0,70.33,26.791666666666668,,,31.0,44.0,
L0PQL2AELA,4.0,83.5,79.0,10.666666666666666,,,5,2.0,64.5,64.5,20.0,,,4.0,1.0,30.0,70.33,26.791666666666668,,,31.0,34.5,19.0
L0PQL2AELB,4.0,79.5,72.0,13.0,,,10,2.0,64.5,64.5,20.0,,,4.0,1.0,30.0,70.33,26.791666666666668,,,31.0,34.5,15.0
L0PQL2AELC,4.0,,67.0,14.0,,,4,2.0,64.5,64.5,20.0,,,4.0,1.0,30.0,70.33,26.791666666666668,,,31.0,34.5,
L0PQL2AFLA,4.0,,67.5,15.75,,,6,2.0,71.0,69.5,12.38888888888889,,,13.0,1.0,30.0,70.33,26.791666666666668,,,31.0,41.0,
L0PQL2AFLB,4.0,,72.5,18.0,,,2,2.0,71.0,69.5,12.38888888888889,,,13.0,1.0,30.0,70.33,26.791666666666668,,,31.0,41.0,
L0QWL1GULA,4.0,74.5,74.5,11.5,,,8,2.0,15.5,33.0,32.0,,,3.0,1.0,11.0,6.0,72.75,,,12.0,4.5,59.0
L0QWL1GULB,4.0,65.5,65.5,22.5,,,8,2.0,15.5,33.0,32.0,,,3.0,1.0,11.0,6.0,72.75,,,12.0,4.5,50.0
L0QWL1GVLA,4.0,75.0,75.0,14.75,,,14,2.0,22.5,26.0,27.75,,,6.0,1.0,11.0,6.0,72.75,,,12.0,11.5,52.5
L0QWL1GWLA,4.0,,65.0,,,,6,2.0,26.0,29.0,23.75,,,6.0,1.0,11.0,6.0,72.75,,,12.0,15.0,
L0RDB1MMLA,4.0,89.5,89.5,7.5,,,6,2.0,66.5,66.5,16.0,,,2.0,1.0,37.0,27.0,32.875,,,9.0,29.5,23.0
L0RDB1MMLB,4.0,89.0,87.0,7.5,,,7,2.0,66.5,66.5,16.0,,,2.0,1.0,37.0,27.0,32.875,,,9.0,29.5,22.5
L0RDB1MMLC,4.0,,81.0,,,,4,2.0,66.5,66.5,16.0,,,2.0,1.0,37.0,27.0,32.875,,,9.0,29.5,
L0RDB1MMLD,4.0,89.5,89.5,6.5,,,4,2.0,66.5,66.5,16.0,,,2.0,1.0,37.0,27.0,32.875,,,9.0,29.5,23.0
L0RDB1MMLE,4.0,88.5,79.0,8.5,,,8,2.0,66.5,66.5,16.0,,,2.0,1.0,37.0,27.0,32.875,,,9.0,29.5,22.0
L0RDB1MNLA,4.0,85.5,89.0,8.666666666666666,,,7,2.0,55.5,55.5,25.0,,,4.0,1.0,37.0,27.0,32.875,,,9.0,18.5,30.0
L0RDB1MNLB,4.0,87.5,70.0,12.5,,,10,2.0,55.5,55.5,25.0,,,4.0,1.0,37.0,27.0,32.875,,,9.0,18.5,32.0
L0RGB1PALA,4.0,71.0,61.0,19.333333333333332,,,10,2.0,51.5,63.0,23.0,,,7.0,1.0,15.0,25.0,65.25,,,12.0,36.5,19.5
L0RGB1PALB,4.0,71.5,67.5,18.333333333333332,,,10,2.0,51.5,63.0,23.0,,,7.0,1.0,15.0,25.0,65.25,,,12.0,36.5,20.0
L0RGB1PALC,4.0,71.0,65.5,19.166666666666668,,,18,2.0,51.5,63.0,23.0,,,7.0,1.0,15.0,25.0,65.25,,,12.0,36.5,19.5
L0RPB1MOLA,4.0,83.0,67.0,13.75,,,8,2.0,47.5,35.5,15.0,,,3.0,1.0,18.0,18.0,43.875,,,18.0,29.5,35.5
L0RPB1MOLB,4.0,,87.0,,,,4,2.0,47.5,35.5,15.0,,,3.0,1.0,18.0,18.0,43.875,,,18.0,29.5,
L0RPB1MOLC,4.0,86.5,73.0,9.25,,,6,2.0,47.5,35.5,15.0,,,3.0,1.0,18.0,18.0,43.875,,,18.0,29.5,39.0
L0RPB1MPEA,4.0,83.0,83.0,8.5,,,6,2.0,51.0,53.5,15.75,,,6.0,1.0,18.0,18.0,43.875,,,18.0,33.0,32.0
L0RPB1MPLA,4.0,35.0,35.0,15.0,,,8,2.0,51.0,53.5,15.75,,,6.0,1.0,18.0,18.0,43.875,,,18.0,33.0,-16.0
L0RPB1MPLB,4.0,69.5,69.5,16.0,,,6,2.0,51.0,53.5,15.75,,,6.0,1.0,18.0,18.0,43.875,,,18.0,33.0,18.5
L0TFL1GXLD,4.0,48.0,41.5,26.0,,,12,2.0,15.0,28.5,31.25,,,6.0,1.0,9.0,22.0,51.5,,,7.0,6.0,33.0
L0TFL1GXLF,4.0,40.0,40.0,25.0,,,11,2.0,15.0,28.5,31.25,,,6.0,1.0,9.0,22.0,51.5,,,7.0,6.0,25.0
L0TFL1GXLJ,4.0,52.5,52.5,20.5,,,11,2.0,15.0,28.5,31.25,,,6.0,1.0,9.0,22.0,51.5,,,7.0,6.0,37.5
L0TFL1GYLA,4.0,57.5,57.5,17.0,,,8,2.0,21.0,31.5,25.25,,,6.0,1.0,9.0,22.0,51.5,,,7.0,12.0,36.5
L0TGL1HQLA,4.0,36.5,46.5,15.0,,,7,2.0,44.0,44.0,33.5,,,4.0,1.0,19.0,25.0,49.78,,,52.0,25.0,-7.5
L0TGL1HQLB,4.0,58.0,37.0,17.166666666666668,,,7,2.0,44.0,44.0,33.5,,,4.0,1.0,19.0,25.0,49.78,,,52.0,25.0,14.0
L0TGL1HQLC,4.0,74.0,53.5,14.333333333333334,,,9,2.0,44.0,44.0,33.5,,,4.0,1.0,19.0,25.0,49.78,,,52.0,25.0,30.0
L0TGL1HQLD,4.0,72.0,35.5,14.333333333333334,,,7,2.0,44.0,44.0,33.5,,,4.0,1.0,19.0,25.0,49.78,,,52.0,25.0,28.0
L0TGL1HRLA,4.0,,69.0,12.0,,,4,2.0,39.0,68.5,19.75,,,6.0,1.0,19.0,25.0,49.78,,,52.0,20.0,
L0TGL1HRLB,4.0,79.5,75.0,11.666666666666666,,,10,2.0,39.0,68.5,19.75,,,6.0,1.0,19.0,25.0,49.78,,,52.0,20.0,40.5
L0TGL1HRLC,4.0,,60.0,17.5,,,4,2.0,39.0,68.5,19.75,,,6.0,1.0,19.0,25.0,49.78,,,52.0,20.0,
L0TGL1HRLD,4.0,,64.0,15.0,,,4,2.0,39.0,68.5,19.75,,,6.0,1.0,19.0,25.0,49.78,,,52.0,20.0,
L0TGL1HSLA,4.0,76.0,52.5,12.625,,,8,2.0,40.5,40.5,24.5,,,4.0,1.0,19.0,25.0,49.78,,,52.0,21.5,35.5
L0TGL1HSLB,4.0,67.5,58.5,15.375,,,7,2.0,40.5,40.5,24.5,,,4.0,1.0,19.0,25.0,49.78,,,52.0,21.5,27.0
L0TGL1HSLC,4.0,73.0,50.0,13.166666666666666,,,7,2.0,40.5,40.5,24.5,,,4.0,1.0,19.0,25.0,49.78,,,52.0,21.5,32.5
L0TGL1HTLA,4.0,65.5,50.0,15.375,,,12,2.0,26.0,26.0,40.0,,,4.0,1.0,19.0,25.0,49.78,,,52.0,7.0,39.5
L0TGL1HULA,4.0,77.5,50.25,20.416666666666668,,,7,2.0,43.5,43.5,26.5,,,4.0,1.0,19.0,25.0,49.78,,,52.0,24.5,34.0
L0TGL1HULB,4.0,45.5,45.5,22.5,,,4,2.0,43.5,43.5,26.5,,,4.0,1.0,19.0,25.0,49.78,,,52.0,24.5,2.0
L0TGL1HULC,4.0,70.0,31.0,23.5,,,8,2.0,43.5,43.5,26.5,,,4.0,1.0,19.0,25.0,49.78,,,52.0,24.5,26.5
L0TGL1HVLA,4.0,80.0,42.5,13.25,,,10,2.0,33.0,33.0,36.5,,,2.0,1.0,19.0,25.0,49.78,,,52.0,14.0,47.0
L0TGL1HVLB,4.0,84.0,65.5,10.666666666666666,,,11,2.0,33.0,33.0,36.5,,,2.0,1.0,19.0,25.0,49.78,,,52.0,14.0,51.0
L0TGL1HVLC,4.0,78.0,54.0,12.75,,,9,2.0,33.0,33.0,36.5,,,2.0,1.0,19.0,25.0,49.78,,,52.0,14.0,45.0
L0TGL1HWLA,4.0,79.5,55.0,13.75,,,8,2.0,38.0,38.0,21.5,,,2.0,1.0,19.0,25.0,49.78,,,52.0,19.0,41.5
L0TGL1HWLB,4.0,39.5,51.0,12.75,,,7,2.0,38.0,38.0,21.5,,,2.0,1.0,19.0,25.0,49.78,,,52.0,19.0,1.5
L0TGL1HXLA,4.0,68.0,50.0,14.75,,,10,2.0,26.5,26.5,42.5,,,2.0,1.0,19.0,25.0,49.78,,,52.0,7.5,41.5
L0TGL1HXLB,4.0,85.5,68.0,10.5,,,8,2.0,26.5,26.5,42.5,,,2.0,1.0,19.0,25.0,49.78,,,52.0,7.5,59.0
L0TGL1HXLC,4.0,67.5,50.25,17.0,,,9,2.0,26.5,26.5,42.5,,,2.0,1.0,19.0,25.0,49.78,,,52.0,7.5,41.0
L0TGL1HYLA,4.0,73.5,78.5,12.85,,,10,2.0,19.0,19.0,38.5,,,2.0,1.0,19.0,25.0,49.78,,,52.0,0.0,54.5
L0TGL1HYLB,4.0,78.0,41.5,12.333333333333334,,,11,2.0,19.0,19.0,38.5,,,2.0,1.0,19.0,25.0,49.78,,,52.0,0.0,59.0
L0TGL1HYLC,4.0,75.0,55.0,14.833333333333334,,,11,2.0,19.0,19.0,38.5,,,2.0,1.0,19.0,25.0,49.78,,,52.0,0.0,56.0
L0TGL1HZLA,4.0,71.0,61.5,14.5,,,7,2.0,24.5,24.5,44.0,,,4.0,1.0,19.0,25.0,49.78,,,52.0,5.5,46.5
L0TGL1HZLB,4.0,65.5,62.75,20.125,,,7,2.0,24.5,24.5,44.0,,,4.0,1.0,19.0,25.0,49.78,,,52.0,5.5,41.0
L0TGL1HZLC,4.0,75.5,66.5,12.25,,,9,2.0,24.5,24.5,44.0,,,4.0,1.0,19.0,25.0,49.78,,,52.0,5.5,51.0
L0TGL1JALA,4.0,45.5,45.5,19.0,,,4,2.0,33.5,33.5,15.5,,,8.0,1.0,10.783333333333333,51.82033333333333,58.63392857142857,,,120.0,22.71666666666667,12.0
L0TGL1JALB,4.0,73.5,63.5,14.166666666666666,,,9,2.0,44.5,44.5,23.5,,,4.0,1.0,19.0,25.0,49.78,,,52.0,25.5,29.0
L0TGL1JALC,4.0,79.5,66.5,11.125,,,10,2.0,44.5,44.5,23.5,,,4.0,1.0,19.0,25.0,49.78,,,52.0,25.5,35.0
L0TGL1JALD,4.0,69.5,51.5,12.75,,,8,2.0,44.5,44.5,23.5,,,4.0,1.0,19.0,25.0,49.78,,,52.0,25.5,25.0
L0TGL1JXLA,4.0,81.5,70.0,12.666666666666666,,,7,2.0,49.5,49.5,25.5,,,4.0,1.0,19.0,25.0,49.78,,,52.0,30.5,32.0
L0TGL1JXLB,4.0,82.5,69.0,11.0,,,10,2.0,49.5,49.5,25.5,,,4.0,1.0,19.0,25.0,49.78,,,52.0,30.5,33.0
L0TGL1JXLC,4.0,70.0,56.0,16.25,,,7,2.0,49.5,49.5,25.5,,,4.0,1.0,19.0,25.0,49.78,,,52.0,30.5,20.5
L0TGL1JYLA,4.0,72.5,76.5,14.05,,,11,2.0,50.5,50.5,26.0,,,4.0,1.0,19.0,25.0,49.78,,,52.0,31.5,22.0
L0TGL1JYLB,4.0,74.5,62.5,12.0,,,10,2.0,50.5,50.5,26.0,,,4.0,1.0,19.0,25.0,49.78,,,52.0,31.5,24.0
L0TGL1JYLC,4.0,80.5,51.67,15.166666666666666,,,5,2.0,50.5,50.5,26.0,,,4.0,1.0,19.0,25.0,49.78,,,52.0,31.5,30.0
L0TGL1JZLB,4.0,76.0,63.0,15.25,,,13,2.0,57.5,57.5,18.0,,,4.0,1.0,19.0,25.0,49.78,,,52.0,38.5,18.5
L0TLH1UDLA,4.0,74.5,60.5,17.083333333333332,,,9,2.0,62.5,62.5,19.0,,,2.0,1.0,24.88,21.0,50.421052631578945,,,39.0,37.620000000000005,12.0
L0TLH1UDLB,4.0,73.0,79.5,14.75,,,7,2.0,62.5,62.5,19.0,,,2.0,1.0,24.88,21.0,50.421052631578945,,,39.0,37.620000000000005,10.5
L0TLH1UELA,4.0,70.5,67.5,17.833333333333332,,,9,2.0,43.5,40.0,21.25,,,6.0,1.0,24.88,21.0,50.421052631578945,,,39.0,18.62,27.0
L0TLH1UELB,4.0,68.5,72.5,17.666666666666668,,,9,2.0,43.5,40.0,21.25,,,6.0,1.0,24.88,21.0,50.421052631578945,,,39.0,18.62,25.0
L0TLH1UFLA,4.0,65.0,24.0,20.0,,,15,2.0,47.5,47.5,22.0,,,2.0,1.0,24.88,21.0,50.421052631578945,,,39.0,22.62,17.5
L0TLH1UFLC,4.0,69.5,69.0,16.75,,,8,2.0,47.5,47.5,22.0,,,2.0,1.0,24.88,21.0,50.421052631578945,,,39.0,22.62,22.0
L0TLH1UGLA,4.0,63.0,74.5,16.4,,,19,2.0,67.0,67.0,12.0,,,4.0,1.0,24.88,21.0,50.421052631578945,,,39.0,42.120000000000005,-4.0
L0TLH1UGLB,4.0,65.0,56.0,23.833333333333332,,,13,2.0,67.0,67.0,12.0,,,4.0,1.0,24.88,21.0,50.421052631578945,,,39.0,42.120000000000005,-2.0
L0TLH1UGLC,4.0,70.5,70.0,15.5,,,9,2.0,67.0,67.0,12.0,,,4.0,1.0,24.88,21.0,50.421052631578945,,,39.0,42.120000000000005,3.5
L0TLH1UHLA,4.0,73.5,63.0,16.833333333333332,,,7,2.0,64.0,64.0,13.5,,,4.0,1.0,24.88,21.0,50.421052631578945,,,39.0,39.120000000000005,9.5
L0UJB2LBLA,4.0,,63.0,23.5,,,2,2.0,62.0,66.0,14.833333333333334,,,12.0,1.0,9.5,54.0,67.10526315789474,,,87.0,52.5,
L0UJB2LBLB,4.0,,63.0,20.5,,,4,2.0,62.0,66.0,14.833333333333334,,,12.0,1.0,9.5,54.0,67.10526315789474,,,87.0,52.5,
L0UJB2LCLA,4.0,,67.0,24.5,,,4,2.0,67.5,65.5,12.25,,,3.0,1.0,9.5,54.0,67.10526315789474,,,87.0,58.0,
L0UJB2LCLB,4.0,,63.0,22.0,,,6,2.0,67.5,65.5,12.25,,,3.0,1.0,9.5,54.0,67.10526315789474,,,87.0,58.0,
L0UJB2LCLC,4.0,,67.0,26.0,,,4,2.0,67.5,65.5,12.25,,,3.0,1.0,9.5,54.0,67.10526315789474,,,87.0,58.0,
L0UJB2LCLE,4.0,,67.5,21.0,,,4,2.0,67.5,65.5,12.25,,,3.0,1.0,9.5,54.0,67.10526315789474,,,87.0,58.0,
L0UJB2LCLF,4.0,,66.0,22.5,,,4,2.0,67.5,65.5,12.25,,,3.0,1.0,9.5,54.0,67.10526315789474,,,87.0,58.0,
L0UJB2LDLA,4.0,,71.0,18.5,,,4,2.0,61.5,61.5,12.75,,,3.0,1.0,9.5,54.0,67.10526315789474,,,87.0,52.0,
L0UJB2LDLB,4.0,,74.5,16.0,,,2,2.0,61.5,61.5,12.75,,,3.0,1.0,9.5,54.0,67.10526315789474,,,87.0,52.0,
L0UJB2LDLC,4.0,,59.5,26.0,,,2,2.0,61.5,61.5,12.75,,,3.0,1.0,9.5,54.0,67.10526315789474,,,87.0,52.0,
L0UJB2LFLA,4.0,,68.5,20.0,,,4,2.0,61.5,61.5,19.0,,,4.0,1.0,9.5,54.0,67.10526315789474,,,87.0,52.0,
L0UJB2LFLB,4.0,,61.0,25.5,,,4,2.0,61.5,61.5,19.0,,,4.0,1.0,9.5,54.0,67.10526315789474,,,87.0,52.0,
L0UJB2LJLA,4.0,,63.5,21.0,,,2,2.0,55.0,61.5,17.791666666666668,,,16.0,1.0,9.5,54.0,67.10526315789474,,,87.0,45.5,
L0UJB2LJLB,4.0,,74.5,15.5,,,2,2.0,55.0,61.5,17.791666666666668,,,16.0,1.0,9.5,54.0,67.10526315789474,,,87.0,45.5,
L0UJB2LJLC,4.0,,66.0,17.0,,,2,2.0,55.0,61.5,17.791666666666668,,,16.0,1.0,9.5,54.0,67.10526315789474,,,87.0,45.5,
L0UJB2LJLD,4.0,,61.0,22.0,,,2,2.0,55.0,61.5,17.791666666666668,,,16.0,1.0,9.5,54.0,67.10526315789474,,,87.0,45.5,
L0UJB2LJLE,4.0,,61.5,19.75,,,3,2.0,55.0,61.5,17.791666666666668,,,16.0,1.0,9.5,54.0,67.10526315789474,,,87.0,45.5,
L0UMB2LMLA,4.0,,66.25,12.75,,,2,2.0,53.5,68.0,16.833333333333332,,,8.0,1.0,7.0,56.5,59.125,,,23.0,46.5,
L0UMB2LMLB,4.0,,61.5,20.0,,,4,2.0,53.5,68.0,16.833333333333332,,,8.0,1.0,7.0,56.5,59.125,,,23.0,46.5,
L0UMB2LMLC,4.0,,63.0,21.0,,,4,2.0,53.5,68.0,16.833333333333332,,,8.0,1.0,7.0,56.5,59.125,,,23.0,46.5,
L0UMB2LMLD,4.0,,61.5,20.0,,,4,2.0,53.5,68.0,16.833333333333332,,,8.0,1.0,7.0,56.5,59.125,,,23.0,46.5,
L0UMB2LMLE,4.0,,62.5,19.0,,,2,2.0,53.5,68.0,16.833333333333332,,,8.0,1.0,7.0,56.5,59.125,,,23.0,46.5,
L0UMB2LMLF,4.0,,68.5,17.5,,,4,2.0,53.5,68.0,16.833333333333332,,,8.0,1.0,7.0,56.5,59.125,,,23.0,46.5,
L0UQL1JBLA,4.0,64.0,48.5,20.0,,,11,2.0,41.0,60.0,21.75,,,3.0,1.0,28.330000000000002,34.0,36.90909090909091,,,28.0,12.669999999999998,23.0
L0UQL1JBLB,4.0,62.0,65.0,19.5,,,11,2.0,41.0,60.0,21.75,,,3.0,1.0,28.330000000000002,34.0,36.90909090909091,,,28.0,12.669999999999998,21.0
L0UQL1JCLA,4.0,62.5,62.5,19.0,,,8,2.0,54.5,54.5,23.5,,,4.0,1.0,28.330000000000002,34.0,36.90909090909091,,,28.0,26.169999999999998,8.0
L0UQL1JCLB,4.0,57.0,64.0,15.8125,,,10,2.0,54.5,54.5,23.5,,,4.0,1.0,28.330000000000002,34.0,36.90909090909091,,,28.0,26.169999999999998,2.5
L0UQL1JDLA,4.0,72.5,59.5,19.333333333333332,,,9,2.0,54.0,54.0,26.0,,,4.0,1.0,28.330000000000002,34.0,36.90909090909091,,,28.0,25.669999999999998,18.5
L0UQL1JDLB,4.0,66.0,64.5,16.0,,,8,2.0,54.0,54.0,26.0,,,4.0,1.0,28.330000000000002,34.0,36.90909090909091,,,28.0,25.669999999999998,12.0
L0UQL1JELA,4.0,67.5,65.25,20.416666666666668,,,9,2.0,51.0,51.0,29.0,,,4.0,1.0,28.330000000000002,34.0,36.90909090909091,,,28.0,22.669999999999998,16.5
L0UQL1JELB,4.0,69.0,51.0,18.27777777777778,,,17,2.0,51.0,51.0,29.0,,,4.0,1.0,28.330000000000002,34.0,36.90909090909091,,,28.0,22.669999999999998,18.0
L0UQL1JFLA,4.0,62.0,52.5,21.666666666666668,,,7,2.0,58.5,39.0,11.75,,,3.0,1.0,28.330000000000002,34.0,36.90909090909091,,,28.0,30.169999999999998,3.5
L0UQL1JFLB,4.0,57.5,57.5,24.75,,,7,2.0,58.5,39.0,11.75,,,3.0,1.0,28.330000000000002,34.0,36.90909090909091,,,28.0,30.169999999999998,-1.0
L0UQL1JJLA,4.0,70.0,68.5,12.5,,,7,2.0,60.0,60.0,20.5,,,4.0,1.0,28.330000000000002,34.0,36.90909090909091,,,28.0,31.669999999999998,10.0
L0VFL3MULA,4.0,83.5,70.0,12.833333333333334,,,5,2.0,79.5,79.5,7.5,,,2.0,1.0,29.5,64.11,32.75351851851852,,,341.0,50.0,4.0
L0VFL3MULB,4.0,,78.5,16.5,,,2,2.0,79.5,79.5,7.5,,,2.0,1.0,29.5,64.11,32.75351851851852,,,341.0,50.0,
L0VFL3MVLA,4.0,,83.5,10.5,,,4,2.0,80.0,80.0,11.0,,,4.0,1.0,29.5,64.11,32.75351851851852,,,341.0,50.5,
L0VFL3NALA,4.0,82.5,80.0,8.625,,,7,2.0,85.5,85.5,9.0,,,2.0,1.0,29.5,64.11,32.75351851851852,,,341.0,56.0,-3.0
L0VFL3NALB,4.0,83.0,70.5,12.625,,,7,2.0,85.5,85.5,9.0,,,2.0,1.0,29.5,64.11,32.75351851851852,,,341.0,56.0,-2.5
L0VFL3NBLA,4.0,88.0,83.0,10.0,,,5,2.0,83.5,83.5,11.5,,,2.0,1.0,29.5,64.11,32.75351851851852,,,341.0,54.0,4.5
L0VFL3NBLB,4.0,82.0,88.0,11.055555555555555,,,14,2.0,83.5,83.5,11.5,,,2.0,1.0,29.5,64.11,32.75351851851852,,,341.0,54.0,-1.5
L0VFL3NCLA,4.0,,82.5,10.0,,,2,2.0,74.0,67.0,10.0,,,5.0,1.0,29.5,64.11,32.75351851851852,,,341.0,44.5,
L0VFL3NCLB,4.0,,80.5,14.0,,,4,2.0,74.0,67.0,10.0,,,5.0,1.0,29.5,64.11,32.75351851851852,,,341.0,44.5,
L0VFL3NDLA,4.0,,75.0,13.0,,,4,2.0,83.0,78.0,8.5,,,5.0,1.0,29.5,64.11,32.75351851851852,,,341.0,53.5,
L0VFL3NDLB,4.0,,82.0,11.5,,,2,2.0,83.0,78.0,8.5,,,5.0,1.0,29.5,64.11,32.75351851851852,,,341.0,53.5,
L0VFL3NELA,4.0,,84.5,11.0,,,2,2.0,76.5,76.5,12.5,,,2.0,1.0,29.5,64.11,32.75351851851852,,,341.0,47.0,
L0VFL4JALA,4.0,45.0,57.0,14.875,,,5,2.0,52.5,52.5,24.5,,,4.0,1.0,29.5,64.11,32.75351851851852,,,341.0,23.0,-7.5
L0VFL4JALB,4.0,,52.5,19.0,,,3,2.0,52.5,52.5,24.5,,,4.0,1.0,29.5,64.11,32.75351851851852,,,341.0,23.0,
L0VFL4JALC,4.0,56.5,61.0,20.0,,,5,2.0,52.5,52.5,24.5,,,4.0,1.0,29.5,64.11,32.75351851851852,,,341.0,23.0,4.0
L0VFL4JBLA,4.0,45.0,63.5,17.125,,,10,2.0,57.5,57.5,21.0,,,2.0,1.0,29.5,64.11,32.75351851851852,,,341.0,28.0,-12.5
L0VFL4JBLB,4.0,53.5,62.0,14.625,,,5,2.0,57.5,57.5,21.0,,,2.0,1.0,29.5,64.11,32.75351851851852,,,341.0,28.0,-4.0
L0VFL4JCLA,4.0,60.0,60.0,16.166666666666668,,,8,2.0,62.0,62.0,19.5,,,4.0,1.0,29.5,64.11,32.75351851851852,,,341.0,32.5,-2.0
L0VFL4JCLB,4.0,,60.0,14.5,,,4,2.0,62.0,62.0,19.5,,,4.0,1.0,29.5,64.11,32.75351851851852,,,341.0,32.5,
L0VFL4JDL1,4.0,,70.5,15.5,,,4,2.0,61.5,61.5,15.0,,,2.0,1.0,29.5,64.11,32.75351851851852,,,341.0,32.0,
L0VFL4JDL2,4.0,57.0,52.0,20.6,,,8,2.0,61.5,61.5,15.0,,,2.0,1.0,29.5,64.11,32.75351851851852,,,341.0,32.0,-4.5
L0VFL4JELA,4.0,66.5,59.5,15.5,,,10,2.0,52.0,52.0,23.0,,,2.0,1.0,29.5,64.11,32.75351851851852,,,341.0,22.5,14.5
L0VFL4JELB,4.0,,69.5,13.5,,,4,2.0,52.0,52.0,23.0,,,2.0,1.0,29.5,64.11,32.75351851851852,,,341.0,22.5,
L0VFL4JFLA,4.0,42.5,42.5,16.625,,,5,2.0,55.5,55.5,22.0,,,2.0,1.0,29.5,64.11,32.75351851851852,,,341.0,26.0,-13.0
L0VFL4JFLB,4.0,,59.5,17.0,,,4,2.0,55.5,55.5,22.0,,,2.0,1.0,29.5,64.11,32.75351851851852,,,341.0,26.0,
L0VFL4JGLA,4.0,55.5,65.0,20.375,,,5,2.0,56.5,56.5,16.5,,,2.0,1.0,29.5,64.11,32.75351851851852,,,341.0,27.0,-1.0
L0VFL4JGLB,4.0,,59.5,11.0,,,4,2.0,56.5,56.5,16.5,,,2.0,1.0,29.5,64.11,32.75351851851852,,,341.0,27.0,
L0VFL4JGLC,4.0,,65.5,16.5,,,4,2.0,56.5,56.5,16.5,,,2.0,1.0,29.5,64.11,32.75351851851852,,,341.0,27.0,
L0VFL4JHLA,4.0,,70.0,15.0,,,4,2.0,60.0,60.0,15.5,,,2.0,1.0,29.5,64.11,32.75351851851852,,,341.0,30.5,
L0VFL4VNLA,4.0,76.0,73.0,15.6875,,,12,2.0,75.0,75.0,14.5,,,4.0,1.0,29.5,64.11,32.75351851851852,,,341.0,45.5,1.0
L0VFL4VNLB,4.0,75.0,63.0,16.25,,,7,2.0,75.0,75.0,14.5,,,4.0,1.0,29.5,64.11,32.75351851851852,,,341.0,45.5,0.0
L0VFL4VNLC,4.0,,77.5,14.5,,,4,2.0,75.0,75.0,14.5,,,4.0,1.0,29.5,64.11,32.75351851851852,,,341.0,45.5,
L0VFL4VPLA,4.0,77.0,39.0,18.428571428571427,,,11,2.0,65.0,65.0,18.5,,,2.0,1.0,29.5,64.11,32.75351851851852,,,341.0,35.5,12.0
L0VFL4VPLB,4.0,76.0,69.5,17.0,,,5,2.0,65.0,65.0,18.5,,,2.0,1.0,29.5,64.11,32.75351851851852,,,341.0,35.5,11.0
L0VFL4VRLA,4.0,41.5,37.0,12.3,,,8,2.0,52.5,65.5,8.25,,,12.0,1.0,29.5,64.11,32.75351851851852,,,341.0,23.0,-11.0
L0VFL4VRLB,4.0,,70.0,14.5,,,3,2.0,52.5,65.5,8.25,,,12.0,1.0,29.5,64.11,32.75351851851852,,,341.0,23.0,
L0VFL4VRLC,4.0,58.0,44.5,15.75,,,6,2.0,52.5,65.5,8.25,,,12.0,1.0,29.5,64.11,32.75351851851852,,,341.0,23.0,5.5
L0VFL4VSEA,4.0,,64.5,21.5,,,2,2.0,62.0,67.0,10.6,,,8.0,1.0,29.5,64.11,32.75351851851852,,,341.0,32.5,
L0VFL4VSLA,4.0,52.5,24.0,15.333333333333334,,,5,2.0,62.0,67.0,10.6,,,8.0,1.0,29.5,64.11,32.75351851851852,,,341.0,32.5,-9.5
L0VFL4VSLB,4.0,66.0,26.5,14.6,,,8,2.0,62.0,67.0,10.6,,,8.0,1.0,29.5,64.11,32.75351851851852,,,341.0,32.5,4.0
L0VFL4VSLC,4.0,,65.0,14.0,,,2,2.0,62.0,67.0,10.6,,,8.0,1.0,29.5,64.11,32.75351851851852,,,341.0,32.5,
L0VFL4VTLA,4.0,77.5,66.0,16.2,,,8,2.0,70.5,70.5,13.0,,,4.0,1.0,29.5,64.11,32.75351851851852,,,341.0,41.0,7.0
L0VFL4VTLB,4.0,75.0,74.5,12.5,,,5,2.0,70.5,70.5,13.0,,,4.0,1.0,29.5,64.11,32.75351851851852,,,341.0,41.0,4.5
L0VFL4VULA,4.0,85.0,83.0,12.333333333333334,,,10,2.0,83.0,83.0,13.0,,,4.0,1.0,29.5,64.11,32.75351851851852,,,341.0,53.5,2.0
L0VFL4VULB,4.0,,89.0,9.0,,,4,2.0,83.0,83.0,13.0,,,4.0,1.0,29.5,64.11,32.75351851851852,,,341.0,53.5,
L0VFL4VULC,4.0,88.5,75.5,10.1,,,8,2.0,83.0,83.0,13.0,,,4.0,1.0,29.5,64.11,32.75351851851852,,,341.0,53.5,5.5
L0VFL4VULD,4.0,77.5,73.5,15.0,,,7,2.0,83.0,83.0,13.0,,,4.0,1.0,29.5,64.11,32.75351851851852,,,341.0,53.5,-5.5
L0VFL4VVLA,4.0,85.0,81.0,9.2,,,8,2.0,82.5,82.5,13.0,,,4.0,1.0,29.5,64.11,32.75351851851852,,,341.0,53.0,2.5
L0VFL4VVLB,4.0,,76.0,11.0,,,2,2.0,82.5,82.5,13.0,,,4.0,1.0,29.5,64.11,32.75351851851852,,,341.0,53.0,
L0YHL1GZLA,4.0,74.0,73.5,12.0,,,6,2.0,51.0,28.0,12.5,,,6.0,1.0,27.0,27.0,,,,2.0,24.0,23.0
L0YHL1GZLB,4.0,73.5,71.5,13.833333333333334,,,8,2.0,51.0,28.0,12.5,,,6.0,1.0,27.0,27.0,,,,2.0,24.0,22.5
L0YHL1GZLC,4.0,62.0,49.0,15.25,,,11,2.0,51.0,28.0,12.5,,,6.0,1.0,27.0,27.0,,,,2.0,24.0,11.0
L0YHL1HALA,4.0,61.5,65.5,14.5,,,14,2.0,57.0,33.5,14.75,,,3.0,1.0,27.0,27.0,,,,2.0,30.0,4.5
L0YHL1HALB,4.0,73.0,73.0,13.0,,,5,2.0,57.0,33.5,14.75,,,3.0,1.0,27.0,27.0,,,,2.0,30.0,16.0
L0YHL1HALC,4.0,69.0,69.0,15.0,,,8,2.0,57.0,33.5,14.75,,,3.0,1.0,27.0,27.0,,,,2.0,30.0,12.0
L0YHL1HBLA,4.0,50.0,50.0,12.0,,,8,2.0,56.5,56.5,24.0,,,2.0,1.0,27.0,27.0,,,,2.0,29.5,-6.5
L0YHL1HBLB,4.0,66.5,66.5,16.5,,,8,2.0,56.5,56.5,24.0,,,2.0,1.0,27.0,27.0,,,,2.0,29.5,10.0
L0YHL1HBLC,4.0,50.0,50.0,14.0,,,8,2.0,56.5,56.5,24.0,,,2.0,1.0,27.0,27.0,,,,2.0,29.5,-6.5
L0YHL1HCLA,4.0,74.0,65.5,18.0,,,8,2.0,33.5,33.5,21.5,,,4.0,1.0,27.0,27.0,,,,2.0,6.5,40.5
L0YHL1HCLB,4.0,68.0,61.0,20.25,,,8,2.0,33.5,33.5,21.5,,,4.0,1.0,27.0,27.0,,,,2.0,6.5,34.5
L0YHL1HDLA,4.0,58.0,54.5,21.166666666666668,,,10,2.0,29.0,52.5,21.5,,,6.0,1.0,27.0,27.0,,,,2.0,2.0,29.0
L0YHL1HDLB,4.0,65.0,65.0,21.5,,,5,2.0,29.0,52.5,21.5,,,6.0,1.0,27.0,27.0,,,,2.0,2.0,36.0
L0YHL1HDLC,4.0,,75.0,,,,6,2.0,29.0,52.5,21.5,,,6.0,1.0,27.0,27.0,,,,2.0,2.0,
L0YHL1HELA,4.0,62.5,65.5,16.333333333333332,,,9,2.0,51.5,36.0,12.25,,,3.0,1.0,27.0,27.0,,,,2.0,24.5,11.0
L0YHL1HELB,4.0,72.0,44.0,18.75,,,10,2.0,51.5,36.0,12.25,,,3.0,1.0,27.0,27.0,,,,2.0,24.5,20.5
L0YHL1HELC,4.0,,62.0,,,,4,2.0,51.5,36.0,12.25,,,3.0,1.0,27.0,27.0,,,,2.0,24.5,
L0YHL1HFLA,4.0,71.5,80.5,15.5,,,13,2.0,49.5,49.5,21.0,,,4.0,1.0,27.0,27.0,,,,2.0,22.5,22.0
L0YHL1HFLB,4.0,69.0,63.5,14.5,,,8,2.0,49.5,49.5,21.0,,,4.0,1.0,27.0,27.0,,,,2.0,22.5,19.5
L0YHL1HFLC,4.0,73.5,68.5,17.25,,,8,2.0,49.5,49.5,21.0,,,4.0,1.0,27.0,27.0,,,,2.0,22.5,24.0
L0YHL1HGLA,4.0,62.5,61.5,21.666666666666668,,,11,2.0,34.5,34.5,28.0,,,4.0,1.0,27.0,27.0,,,,2.0,7.5,28.0
L0YHL1HGLB,4.0,72.5,67.0,16.166666666666668,,,11,2.0,34.5,34.5,28.0,,,4.0,1.0,27.0,27.0,,,,2.0,7.5,38.0
L0YHL1HGLC,4.0,84.0,49.33,17.75,,,7,2.0,34.5,34.5,28.0,,,4.0,1.0,27.0,27.0,,,,2.0,7.5,49.5
L0YHL1HJLA,4.0,73.5,67.0,18.0,,,9,2.0,45.0,45.0,32.0,,,4.0,1.0,27.0,27.0,,,,2.0,18.0,28.5
L0YHL1HJLB,4.0,72.5,80.5,16.041666666666668,,,10,2.0,45.0,45.0,32.0,,,4.0,1.0,27.0,27.0,,,,2.0,18.0,27.5
L0YHL1HKLA,4.0,68.5,68.5,14.5,,,6,2.0,63.5,63.5,18.0,,,4.0,1.0,27.0,27.0,,,,2.0,36.5,5.0
L0YHL1HKLB,4.0,67.5,67.5,12.0,,,6,2.0,63.5,63.5,18.0,,,4.0,1.0,27.0,27.0,,,,2.0,36.5,4.0
L0YHL1HKLC,4.0,64.5,64.5,13.5,,,6,2.0,63.5,63.5,18.0,,,4.0,1.0,27.0,27.0,,,,2.0,36.5,1.0
L0YHL1HLLA,4.0,62.5,61.5,17.5,,,9,2.0,52.5,52.5,22.0,,,4.0,1.0,27.0,27.0,,,,2.0,25.5,10.0
L0YHL1HLLB,4.0,66.5,66.5,16.5,,,6,2.0,52.5,52.5,22.0,,,4.0,1.0,27.0,27.0,,,,2.0,25.5,14.0
L0YHL1HLLC,4.0,75.0,68.0,14.75,,,6,2.0,52.5,52.5,22.0,,,4.0,1.0,27.0,27.0,,,,2.0,25.5,22.5
L0YHL1HMLA,4.0,64.0,64.0,17.5,,,8,2.0,30.0,30.0,32.0,,,4.0,1.0,27.0,27.0,,,,2.0,3.0,34.0
L0YHL1HMLB,4.0,74.0,64.0,16.5,,,9,2.0,30.0,30.0,32.0,,,4.0,1.0,27.0,27.0,,,,2.0,3.0,44.0
L0ZFL1FWLA,4.0,86.0,70.0,24.0,,,8,2.0,71.0,71.0,12.5,,,2.0,1.0,35.0,53.0,23.166666666666668,,,54.0,36.0,15.0
L0ZFL1FWLB,4.0,86.0,80.0,12.4,,,9,2.0,71.0,71.0,12.5,,,2.0,1.0,35.0,53.0,23.166666666666668,,,54.0,36.0,15.0
L0ZFL1FXLA,4.0,66.0,66.0,51.0,,,5,2.0,67.5,67.5,14.5,,,4.0,1.0,35.0,53.0,23.166666666666668,,,54.0,32.5,-1.5
L0ZFL1FXLB,4.0,61.5,61.5,48.333333333333336,,,8,2.0,67.5,67.5,14.5,,,4.0,1.0,35.0,53.0,23.166666666666668,,,54.0,32.5,-6.0
L0ZFL1FYLA,4.0,81.5,81.5,17.2,,,10,2.0,58.5,58.5,17.0,,,4.0,1.0,35.0,53.0,23.166666666666668,,,54.0,23.5,23.0
L0ZFL1FYLB,4.0,83.0,71.5,24.833333333333332,,,10,2.0,58.5,58.5,17.0,,,4.0,1.0,35.0,53.0,23.166666666666668,,,54.0,23.5,24.5
L0ZFL1FZLA,4.0,61.5,61.5,13.0,,,6,2.0,59.0,59.0,19.0,,,4.0,1.0,35.0,53.0,23.166666666666668,,,54.0,24.0,2.5
L0ZFL1FZLB,4.0,62.5,62.5,27.9,,,8,2.0,59.0,59.0,19.0,,,4.0,1.0,35.0,53.0,23.166666666666668,,,54.0,24.0,3.5
L0ZFL1FZLC,4.0,86.0,75.5,14.0,,,8,2.0,59.0,59.0,19.0,,,4.0,1.0,35.0,53.0,23.166666666666668,,,54.0,24.0,27.0
L0ZFL1GALA,4.0,80.5,75.0,16.75,,,7,2.0,62.0,62.0,14.5,,,4.0,1.0,35.0,53.0,23.166666666666668,,,54.0,27.0,18.5
L0ZFL1GALB,4.0,66.5,66.5,15.5,,,5,2.0,62.0,62.0,14.5,,,4.0,1.0,35.0,53.0,23.166666666666668,,,54.0,27.0,4.5
L0ZFL1GBLA,4.0,,79.0,23.25,,,6,2.0,66.0,66.0,15.5,,,4.0,1.0,35.0,53.0,23.166666666666668,,,54.0,31.0,
L0ZFL1GBLB,4.0,75.0,75.0,9.333333333333334,,,5,2.0,66.0,66.0,15.5,,,4.0,1.0,35.0,53.0,23.166666666666668,,,54.0,31.0,9.0
L0ZFL1GBLC,4.0,67.0,67.0,9.8,,,8,2.0,66.0,66.0,15.5,,,4.0,1.0,35.0,53.0,23.166666666666668,,,54.0,31.0,1.0
L0ZFL1GCLA,4.0,71.0,71.0,24.666666666666668,,,8,2.0,58.5,58.5,23.0,,,4.0,1.0,35.0,53.0,23.166666666666668,,,54.0,23.5,12.5
L0ZFL1GCLB,4.0,88.5,88.5,9.0,,,8,2.0,58.5,58.5,23.0,,,4.0,1.0,35.0,53.0,23.166666666666668,,,54.0,23.5,30.0
L0ZFL1GCLC,4.0,85.5,81.0,14.6,,,9,2.0,58.5,58.5,23.0,,,4.0,1.0,35.0,53.0,23.166666666666668,,,54.0,23.5,27.0
L0ZFL1GDLA,4.0,77.5,77.5,16.0,,,5,2.0,66.5,66.5,16.0,,,4.0,1.0,35.0,53.0,23.166666666666668,,,54.0,31.5,11.0
L0ZFL1GDLB,4.0,77.0,77.0,20.666666666666668,,,5,2.0,66.5,66.5,16.0,,,4.0,1.0,35.0,53.0,23.166666666666668,,,54.0,31.5,10.5
L0ZFL1GELA,4.0,78.5,78.5,10.5,,,5,2.0,69.5,69.5,11.0,,,4.0,1.0,35.0,53.0,23.166666666666668,,,54.0,34.5,9.0
L0ZFL1GELB,4.0,82.0,82.0,18.0,,,6,2.0,69.5,69.5,11.0,,,4.0,1.0,35.0,53.0,23.166666666666668,,,54.0,34.5,12.5
L0ZFL1GELC,4.0,82.0,87.5,10.625,,,7,2.0,69.5,69.5,11.0,,,4.0,1.0,35.0,53.0,23.166666666666668,,,54.0,34.5,12.5
L0ZFL1GFLA,4.0,74.5,74.5,15.0,,,5,2.0,65.0,65.0,17.0,,,4.0,1.0,35.0,53.0,23.166666666666668,,,54.0,30.0,9.5
L0ZFL1GFLB,4.0,80.5,80.5,15.75,,,4,2.0,65.0,65.0,17.0,,,4.0,1.0,35.0,53.0,23.166666666666668,,,54.0,30.0,15.5
L0ZFL1GGLA,4.0,68.5,79.0,16.583333333333332,,,10,2.0,62.0,62.0,14.0,,,4.0,1.0,35.0,53.0,23.166666666666668,,,54.0,27.0,6.5
L0ZFL1GGLB,4.0,63.0,87.0,15.571428571428571,,,11,2.0,62.0,62.0,14.0,,,4.0,1.0,35.0,53.0,23.166666666666668,,,54.0,27.0,1.0
L0ZFL1GHLA,4.0,82.5,81.5,12.6875,,,15,2.0,55.5,55.5,18.5,,,4.0,1.0,35.0,53.0,23.166666666666668,,,54.0,20.5,27.0
L0ZFL1GHLB,4.0,86.0,69.5,10.5,,,9,2.0,55.5,55.5,18.5,,,4.0,1.0,35.0,53.0,23.166666666666668,,,54.0,20.5,30.5
L0ZFL1GJLC,4.0,69.0,69.0,15.5,,,4,2.0,70.0,70.0,13.5,,,2.0,1.0,35.0,53.0,23.166666666666668,,,54.0,35.0,-1.0
L0ZFL1GJLF,4.0,79.5,88.5,8.25,,,8,2.0,70.0,70.0,13.5,,,2.0,1.0,35.0,53.0,23.166666666666668,,,54.0,35.0,9.5
L0ZFL1GJLG,4.0,61.5,74.0,11.5,,,12,2.0,70.0,70.0,13.5,,,2.0,1.0,35.0,53.0,23.166666666666668,,,54.0,35.0,-8.5
L0ZFL1GJLH,4.0,,85.0,,,,2,2.0,70.0,70.0,13.5,,,2.0,1.0,35.0,53.0,23.166666666666668,,,54.0,35.0,
L1ACL2MVLA,4.0,47.0,47.0,19.0,,,10,2.0,41.0,22.0,24.0,,,8.0,1.0,16.0,14.0,55.0,,,21.0,25.0,6.0
L1ACL2MVLB,4.0,55.0,59.5,19.375,,,10,2.0,41.0,22.0,24.0,,,8.0,1.0,16.0,14.0,55.0,,,21.0,25.0,14.0
L1ACL2MWLA,4.0,48.0,71.5,19.15,,,13,2.0,42.0,42.0,34.5,,,4.0,1.0,16.0,14.0,55.0,,,21.0,26.0,6.0
L1ACL2MWLB,4.0,64.0,64.0,22.166666666666668,,,8,2.0,42.0,42.0,34.5,,,4.0,1.0,16.0,14.0,55.0,,,21.0,26.0,22.0
L1ACL2MWLC,4.0,57.5,75.0,18.6,,,13,2.0,42.0,42.0,34.5,,,4.0,1.0,16.0,14.0,55.0,,,21.0,26.0,15.5
L1ACL2MXLA,4.0,57.5,63.0,15.5,,,10,2.0,35.0,40.5,15.25,,,6.0,1.0,16.0,14.0,55.0,,,21.0,19.0,22.5
L1ACL2MXLB,4.0,,59.5,27.25,,,6,2.0,35.0,40.5,15.25,,,6.0,1.0,16.0,14.0,55.0,,,21.0,19.0,
L1ACL2MYLA,4.0,46.0,74.5,16.5,,,16,2.0,31.5,39.0,16.75,,,6.0,1.0,16.0,14.0,55.0,,,21.0,15.5,14.5
L1ACL2SFLA,4.0,56.0,71.0,14.3,,,13,2.0,37.0,37.0,44.0,,,4.0,1.0,16.0,14.0,55.0,,,21.0,21.0,19.0
L1ACL2SFLB,4.0,50.0,72.0,18.75,,,8,2.0,37.0,37.0,44.0,,,4.0,1.0,16.0,14.0,55.0,,,21.0,21.0,13.0
L1ACL2SGLA,4.0,45.5,45.5,23.625,,,10,2.0,42.5,31.5,16.0,,,6.0,1.0,16.0,14.0,55.0,,,21.0,26.5,3.0
L1ACL2SGLB,4.0,49.0,72.5,19.35,,,13,2.0,42.5,31.5,16.0,,,6.0,1.0,16.0,14.0,55.0,,,21.0,26.5,6.5
L1ACL2SHLA,4.0,46.5,78.5,19.8,,,13,2.0,42.0,45.5,18.0,,,6.0,1.0,16.0,14.0,55.0,,,21.0,26.0,4.5
L1ACL2SHLB,4.0,44.0,44.0,23.5,,,5,2.0,42.0,45.5,18.0,,,6.0,1.0,16.0,14.0,55.0,,,21.0,26.0,2.0
L1ACL2SJLA,4.0,55.0,39.5,21.375,,,10,2.0,29.5,29.5,41.5,,,4.0,1.0,16.0,14.0,55.0,,,21.0,13.5,25.5
L1ACL2SJLC,4.0,,69.0,25.75,,,6,2.0,29.5,29.5,41.5,,,4.0,1.0,16.0,14.0,55.0,,,21.0,13.5,
L1ACL2SKLA,4.0,,63.5,20.0,,,6,2.0,34.0,34.0,36.5,,,2.0,1.0,16.0,14.0,55.0,,,21.0,18.0,
L1ACL2SKLB,4.0,49.5,49.5,17.625,,,10,2.0,34.0,34.0,36.5,,,2.0,1.0,16.0,14.0,55.0,,,21.0,18.0,15.5
L1ACL2SLLA,4.0,59.0,62.5,17.25,,,10,2.0,45.0,45.0,30.5,,,4.0,1.0,16.0,14.0,55.0,,,21.0,29.0,14.0
L1ACL2SLLB,4.0,54.0,74.5,15.125,,,11,2.0,45.0,45.0,30.5,,,4.0,1.0,16.0,14.0,55.0,,,21.0,29.0,9.0
L1ACL2SMLA,4.0,61.0,61.0,25.666666666666668,,,4,2.0,34.0,34.0,35.0,,,4.0,1.0,16.0,14.0,55.0,,,21.0,18.0,27.0
L1ACL2SMLB,4.0,79.5,65.0,16.875,,,6,2.0,34.0,34.0,35.0,,,4.0,1.0,16.0,14.0,55.0,,,21.0,18.0,45.5
L1ACL2SMLC,4.0,53.0,56.0,17.0,,,10,2.0,34.0,34.0,35.0,,,4.0,1.0,16.0,14.0,55.0,,,21.0,18.0,19.0
L1ACL2SNLA,4.0,59.0,59.0,17.875,,,10,2.0,44.5,44.5,35.5,,,4.0,1.0,16.0,14.0,55.0,,,21.0,28.5,14.5
L1ACL2SNLB,4.0,63.5,63.5,27.833333333333332,,,8,2.0,44.5,44.5,35.5,,,4.0,1.0,16.0,14.0,55.0,,,21.0,28.5,19.0
L1ACL2SPLA,4.0,,59.5,22.75,,,6,2.0,43.5,43.5,29.5,,,4.0,1.0,16.0,14.0,55.0,,,21.0,27.5,
L1ACL2SPLB,4.0,,68.0,22.75,,,6,2.0,43.5,43.5,29.5,,,4.0,1.0,16.0,14.0,55.0,,,21.0,27.5,
L1ACL2SQLA,4.0,,61.0,21.75,,,6,2.0,39.0,39.0,29.0,,,4.0,1.0,16.0,14.0,55.0,,,21.0,23.0,
L1ACL2SQLB,4.0,67.5,67.5,22.333333333333332,,,4,2.0,39.0,39.0,29.0,,,4.0,1.0,16.0,14.0,55.0,,,21.0,23.0,28.5
L1AWB5AKLA,4.0,,84.5,12.0,,,2,2.0,76.0,76.0,14.5,,,4.0,1.0,39.0,76.45,19.896451612903224,,,64.0,37.0,
L1AWB5AKLB,4.0,,83.0,11.5,,,4,2.0,76.0,76.0,14.5,,,4.0,1.0,39.0,76.45,19.896451612903224,,,64.0,37.0,
L1AWB5AMLA,4.0,,88.0,8.5,,,4,2.0,86.5,86.5,10.0,,,4.0,1.0,39.0,76.45,19.896451612903224,,,64.0,47.5,
L1AWB5TALA,4.0,83.5,80.0,9.4,,,8,2.0,87.5,87.5,8.0,,,2.0,1.0,39.0,76.45,19.896451612903224,,,64.0,48.5,-4.0
L1AWB5TALB,4.0,,87.5,9.0,,,4,2.0,87.5,87.5,8.0,,,2.0,1.0,39.0,76.45,19.896451612903224,,,64.0,48.5,
L1AWB5TALC,4.0,,87.0,8.5,,,2,2.0,87.5,87.5,8.0,,,2.0,1.0,39.0,76.45,19.896451612903224,,,64.0,48.5,
L1AWB5TBLA,4.0,,87.5,9.0,,,2,2.0,81.0,81.0,15.5,,,2.0,1.0,39.0,76.45,19.896451612903224,,,64.0,42.0,
L1AWB5TBLB,4.0,,83.5,10.0,,,4,2.0,81.0,81.0,15.5,,,2.0,1.0,39.0,76.45,19.896451612903224,,,64.0,42.0,
L1AWL3ANLA,4.0,,79.5,7.0,,,2,2.0,85.0,64.0,5.0,,,6.0,1.0,39.0,76.45,19.896451612903224,,,64.0,46.0,
L1AWL3ANLB,4.0,,76.0,6.0,,,2,2.0,85.0,64.0,5.0,,,6.0,1.0,39.0,76.45,19.896451612903224,,,64.0,46.0,
L1AWL3APLF,4.0,,71.5,12.0,,,2,2.0,84.0,60.0,11.0,,,8.0,1.0,39.0,76.45,19.896451612903224,,,64.0,45.0,
L1AWL3APLG,4.0,,77.0,8.0,,,4,2.0,84.0,60.0,11.0,,,8.0,1.0,39.0,76.45,19.896451612903224,,,64.0,45.0,
L1AWL3APLH,4.0,,80.5,4.5,,,2,2.0,84.0,60.0,11.0,,,8.0,1.0,39.0,76.45,19.896451612903224,,,64.0,45.0,
L1AWL3AQLA,4.0,,81.5,10.0,,,4,2.0,80.5,76.0,7.25,,,6.0,1.0,39.0,76.45,19.896451612903224,,,64.0,41.5,
L1AWL3AQLB,4.0,,70.0,9.0,,,2,2.0,80.5,76.0,7.25,,,6.0,1.0,39.0,76.45,19.896451612903224,,,64.0,41.5,
L1AWL3ARLC,4.0,80.5,84.0,9.1,,,8,2.0,85.0,72.5,9.0,,,4.0,1.0,39.0,76.45,19.896451612903224,,,64.0,46.0,-4.5
L1AWL3ARLD,4.0,,82.0,8.0,,,2,2.0,85.0,72.5,9.0,,,4.0,1.0,39.0,76.45,19.896451612903224,,,64.0,46.0,
L1AWL3ARLE,4.0,,73.0,8.5,,,2,2.0,85.0,72.5,9.0,,,4.0,1.0,39.0,76.45,19.896451612903224,,,64.0,46.0,
L1AWL3NFLA,4.0,78.0,86.0,12.0,,,5,2.0,76.0,76.0,13.5,,,2.0,1.0,39.0,76.45,19.896451612903224,,,64.0,37.0,2.0
L1AWL3NFLB,4.0,83.0,77.0,29.0,,,8,2.0,76.0,76.0,13.5,,,2.0,1.0,39.0,76.45,19.896451612903224,,,64.0,37.0,7.0
L1AWL3NGLA,4.0,83.5,84.5,11.2,,,8,2.0,80.5,80.5,13.0,,,2.0,1.0,39.0,76.45,19.896451612903224,,,64.0,41.5,3.0
L1AWL3NGLB,4.0,84.5,79.0,11.666666666666666,,,10,2.0,80.5,80.5,13.0,,,2.0,1.0,39.0,76.45,19.896451612903224,,,64.0,41.5,4.0
L1BDL2EALA,4.0,,74.5,17.0,,,2,2.0,68.0,68.0,14.5,,,4.0,1.0,46.0,46.0,31.5,,,8.0,22.0,
L1BDL2EALB,4.0,,76.5,11.0,,,4,2.0,68.0,68.0,14.5,,,4.0,1.0,46.0,46.0,31.5,,,8.0,22.0,
L1BDL2EALC,4.0,,74.0,18.0,,,4,2.0,68.0,68.0,14.5,,,4.0,1.0,46.0,46.0,31.5,,,8.0,22.0,
L1BDL2EALD,4.0,,67.0,11.0,,,4,2.0,68.0,68.0,14.5,,,4.0,1.0,46.0,46.0,31.5,,,8.0,22.0,
L1BDL2EBLA,4.0,,73.0,9.5,,,4,2.0,77.0,77.0,12.5,,,4.0,1.0,46.0,46.0,31.5,,,8.0,31.0,
L1BDL2EBLB,4.0,,72.0,14.5,,,4,2.0,77.0,77.0,12.5,,,4.0,1.0,46.0,46.0,31.5,,,8.0,31.0,
L1BDL2EBLC,4.0,,72.5,14.0,,,4,2.0,77.0,77.0,12.5,,,4.0,1.0,46.0,46.0,31.5,,,8.0,31.0,
L1BDL2EBLD,4.0,,83.5,7.5,,,4,2.0,77.0,77.0,12.5,,,4.0,1.0,46.0,46.0,31.5,,,8.0,31.0,
L1BDL2ECEA,4.0,,94.0,4.0,,,8,2.0,76.5,76.5,11.5,,,4.0,1.0,46.0,46.0,31.5,,,8.0,30.5,
L1BDL2ECLA,4.0,89.0,90.0,7.833333333333333,,,10,2.0,76.5,76.5,11.5,,,4.0,1.0,46.0,46.0,31.5,,,8.0,30.5,12.5
L1BDL2ECLB,4.0,,80.0,13.0,,,4,2.0,76.5,76.5,11.5,,,4.0,1.0,46.0,46.0,31.5,,,8.0,30.5,
L1BDL2ECLC,4.0,,82.5,14.0,,,4,2.0,76.5,76.5,11.5,,,4.0,1.0,46.0,46.0,31.5,,,8.0,30.5,
L1BDL2EDLA,4.0,,72.0,12.5,,,4,2.0,74.5,74.5,13.0,,,4.0,1.0,46.0,46.0,31.5,,,8.0,28.5,
L1BDL2EDLB,4.0,,69.5,18.0,,,2,2.0,74.5,74.5,13.0,,,4.0,1.0,46.0,46.0,31.5,,,8.0,28.5,
L1BDL2EELA,4.0,61.5,61.5,20.666666666666668,,,8,2.0,64.5,64.5,20.0,,,2.0,1.0,46.0,46.0,31.5,,,8.0,18.5,-3.0
L1BDL2EELB,4.0,60.0,78.5,14.7,,,14,2.0,64.5,64.5,20.0,,,2.0,1.0,46.0,46.0,31.5,,,8.0,18.5,-4.5
L1BFL3JALA,4.0,,71.5,15.5,,,4,2.0,48.5,48.5,29.0,,,4.0,1.0,19.0,43.96,49.791666666666664,,,31.0,29.5,
L1BFL3JALB,4.0,59.5,59.5,16.333333333333332,,,4,2.0,48.5,48.5,29.0,,,4.0,1.0,19.0,43.96,49.791666666666664,,,31.0,29.5,11.0
L1BFL3JBLA,4.0,,68.5,15.0,,,2,2.0,65.0,65.0,13.0,,,2.0,1.0,19.0,43.96,49.791666666666664,,,31.0,46.0,
L1BFL3JBLB,4.0,,64.5,18.0,,,2,2.0,65.0,65.0,13.0,,,2.0,1.0,19.0,43.96,49.791666666666664,,,31.0,46.0,
L1BFL3JCLA,4.0,,67.5,16.5,,,3,2.0,55.5,55.5,23.0,,,4.0,1.0,19.0,43.96,49.791666666666664,,,31.0,36.5,
L1BFL3JCLB,4.0,75.0,75.0,12.875,,,10,2.0,55.5,55.5,23.0,,,4.0,1.0,19.0,43.96,49.791666666666664,,,31.0,36.5,19.5
L1BFL3JDLA,4.0,,67.0,15.0,,,2,2.0,64.5,64.5,17.5,,,2.0,1.0,19.0,43.96,49.791666666666664,,,31.0,45.5,
L1BFL3JDLB,4.0,51.0,51.0,18.333333333333332,,,4,2.0,64.5,64.5,17.5,,,2.0,1.0,19.0,43.96,49.791666666666664,,,31.0,45.5,-13.5
L1BFL3JDLE,4.0,,70.5,12.5,,,4,2.0,64.5,64.5,17.5,,,2.0,1.0,19.0,43.96,49.791666666666664,,,31.0,45.5,
L1BFL3JELA,4.0,,73.5,18.25,,,6,2.0,60.0,60.0,22.5,,,4.0,1.0,19.0,43.96,49.791666666666664,,,31.0,41.0,
L1BFL3JELB,4.0,,59.5,24.5,,,2,2.0,60.0,60.0,22.5,,,4.0,1.0,19.0,43.96,49.791666666666664,,,31.0,41.0,
L1BFL3JFLA,4.0,,71.0,11.5,,,2,2.0,56.0,56.0,21.0,,,2.0,1.0,19.0,43.96,49.791666666666664,,,31.0,37.0,
L1BFL3JFLB,4.0,52.5,52.5,21.5,,,4,2.0,56.0,56.0,21.0,,,2.0,1.0,19.0,43.96,49.791666666666664,,,31.0,37.0,-3.5
L1BFL3JGLA,4.0,,65.5,18.5,,,6,2.0,57.5,57.5,23.5,,,2.0,1.0,19.0,43.96,49.791666666666664,,,31.0,38.5,
L1BFL3JGLB,4.0,61.5,61.5,16.333333333333332,,,4,2.0,57.5,57.5,23.5,,,2.0,1.0,19.0,43.96,49.791666666666664,,,31.0,38.5,4.0
L1BFL3JHLA,4.0,,67.0,11.5,,,4,2.0,60.5,60.5,17.5,,,2.0,1.0,19.0,43.96,49.791666666666664,,,31.0,41.5,
L1BFL3JHLB,4.0,,70.5,16.0,,,6,2.0,60.5,60.5,17.5,,,2.0,1.0,19.0,43.96,49.791666666666664,,,31.0,41.5,
L1BFL3JHLC,4.0,,68.0,13.5,,,8,2.0,60.5,60.5,17.5,,,2.0,1.0,19.0,43.96,49.791666666666664,,,31.0,41.5,
L1BFL3JHLD,4.0,,67.0,20.5,,,4,2.0,60.5,60.5,17.5,,,2.0,1.0,19.0,43.96,49.791666666666664,,,31.0,41.5,
L1BFL3JJLA,4.0,,61.0,18.0,,,2,2.0,46.0,46.0,23.0,,,4.0,1.0,19.0,43.96,49.791666666666664,,,31.0,27.0,
L1BFL3JJLB,4.0,,70.0,18.75,,,6,2.0,46.0,46.0,23.0,,,4.0,1.0,19.0,43.96,49.791666666666664,,,31.0,27.0,
L1BFL3JJLC,4.0,,62.5,15.0,,,2,2.0,46.0,46.0,23.0,,,4.0,1.0,19.0,43.96,49.791666666666664,,,31.0,27.0,
L1BFL3JKLA,4.0,,72.5,16.5,,,3,2.0,48.5,48.5,18.0,,,2.0,1.0,19.0,43.96,49.791666666666664,,,31.0,29.5,
L1BFL3JKLB,4.0,63.5,57.0,21.3125,,,11,2.0,48.5,48.5,18.0,,,2.0,1.0,19.0,43.96,49.791666666666664,,,31.0,29.5,15.0
L1BFL3JKLC,4.0,,74.0,18.0,,,3,2.0,48.5,48.5,18.0,,,2.0,1.0,19.0,43.96,49.791666666666664,,,31.0,29.5,
L1BFL3JLLA,4.0,,76.0,14.25,,,6,2.0,51.0,64.5,13.5,,,11.0,1.0,19.0,43.96,49.791666666666664,,,31.0,32.0,
L1BFL3JLLB,4.0,,63.5,19.5,,,4,2.0,51.0,64.5,13.5,,,11.0,1.0,19.0,43.96,49.791666666666664,,,31.0,32.0,
L1BFL3JLLD,4.0,,73.5,17.5,,,2,2.0,51.0,64.5,13.5,,,11.0,1.0,19.0,43.96,49.791666666666664,,,31.0,32.0,
L1BSL2QDLA,4.0,,66.5,21.5,,,6,2.0,66.0,66.0,21.0,,,4.0,1.0,49.0,49.0,,,,2.0,17.0,
L1BSL2QDLB,4.0,,72.5,21.0,,,6,2.0,66.0,66.0,21.0,,,4.0,1.0,49.0,49.0,,,,2.0,17.0,
L1BSL2QDLC,4.0,,64.0,21.5,,,4,2.0,66.0,66.0,21.0,,,4.0,1.0,49.0,49.0,,,,2.0,17.0,
L1BSL2QDLE,4.0,,61.5,19.5,,,4,2.0,66.0,66.0,21.0,,,4.0,1.0,49.0,49.0,,,,2.0,17.0,
L1BSL2QELA,4.0,,66.5,21.0,,,3,2.0,79.0,79.0,14.5,,,4.0,1.0,49.0,49.0,,,,2.0,30.0,
L1BSL2QELB,4.0,,75.0,19.75,,,3,2.0,79.0,79.0,14.5,,,4.0,1.0,49.0,49.0,,,,2.0,30.0,
L1BSL2QELC,4.0,,72.0,15.5,,,6,2.0,79.0,79.0,14.5,,,4.0,1.0,49.0,49.0,,,,2.0,30.0,
L1CEB2NHLA,4.0,75.0,82.5,11.0,,,10,2.0,76.0,75.5,8.642857142857142,,,11.0,1.0,35.4,35.4,,,,2.0,40.6,-1.0
L1CEB2NHLB,4.0,78.5,74.5,10.6,,,8,2.0,76.0,75.5,8.642857142857142,,,11.0,1.0,35.4,35.4,,,,2.0,40.6,2.5
L1CEB2NJLA,4.0,84.0,67.0,9.333333333333334,,,10,2.0,64.5,64.5,15.5,,,4.0,1.0,35.4,35.4,,,,2.0,29.1,19.5
L1CEB2NJLB,4.0,,82.0,12.5,,,4,2.0,64.5,64.5,15.5,,,4.0,1.0,35.4,35.4,,,,2.0,29.1,
L1CEB2NJLC,4.0,,72.0,11.5,,,4,2.0,64.5,64.5,15.5,,,4.0,1.0,35.4,35.4,,,,2.0,29.1,
L1CEB2NKLC,4.0,,88.0,6.0,,,4,2.0,53.5,73.0,8.88888888888889,,,13.0,1.0,35.4,35.4,,,,2.0,18.1,
L1CEB2NKLD,4.0,,84.5,7.0,,,2,2.0,53.5,73.0,8.88888888888889,,,13.0,1.0,35.4,35.4,,,,2.0,18.1,
L1CEB2NLEB,4.0,,83.5,9.0,,,2,2.0,72.5,87.5,10.0,,,11.0,1.0,35.4,35.4,,,,2.0,37.1,
L1CEB2NLEC,4.0,,87.5,5.5,,,2,2.0,72.5,87.5,10.0,,,11.0,1.0,35.4,35.4,,,,2.0,37.1,
L1CEB2NLED,4.0,,87.5,5.5,,,2,2.0,72.5,87.5,10.0,,,11.0,1.0,35.4,35.4,,,,2.0,37.1,
L1CEB2NLLA,4.0,,87.0,6.0,,,12,2.0,72.5,87.5,10.0,,,11.0,1.0,35.4,35.4,,,,2.0,37.1,
L1CEB2NLLB,4.0,,85.0,10.0,,,4,2.0,72.5,87.5,10.0,,,11.0,1.0,35.4,35.4,,,,2.0,37.1,
L1CEB2NLLC,4.0,,84.0,8.0,,,4,2.0,72.5,87.5,10.0,,,11.0,1.0,35.4,35.4,,,,2.0,37.1,
L1CLL2RULA,4.0,,73.0,14.0,,,4,2.0,61.0,79.0,13.0,,,6.0,1.0,26.0,26.0,,,,2.0,35.0,
L1CLL2RULB,4.0,,77.0,10.0,,,4,2.0,61.0,79.0,13.0,,,6.0,1.0,26.0,26.0,,,,2.0,35.0,
L1CLL2RULE,4.0,85.5,81.0,9.833333333333334,,,20,2.0,61.0,79.0,13.0,,,6.0,1.0,26.0,26.0,,,,2.0,35.0,24.5
L1CXB3LMLA,4.0,,87.5,8.5,,,2,2.0,86.5,86.5,7.0,,,4.0,1.0,34.0,63.58,31.4,,,20.0,52.5,
L1CXB3LMLB,4.0,,85.5,5.0,,,4,2.0,86.5,86.5,7.0,,,4.0,1.0,34.0,63.58,31.4,,,20.0,52.5,
L1CXB3LMLC,4.0,,85.5,8.0,,,2,2.0,86.5,86.5,7.0,,,4.0,1.0,34.0,63.58,31.4,,,20.0,52.5,
L1CXB3LMLD,4.0,,69.0,16.0,,,4,2.0,86.5,86.5,7.0,,,4.0,1.0,34.0,63.58,31.4,,,20.0,52.5,
L1CXB3LNLA,4.0,,85.0,7.0,,,4,2.0,80.0,80.0,9.0,,,4.0,1.0,34.0,63.58,31.4,,,20.0,46.0,
L1CXB3LNLB,4.0,,81.0,10.0,,,2,2.0,80.0,80.0,9.0,,,4.0,1.0,34.0,63.58,31.4,,,20.0,46.0,
L1CXB3LPLA,4.0,,86.5,13.75,,,3,2.0,85.5,85.5,10.5,,,4.0,1.0,34.0,63.58,31.4,,,20.0,51.5,
L1CXB3LQLA,4.0,,84.5,9.5,,,4,2.0,74.0,74.0,12.0,,,4.0,1.0,34.0,63.58,31.4,,,20.0,40.0,
L1CXB3LQLB,4.0,,77.5,7.5,,,2,2.0,74.0,74.0,12.0,,,4.0,1.0,34.0,63.58,31.4,,,20.0,40.0,
L1CXB3LRLA,4.0,,84.0,10.5,,,4,2.0,78.0,78.0,11.0,,,2.0,1.0,34.0,63.58,31.4,,,20.0,44.0,
L1CYL2MLLA,4.0,,78.0,9.0,,,4,2.0,75.0,75.0,9.5,,,4.0,1.0,17.0,17.0,,,,4.0,58.0,
L1CYL2MLLB,4.0,,84.5,9.0,,,4,2.0,75.0,75.0,9.5,,,4.0,1.0,17.0,17.0,,,,4.0,58.0,
L1CYL2MLLC,4.0,,77.5,8.0,,,2,2.0,75.0,75.0,9.5,,,4.0,1.0,17.0,17.0,,,,4.0,58.0,
L1CYL2MMLA,4.0,,74.5,13.5,,,6,2.0,81.0,81.0,10.5,,,4.0,1.0,17.0,17.0,,,,4.0,64.0,
L1CYL2MMLB,4.0,,70.0,18.0,,,2,2.0,81.0,81.0,10.5,,,4.0,1.0,17.0,17.0,,,,4.0,64.0,
L1DKL2NALA,4.0,,83.0,11.0,,,4,2.0,47.0,67.0,13.555555555555555,,,13.0,1.0,38.0,38.0,,,,2.0,9.0,
L1DKL2NALB,4.0,,82.0,13.0,,,2,2.0,47.0,67.0,13.555555555555555,,,13.0,1.0,38.0,38.0,,,,2.0,9.0,
L1DKL2NBLA,4.0,,77.0,15.0,,,4,2.0,44.0,62.0,20.3,,,13.0,1.0,38.0,38.0,,,,2.0,6.0,
L1EHL2GDLA,4.0,,69.0,9.5,,,4,2.0,67.0,67.0,16.5,,,4.0,1.0,24.0,65.75,,,,12.0,43.0,
L1EHL2GDLB,4.0,,75.0,6.5,,,2,2.0,67.0,67.0,16.5,,,4.0,1.0,24.0,65.75,,,,12.0,43.0,
L1EHL2GDLG,4.0,,75.0,8.5,,,4,2.0,67.0,67.0,16.5,,,4.0,1.0,24.0,65.75,,,,12.0,43.0,
L1EHL2GELA,4.0,,62.0,18.5,,,4,2.0,62.0,62.0,12.0,,,2.0,1.0,24.0,65.75,,,,12.0,38.0,
L1EHL2GELB,4.0,,70.5,15.5,,,4,2.0,62.0,62.0,12.0,,,2.0,1.0,24.0,65.75,,,,12.0,38.0,
L1EHL2GFLA,4.0,,75.5,7.0,,,2,2.0,58.5,58.5,21.0,,,2.0,1.0,24.0,65.75,,,,12.0,34.5,
L1EHL2GFLB,4.0,,64.5,11.0,,,4,2.0,58.5,58.5,21.0,,,2.0,1.0,24.0,65.75,,,,12.0,34.5,
L1EHL2GGLA,4.0,,71.0,7.5,,,2,2.0,74.5,74.5,14.5,,,2.0,1.0,24.0,65.75,,,,12.0,50.5,
L1EHL2GGLB,4.0,,70.0,9.5,,,2,2.0,74.5,74.5,14.5,,,2.0,1.0,24.0,65.75,,,,12.0,50.5,
L1EHL2GGLC,4.0,,71.0,11.5,,,4,2.0,74.5,74.5,14.5,,,2.0,1.0,24.0,65.75,,,,12.0,50.5,
L1EHL2GHLA,4.0,,71.5,12.0,,,2,2.0,73.0,73.0,15.5,,,4.0,1.0,24.0,65.75,,,,12.0,49.0,
L1EHL2GHLB,4.0,,78.0,5.5,,,2,2.0,73.0,73.0,15.5,,,4.0,1.0,24.0,65.75,,,,12.0,49.0,
L1EHL2GJLA,4.0,,68.0,12.5,,,4,2.0,69.0,69.0,13.5,,,4.0,1.0,24.0,65.75,,,,12.0,45.0,
L1EHL2GJLB,4.0,,68.0,14.0,,,4,2.0,69.0,69.0,13.5,,,4.0,1.0,24.0,65.75,,,,12.0,45.0,
L1EHL2RALA,4.0,,74.0,13.5,,,4,2.0,66.0,66.0,21.0,,,2.0,1.0,24.0,65.75,,,,12.0,42.0,
L1EHL2RALB,4.0,,65.5,14.0,,,2,2.0,66.0,66.0,21.0,,,2.0,1.0,24.0,65.75,,,,12.0,42.0,
L1EHL2RALC,4.0,,66.0,14.0,,,2,2.0,66.0,66.0,21.0,,,2.0,1.0,24.0,65.75,,,,12.0,42.0,
L1EHL2RBLA,4.0,,81.0,10.0,,,4,2.0,64.0,64.0,20.5,,,2.0,1.0,24.0,65.75,,,,12.0,40.0,
L1EHL2RBLB,4.0,,78.0,10.0,,,2,2.0,64.0,64.0,20.5,,,2.0,1.0,24.0,65.75,,,,12.0,40.0,
L1EHL2RCLA,4.0,,71.0,13.0,,,2,2.0,76.0,76.0,9.5,,,4.0,1.0,24.0,65.75,,,,12.0,52.0,
L1EHL2RCLB,4.0,,70.5,11.0,,,2,2.0,76.0,76.0,9.5,,,4.0,1.0,24.0,65.75,,,,12.0,52.0,
L1EHL2RDLA,4.0,,78.0,8.5,,,4,2.0,74.0,74.0,12.5,,,4.0,1.0,24.0,65.75,,,,12.0,50.0,
L1EHL2RDLB,4.0,,84.0,8.5,,,4,2.0,74.0,74.0,12.5,,,4.0,1.0,24.0,65.75,,,,12.0,50.0,
L1EHL2RELA,4.0,,71.5,16.0,,,4,2.0,62.5,62.5,17.0,,,4.0,1.0,24.0,65.75,,,,12.0,38.5,
L1EHL2RELB,4.0,,74.0,9.5,,,4,2.0,62.5,62.5,17.0,,,4.0,1.0,24.0,65.75,,,,12.0,38.5,
L1EHL2RFLC,4.0,,70.0,14.5,,,2,2.0,56.5,56.5,11.0,,,4.0,1.0,24.0,65.75,,,,12.0,32.5,
L1EHL2RFLD,4.0,,63.5,16.25,,,6,2.0,56.5,56.5,11.0,,,4.0,1.0,24.0,65.75,,,,12.0,32.5,
L1EHL2RFLE,4.0,,60.0,19.5,,,4,2.0,56.5,56.5,11.0,,,4.0,1.0,24.0,65.75,,,,12.0,32.5,
L1EHL2RGLA,4.0,,71.5,16.5,,,2,2.0,61.0,61.0,22.5,,,4.0,1.0,24.0,65.75,,,,12.0,37.0,
L1EHL2RGLB,4.0,,61.5,19.5,,,4,2.0,61.0,61.0,22.5,,,4.0,1.0,24.0,65.75,,,,12.0,37.0,
L1EHL2RHLA,4.0,,64.0,13.5,,,2,2.0,64.0,64.0,19.5,,,2.0,1.0,24.0,65.75,,,,12.0,40.0,
L1EHL2RHLB,4.0,,65.5,8.5,,,4,2.0,64.0,64.0,19.5,,,2.0,1.0,24.0,65.75,,,,12.0,40.0,
L1EHL2RJLA,4.0,,68.5,17.5,,,2,2.0,56.0,56.0,21.5,,,4.0,1.0,24.0,65.75,,,,12.0,32.0,
L1EHL2RJLB,4.0,,66.5,15.5,,,2,2.0,56.0,56.0,21.5,,,4.0,1.0,24.0,65.75,,,,12.0,32.0,
L1EHL2RKLA,4.0,,71.0,16.0,,,6,2.0,67.5,67.5,13.5,,,4.0,1.0,24.0,65.75,,,,12.0,43.5,
L1EHL2RKLB,4.0,,79.5,9.5,,,4,2.0,67.5,67.5,13.5,,,4.0,1.0,24.0,65.75,,,,12.0,43.5,
L1EHL2RLLA,4.0,,73.0,17.5,,,4,2.0,77.5,77.5,13.5,,,4.0,1.0,24.0,65.75,,,,12.0,53.5,
L1EHL2RLLB,4.0,,80.5,10.0,,,2,2.0,77.5,77.5,13.5,,,4.0,1.0,24.0,65.75,,,,12.0,53.5,
L1EHL2RMLA,4.0,,77.0,11.5,,,4,2.0,74.5,74.5,12.0,,,4.0,1.0,24.0,65.75,,,,12.0,50.5,
L1EHL2RMLB,4.0,,75.5,13.0,,,4,2.0,74.5,74.5,12.0,,,4.0,1.0,24.0,65.75,,,,12.0,50.5,
L1EHL2RNLA,4.0,,71.0,16.5,,,2,2.0,76.0,76.0,14.0,,,4.0,1.0,24.0,65.75,,,,12.0,52.0,
L1EHL2RNLB,4.0,,72.0,18.0,,,3,2.0,76.0,76.0,14.0,,,4.0,1.0,24.0,65.75,,,,12.0,52.0,
L1EHL2RPLA,4.0,,62.5,14.5,,,4,2.0,69.5,69.5,15.5,,,4.0,1.0,24.0,65.75,,,,12.0,45.5,
L1EHL2RPLB,4.0,,75.0,15.0,,,4,2.0,69.5,69.5,15.5,,,4.0,1.0,24.0,65.75,,,,12.0,45.5,
L1EHL2RQLA,4.0,62.5,83.0,16.7,,,14,2.0,55.5,55.5,22.5,,,4.0,1.0,24.0,65.75,,,,12.0,31.5,7.0
L1EHL2RQLB,4.0,,60.5,22.0,,,2,2.0,55.5,55.5,22.5,,,4.0,1.0,24.0,65.75,,,,12.0,31.5,
L1EHL2RSLA,4.0,,62.0,20.0,,,4,2.0,56.5,56.5,21.5,,,4.0,1.0,24.0,65.75,,,,12.0,32.5,
L1EHL2RSLB,4.0,,65.5,11.5,,,4,2.0,56.5,56.5,21.5,,,4.0,1.0,24.0,65.75,,,,12.0,32.5,
L1EHL2RSLC,4.0,,65.0,13.5,,,4,2.0,54.5,54.5,23.0,,,2.0,1.0,24.0,65.75,,,,12.0,30.5,
L1EHL2RSLD,4.0,,72.5,14.0,,,4,2.0,54.5,54.5,23.0,,,2.0,1.0,24.0,65.75,,,,12.0,30.5,
L1EHL2RTLA,4.0,,63.5,19.0,,,4,2.0,67.0,67.0,16.0,,,4.0,1.0,24.0,65.75,,,,12.0,43.0,
L1EHL2RTLB,4.0,,73.5,13.0,,,4,2.0,67.0,67.0,16.0,,,4.0,1.0,24.0,65.75,,,,12.0,43.0,
L1EHL2RULA,4.0,84.5,79.0,10.0,,,10,2.0,69.0,69.0,14.5,,,2.0,1.0,24.0,65.75,,,,12.0,45.0,15.5
L1EHL2RULB,4.0,,71.5,14.0,,,4,2.0,69.0,69.0,14.5,,,2.0,1.0,24.0,65.75,,,,12.0,45.0,
L1EHL2RVLA,4.0,,62.5,17.0,,,4,2.0,66.5,66.5,15.0,,,4.0,1.0,24.0,65.75,,,,12.0,42.5,
L1EHL2RVLB,4.0,,65.5,13.5,,,2,2.0,66.5,66.5,15.0,,,4.0,1.0,24.0,65.75,,,,12.0,42.5,
L1EHL2RWLE,4.0,85.5,88.5,6.6,,,8,2.0,73.0,73.0,13.5,,,4.0,1.0,24.0,65.75,,,,12.0,49.0,12.5
L1EHL2RWLF,4.0,,85.5,6.5,,,4,2.0,73.0,73.0,13.5,,,4.0,1.0,24.0,65.75,,,,12.0,49.0,
L1EHL2RXLA,4.0,,71.0,16.0,,,2,2.0,69.5,69.5,12.0,,,4.0,1.0,24.0,65.75,,,,12.0,45.5,
L1EHL2RXLB,4.0,86.0,77.5,8.2,,,8,2.0,69.5,69.5,12.0,,,4.0,1.0,24.0,65.75,,,,12.0,45.5,16.5
L1EHL2RYLA,4.0,,65.0,11.5,,,4,2.0,76.0,76.0,10.0,,,2.0,1.0,24.0,65.75,,,,12.0,52.0,
L1EHL2RYLB,4.0,,79.5,10.0,,,4,2.0,76.0,76.0,10.0,,,2.0,1.0,24.0,65.75,,,,12.0,52.0,
L1EHL2RZLA,4.0,,77.0,11.0,,,4,2.0,76.5,76.5,11.0,,,4.0,1.0,24.0,65.75,,,,12.0,52.5,
L1EHL2RZLB,4.0,,73.5,12.5,,,4,2.0,76.5,76.5,11.0,,,4.0,1.0,24.0,65.75,,,,12.0,52.5,
L1EHL2RZLC,4.0,84.5,74.5,10.0,,,10,2.0,76.5,76.5,11.0,,,4.0,1.0,24.0,65.75,,,,12.0,52.5,8.0
L1EHL2SALA,4.0,,74.0,9.5,,,4,2.0,71.5,71.5,14.0,,,2.0,1.0,24.0,65.75,,,,12.0,47.5,
L1EHL2SALB,4.0,,81.0,11.0,,,2,2.0,71.5,71.5,14.0,,,2.0,1.0,24.0,65.75,,,,12.0,47.5,
L1EHL2SBLA,4.0,,71.0,16.5,,,2,2.0,72.0,72.0,8.5,,,4.0,1.0,24.0,65.75,,,,12.0,48.0,
L1EHL2SBLB,4.0,,75.5,13.0,,,2,2.0,72.0,72.0,8.5,,,4.0,1.0,24.0,65.75,,,,12.0,48.0,
L1EHL2SCLA,4.0,,78.5,14.5,,,4,2.0,74.0,74.0,11.0,,,4.0,1.0,24.0,65.75,,,,12.0,50.0,
L1EHL2SCLB,4.0,,81.0,9.0,,,4,2.0,74.0,74.0,11.0,,,4.0,1.0,24.0,65.75,,,,12.0,50.0,
L1EHL2SCLC,4.0,,83.5,8.5,,,2,2.0,74.0,74.0,11.0,,,4.0,1.0,24.0,65.75,,,,12.0,50.0,
L1EHL2SDLA,4.0,81.5,80.5,11.7,,,8,2.0,73.5,73.5,12.5,,,2.0,1.0,24.0,65.75,,,,12.0,49.5,8.0
L1EHL2SDLB,4.0,85.5,86.0,9.4,,,8,2.0,73.5,73.5,12.5,,,2.0,1.0,24.0,65.75,,,,12.0,49.5,12.0
L1EHL2SELA,4.0,74.5,86.0,10.5,,,10,2.0,71.5,71.5,14.0,,,4.0,1.0,24.0,65.75,,,,12.0,47.5,3.0
L1EHL2SELB,4.0,,75.0,14.0,,,4,2.0,71.5,71.5,14.0,,,4.0,1.0,24.0,65.75,,,,12.0,47.5,
L1EHL2SFLA,4.0,83.5,85.0,11.666666666666666,,,10,2.0,69.0,69.0,14.5,,,4.0,1.0,24.0,65.75,,,,12.0,45.0,14.5
L1EHL2SFLB,4.0,85.5,82.5,10.333333333333334,,,10,2.0,69.0,69.0,14.5,,,4.0,1.0,24.0,65.75,,,,12.0,45.0,16.5
L1EHL2SGLA,4.0,,66.0,14.0,,,6,2.0,61.0,61.0,20.5,,,2.0,1.0,24.0,65.75,,,,12.0,37.0,
L1EHL2SGLB,4.0,,67.5,14.5,,,2,2.0,61.0,61.0,20.5,,,2.0,1.0,24.0,65.75,,,,12.0,37.0,
L1EHL2SHLA,4.0,,64.0,16.0,,,4,2.0,60.0,60.0,19.5,,,4.0,1.0,24.0,65.75,,,,12.0,36.0,
L1EHL2SHLB,4.0,,61.5,16.0,,,2,2.0,60.0,60.0,19.5,,,4.0,1.0,24.0,65.75,,,,12.0,36.0,
L1EHL3CAEB,4.0,,92.5,3.5,,,4,2.0,77.5,77.5,8.0,,,2.0,1.0,24.0,65.75,,,,12.0,53.5,
L1EHL3CAEC,4.0,,88.0,5.5,,,2,2.0,77.5,77.5,8.0,,,2.0,1.0,24.0,65.75,,,,12.0,53.5,
L1EHL3CALA,4.0,,80.5,10.0,,,2,2.0,77.5,77.5,8.0,,,2.0,1.0,24.0,65.75,,,,12.0,53.5,
L1EHL3CALC,4.0,,90.5,6.5,,,2,2.0,77.5,77.5,8.0,,,2.0,1.0,24.0,65.75,,,,12.0,53.5,
L1EHL3CBLA,4.0,,91.5,2.5,,,2,2.0,68.0,68.0,16.5,,,4.0,1.0,24.0,65.75,,,,12.0,44.0,
L1EHL3LPLA,4.0,,60.0,21.5,,,2,2.0,61.5,61.5,16.0,,,2.0,1.0,24.0,65.75,,,,12.0,37.5,
L1EHL3LPLB,4.0,,78.5,8.5,,,2,2.0,61.5,61.5,16.0,,,2.0,1.0,24.0,65.75,,,,12.0,37.5,
L1EHL3LPLC,4.0,,72.0,9.5,,,2,2.0,61.5,61.5,16.0,,,2.0,1.0,24.0,65.75,,,,12.0,37.5,
L1EHL3LPLE,4.0,,71.0,15.0,,,4,2.0,61.5,61.5,16.0,,,2.0,1.0,24.0,65.75,,,,12.0,37.5,
L1EHL3LQLA,4.0,,87.0,8.0,,,2,2.0,69.5,69.5,9.5,,,2.0,1.0,24.0,65.75,,,,12.0,45.5,
L1EHL3LQLB,4.0,,82.0,9.0,,,2,2.0,69.5,69.5,9.5,,,2.0,1.0,24.0,65.75,,,,12.0,45.5,
L1EHL3LQLC,4.0,,87.0,7.5,,,4,2.0,69.5,69.5,9.5,,,2.0,1.0,24.0,65.75,,,,12.0,45.5,
L1EHL3LRLA,4.0,,82.0,10.0,,,2,2.0,66.5,66.5,12.5,,,2.0,1.0,24.0,65.75,,,,12.0,42.5,
L1EHL3LRLB,4.0,,86.5,7.0,,,2,2.0,66.5,66.5,12.5,,,2.0,1.0,24.0,65.75,,,,12.0,42.5,
L1EHL3LRLC,4.0,,81.5,9.0,,,4,2.0,66.5,66.5,12.5,,,2.0,1.0,24.0,65.75,,,,12.0,42.5,
L1EHL3LSLA,4.0,,86.0,7.5,,,2,2.0,81.0,81.0,7.0,,,2.0,1.0,24.0,65.75,,,,12.0,57.0,
L1EHL3LSLB,4.0,,88.0,9.0,,,4,2.0,81.0,81.0,7.0,,,2.0,1.0,24.0,65.75,,,,12.0,57.0,
L1EHL3LTLA,4.0,,79.5,11.5,,,2,2.0,77.0,77.0,8.5,,,2.0,1.0,24.0,65.75,,,,12.0,53.0,
L1EHL3LTLB,4.0,,88.0,8.0,,,2,2.0,77.0,77.0,8.5,,,2.0,1.0,24.0,65.75,,,,12.0,53.0,
L1EHL3LULA,4.0,,80.0,9.5,,,2,2.0,84.0,84.0,7.5,,,4.0,1.0,24.0,65.75,,,,12.0,60.0,
L1EHL3LULB,4.0,,86.0,5.5,,,2,2.0,84.0,84.0,7.5,,,4.0,1.0,24.0,65.75,,,,12.0,60.0,
L1ESL2FPLA,4.0,94.0,93.5,4.666666666666667,,,10,2.0,84.0,84.0,4.5,,,2.0,1.0,54.0,56.0,29.125,,,11.0,30.0,10.0
L1ESL2FQLA,4.0,87.5,85.0,8.666666666666666,,,10,2.0,80.0,80.0,10.5,,,4.0,1.0,54.0,56.0,29.125,,,11.0,26.0,7.5
L1ESL2FQLB,4.0,91.5,94.0,4.642857142857143,,,11,2.0,80.0,80.0,10.5,,,4.0,1.0,54.0,56.0,29.125,,,11.0,26.0,11.5
L1ESL2FRLA,4.0,92.0,93.5,4.363636363636363,,,17,2.0,75.5,75.5,8.5,,,4.0,1.0,54.0,56.0,29.125,,,11.0,21.5,16.5
L1ESL2FRLB,4.0,92.0,95.5,6.833333333333333,,,10,2.0,75.5,75.5,8.5,,,4.0,1.0,54.0,56.0,29.125,,,11.0,21.5,16.5
L1ESL2FSLA,4.0,,88.5,5.0,,,2,2.0,84.5,87.0,6.25,,,12.0,1.0,54.0,56.0,29.125,,,11.0,30.5,
L1ESL2FSLB,4.0,,94.5,2.0,,,2,2.0,84.5,87.0,6.25,,,12.0,1.0,54.0,56.0,29.125,,,11.0,30.5,
L1ESL2FSLC,4.0,,90.0,5.5,,,2,2.0,84.5,87.0,6.25,,,12.0,1.0,54.0,56.0,29.125,,,11.0,30.5,
L1ESL2FTLA,4.0,,79.0,11.0,,,4,2.0,70.5,70.5,13.5,,,2.0,1.0,54.0,56.0,29.125,,,11.0,16.5,
L1ESL2FTLC,4.0,93.0,92.5,5.3,,,8,2.0,84.0,84.0,4.5,,,2.0,1.0,54.0,56.0,29.125,,,11.0,30.0,9.0
L1ESL2FTLE,4.0,92.0,93.0,5.166666666666667,,,10,2.0,84.0,84.0,4.5,,,2.0,1.0,54.0,56.0,29.125,,,11.0,30.0,8.0
L1ESL2FTLF,4.0,94.0,92.0,4.9,,,8,2.0,70.5,70.5,13.5,,,2.0,1.0,54.0,56.0,29.125,,,11.0,16.5,23.5
L1ESL2FTLG,4.0,89.5,93.0,5.6,,,8,2.0,70.5,70.5,13.5,,,2.0,1.0,54.0,56.0,29.125,,,11.0,16.5,19.0
L1FSL3AVLA,4.0,83.0,61.0,10.2,,,8,2.0,84.0,84.0,11.5,,,4.0,1.0,59.0,76.1,,,,8.0,25.0,-1.0
L1FSL3AVLB,4.0,,88.0,7.5,,,2,2.0,84.0,84.0,11.5,,,4.0,1.0,59.0,76.1,,,,8.0,25.0,
L1FSL3AXLA,4.0,82.0,77.5,6.8,,,8,2.0,82.5,82.5,10.5,,,4.0,1.0,59.0,76.1,,,,8.0,23.5,-0.5
L1FSL3AXLB,4.0,87.0,75.5,7.333333333333333,,,10,2.0,82.5,82.5,10.5,,,4.0,1.0,59.0,76.1,,,,8.0,23.5,4.5
L1FSL3AYLA,4.0,,87.5,8.5,,,4,2.0,84.0,84.0,8.0,,,2.0,1.0,59.0,76.1,,,,8.0,25.0,
L1FSL3AYLB,4.0,,88.5,8.5,,,2,2.0,84.0,84.0,8.0,,,2.0,1.0,59.0,76.1,,,,8.0,25.0,
L1FSL3AYLC,4.0,,87.0,9.5,,,4,2.0,84.0,84.0,8.0,,,2.0,1.0,59.0,76.1,,,,8.0,25.0,
L1FSL3AZLA,4.0,,71.0,3.5,,,2,2.0,82.5,82.5,11.5,,,4.0,1.0,59.0,76.1,,,,8.0,23.5,
L1FSL3AZLB,4.0,,86.5,6.5,,,2,2.0,82.5,82.5,11.5,,,4.0,1.0,59.0,76.1,,,,8.0,23.5,
L1FSL3BALE,4.0,,82.5,5.5,,,4,2.0,86.5,86.5,6.5,,,4.0,1.0,59.0,76.1,,,,8.0,27.5,
L1FSL3BALF,4.0,,89.5,5.0,,,2,2.0,86.5,86.5,6.5,,,4.0,1.0,59.0,76.1,,,,8.0,27.5,
L1FSL3BBLE,4.0,,86.0,7.0,,,4,2.0,86.0,86.0,8.0,,,4.0,1.0,59.0,76.1,,,,8.0,27.0,
L1FSL3BBLF,4.0,,82.0,8.0,,,4,2.0,86.0,86.0,8.0,,,4.0,1.0,59.0,76.1,,,,8.0,27.0,
L1FSL3BCLC,4.0,,90.5,5.0,,,4,2.0,91.5,91.5,4.5,,,4.0,1.0,59.0,76.1,,,,8.0,32.5,
L1FSL3BDLB,4.0,,90.0,7.0,,,4,2.0,83.5,83.5,9.0,,,2.0,1.0,59.0,76.1,,,,8.0,24.5,
L1FSL3BDLC,4.0,,78.0,5.5,,,2,2.0,83.5,83.5,9.0,,,2.0,1.0,59.0,76.1,,,,8.0,24.5,
L1FSL3BELB,4.0,,90.5,6.5,,,4,2.0,90.5,90.5,5.5,,,2.0,1.0,59.0,76.1,,,,8.0,31.5,
L1FZL3BULA,4.0,,86.0,6.0,,,4,2.0,77.5,77.5,10.5,,,4.0,1.0,48.0,73.5,22.2,,,17.0,29.5,
L1FZL3BULB,4.0,,84.5,5.5,,,4,2.0,77.5,77.5,10.5,,,4.0,1.0,48.0,73.5,22.2,,,17.0,29.5,
L1FZL3BVLA,4.0,,76.5,11.5,,,2,2.0,74.5,74.5,15.0,,,4.0,1.0,48.0,73.5,22.2,,,17.0,26.5,
L1FZL3BVLB,4.0,,85.5,9.5,,,4,2.0,74.5,74.5,15.0,,,4.0,1.0,48.0,73.5,22.2,,,17.0,26.5,
L1FZL3BWLA,4.0,,81.5,9.0,,,4,2.0,78.5,78.5,13.5,,,2.0,1.0,48.0,73.5,22.2,,,17.0,30.5,
L1FZL3BWLB,4.0,,84.0,9.5,,,4,2.0,78.5,78.5,13.5,,,2.0,1.0,48.0,73.5,22.2,,,17.0,30.5,
L1FZL3BXLA,4.0,,71.5,12.5,,,2,2.0,78.0,78.0,13.5,,,2.0,1.0,48.0,73.5,22.2,,,17.0,30.0,
L1FZL3BXLB,4.0,,77.0,6.5,,,2,2.0,78.0,78.0,13.5,,,2.0,1.0,48.0,73.5,22.2,,,17.0,30.0,
L1FZL3BYLA,4.0,,83.5,11.5,,,4,2.0,76.0,76.0,16.0,,,2.0,1.0,48.0,73.5,22.2,,,17.0,28.0,
L1FZL3BYLB,4.0,,72.5,9.0,,,2,2.0,76.0,76.0,16.0,,,2.0,1.0,48.0,73.5,22.2,,,17.0,28.0,
L1FZL3BYLC,4.0,,76.5,11.5,,,2,2.0,76.0,76.0,16.0,,,2.0,1.0,48.0,73.5,22.2,,,17.0,28.0,
L1HDQ23HEA,4.0,59.5,62.0,9.421052631578947,,,28,2.0,72.0,72.0,7.5,,,6.0,1.0,58.0,58.0,,,,4.0,14.0,-12.5
L1HDQ23MEA,4.0,,64.5,10.5,,,4,2.0,68.5,68.5,12.0,,,6.0,1.0,58.0,58.0,,,,4.0,10.5,
L1HDQ23MEB,4.0,,64.5,10.5,,,4,2.0,68.5,68.5,12.0,,,6.0,1.0,58.0,58.0,,,,4.0,10.5,
L1HDQ23MEC,4.0,67.0,67.0,10.6,,,9,2.0,68.5,68.5,12.0,,,6.0,1.0,58.0,58.0,,,,4.0,10.5,-1.5
L1HDQ23MED,4.0,50.0,50.0,10.75,,,7,2.0,68.5,68.5,12.0,,,6.0,1.0,58.0,58.0,,,,4.0,10.5,-18.5
L1HDQ23MEE,4.0,68.0,49.0,7.735294117647059,,,27,2.0,68.5,68.5,12.0,,,6.0,1.0,58.0,58.0,,,,4.0,10.5,-0.5
L1HTL5EMLA,4.0,,81.0,8.0,,,4,2.0,68.5,68.5,11.0,,,4.0,1.0,36.0,75.0,17.038235294117644,,,39.0,32.5,
L1HTL5EMLB,4.0,,72.0,5.0,,,2,2.0,68.5,68.5,11.0,,,4.0,1.0,36.0,75.0,17.038235294117644,,,39.0,32.5,
L1HTL5EMLC,4.0,,66.0,10.0,,,2,2.0,68.5,68.5,11.0,,,4.0,1.0,36.0,75.0,17.038235294117644,,,39.0,32.5,
L1HTL5EPLA,4.0,,65.5,13.0,,,2,2.0,76.5,76.5,12.0,,,2.0,1.0,36.0,75.0,17.038235294117644,,,39.0,40.5,
L1HTL5EPLB,4.0,,74.0,8.0,,,4,2.0,76.5,76.5,12.0,,,2.0,1.0,36.0,75.0,17.038235294117644,,,39.0,40.5,
L1HTL5EQLA,4.0,,75.5,12.0,,,2,2.0,79.5,79.5,5.0,,,2.0,1.0,36.0,75.0,17.038235294117644,,,39.0,43.5,
L1HTL5EQLB,4.0,,77.5,11.0,,,4,2.0,79.5,79.5,5.0,,,2.0,1.0,36.0,75.0,17.038235294117644,,,39.0,43.5,
L1HTL5EQLC,4.0,,65.0,11.0,,,2,2.0,79.5,79.5,5.0,,,2.0,1.0,36.0,75.0,17.038235294117644,,,39.0,43.5,
L1HTL5ERLA,4.0,,76.5,12.5,,,2,2.0,83.5,83.5,7.0,,,4.0,1.0,36.0,75.0,17.038235294117644,,,39.0,47.5,
L1HTL5ERLB,4.0,,82.5,8.5,,,2,2.0,83.5,83.5,7.0,,,4.0,1.0,36.0,75.0,17.038235294117644,,,39.0,47.5,
L1HTL5ESLA,4.0,,81.5,10.0,,,2,2.0,73.5,73.5,11.5,,,4.0,1.0,36.0,75.0,17.038235294117644,,,39.0,37.5,
L1HTL5ESLB,4.0,,85.5,6.5,,,3,2.0,73.5,73.5,11.5,,,4.0,1.0,36.0,75.0,17.038235294117644,,,39.0,37.5,
L1HTL5ESLC,4.0,,75.5,11.5,,,4,2.0,73.5,73.5,11.5,,,4.0,1.0,36.0,75.0,17.038235294117644,,,39.0,37.5,
L1HTL5ETLA,4.0,,66.5,12.5,,,4,2.0,66.5,66.5,17.5,,,2.0,1.0,36.0,75.0,17.038235294117644,,,39.0,30.5,
L1HTL5ETLB,4.0,,76.5,7.5,,,2,2.0,66.5,66.5,17.5,,,2.0,1.0,36.0,75.0,17.038235294117644,,,39.0,30.5,
L1HVL2HLLA,4.0,,60.5,18.0,,,4,2.0,58.0,66.0,7.25,,,3.0,,,,,,,,,
L1HVL2HLLB,4.0,,70.0,18.5,,,2,2.0,58.0,66.0,7.25,,,3.0,,,,,,,,,
L1HVL2HLLC,4.0,68.5,68.5,19.5,,,4,2.0,58.0,66.0,7.25,,,3.0,,,,,,,,,10.5
L1HVL2HMEA,4.0,,69.0,10.0,,,4,2.0,58.0,74.0,11.75,,,6.0,,,,,,,,,
L1HVL2HMEB,4.0,,59.5,17.0,,,4,2.0,58.0,74.0,11.75,,,6.0,,,,,,,,,
L1HVL2HMLA,4.0,87.0,85.5,8.714285714285714,,,11,2.0,58.0,74.0,11.75,,,6.0,,,,,,,,,29.0
L1HVL2HMLB,4.0,86.0,82.0,11.333333333333334,,,10,2.0,58.0,74.0,11.75,,,6.0,,,,,,,,,28.0
L1HVL2HNLA,4.0,,65.5,16.5,,,2,2.0,44.0,48.0,13.25,,,3.0,,,,,,,,,
L1HVL2HNLB,4.0,,66.5,18.5,,,4,2.0,44.0,48.0,13.25,,,3.0,,,,,,,,,
L1HVL2HPLA,4.0,,63.0,17.0,,,4,2.0,58.0,58.0,22.0,,,2.0,,,,,,,,,
L1HVL2HPLB,4.0,,73.0,9.5,,,4,2.0,58.0,58.0,22.0,,,2.0,,,,,,,,,
L1HVL2HQLA,4.0,,71.5,9.0,,,4,2.0,48.0,56.5,13.0,,,6.0,,,,,,,,,
L1HVL2HQLB,4.0,,72.5,13.0,,,4,2.0,48.0,56.5,13.0,,,6.0,,,,,,,,,
L1HVL2HRLA,4.0,,71.0,15.5,,,4,2.0,62.5,62.5,17.5,,,4.0,,,,,,,,,
L1HVL2HRLB,4.0,,65.0,16.0,,,4,2.0,62.5,62.5,17.5,,,4.0,,,,,,,,,
L1JCB2MRLA,4.0,48.5,53.5,20.166666666666668,,,9,2.0,52.0,52.0,24.5,,,4.0,1.0,26.0,26.0,,,,2.0,26.0,-3.5
L1JCB2MRLB,4.0,,40.5,30.0,,,4,2.0,52.0,52.0,24.5,,,4.0,1.0,26.0,26.0,,,,2.0,26.0,
L1JCB2MRLC,4.0,56.0,64.5,15.75,,,7,2.0,52.0,52.0,24.5,,,4.0,1.0,26.0,26.0,,,,2.0,26.0,4.0
L1JCB2MRLD,4.0,57.5,57.5,20.5,,,8,2.0,52.0,52.0,24.5,,,4.0,1.0,26.0,26.0,,,,2.0,26.0,5.5
L1JCB2MRLE,4.0,50.5,54.0,19.944444444444443,,,12,2.0,52.0,52.0,24.5,,,4.0,1.0,26.0,26.0,,,,2.0,26.0,-1.5
L1MRB2NALA,4.0,,70.0,27.75,,,3,2.0,76.5,76.5,11.0,,,4.0,1.0,42.0,42.0,,,,2.0,34.5,
L1MRB2NALB,4.0,,73.5,15.5,,,4,2.0,76.5,76.5,11.0,,,4.0,1.0,42.0,42.0,,,,2.0,34.5,
L1MRB2NALC,4.0,,60.5,19.5,,,4,2.0,76.5,76.5,11.0,,,4.0,1.0,42.0,42.0,,,,2.0,34.5,
L1MRB2NALD,4.0,,59.5,22.5,,,4,2.0,76.5,76.5,11.0,,,4.0,1.0,42.0,42.0,,,,2.0,34.5,
L1MRB2NALE,4.0,74.0,74.0,7.8,,,13,2.0,76.5,76.5,11.0,,,4.0,1.0,42.0,42.0,,,,2.0,34.5,-2.5
L1MRB2NBLA,4.0,84.0,86.0,8.38888888888889,,,14,2.0,74.5,64.0,9.166666666666666,,,9.0,1.0,42.0,42.0,,,,2.0,32.5,9.5
L1MRB2NBLB,4.0,81.0,81.5,12.5,,,5,2.0,74.5,64.0,9.166666666666666,,,9.0,1.0,42.0,42.0,,,,2.0,32.5,6.5
L1MRB2NBLC,4.0,,82.5,10.5,,,2,2.0,74.5,64.0,9.166666666666666,,,9.0,1.0,42.0,42.0,,,,2.0,32.5,
L1MRB2NBLD,4.0,,86.0,12.5,,,6,2.0,74.5,64.0,9.166666666666666,,,9.0,1.0,42.0,42.0,,,,2.0,32.5,
L1MRB2NCLA,4.0,,74.5,15.5,,,2,2.0,65.0,65.0,15.5,,,4.0,1.0,42.0,42.0,,,,2.0,23.0,
L1MRB2NCLB,4.0,,63.0,20.0,,,4,2.0,65.0,65.0,15.5,,,4.0,1.0,42.0,42.0,,,,2.0,23.0,
L1MRB2NCLC,4.0,,63.5,20.5,,,4,2.0,65.0,65.0,15.5,,,4.0,1.0,42.0,42.0,,,,2.0,23.0,
L1MRL2MNLA,4.0,,60.5,21.0,,,2,2.0,60.0,60.0,14.5,,,4.0,1.0,42.0,42.0,,,,2.0,18.0,
L1MRL2MNLB,4.0,,71.5,9.5,,,4,2.0,60.0,60.0,14.5,,,4.0,1.0,42.0,42.0,,,,2.0,18.0,
L1MRL2MNLC,4.0,,66.0,12.5,,,4,2.0,60.0,60.0,14.5,,,4.0,1.0,42.0,42.0,,,,2.0,18.0,
L1MRL2MNLD,4.0,,63.0,8.5,,,2,2.0,60.0,60.0,14.5,,,4.0,1.0,42.0,42.0,,,,2.0,18.0,
L1MRL2MNLE,4.0,,58.0,17.0,,,4,2.0,60.0,60.0,14.5,,,4.0,1.0,42.0,42.0,,,,2.0,18.0,
L1MRL2MNLF,4.0,,63.5,9.5,,,2,2.0,60.0,60.0,14.5,,,4.0,1.0,42.0,42.0,,,,2.0,18.0,
L1MRL2MPLA,4.0,79.5,74.0,25.86111111111111,,,9,2.0,48.5,52.0,9.25,,,6.0,1.0,42.0,42.0,,,,2.0,6.5,31.0
L1MRL2MPLB,4.0,,61.0,14.0,,,4,2.0,48.5,52.0,9.25,,,6.0,1.0,42.0,42.0,,,,2.0,6.5,
L1MRL2MQLA,4.0,,59.5,16.5,,,4,2.0,45.0,59.5,11.0,,,3.0,1.0,42.0,42.0,,,,2.0,3.0,
L1MRL2MQLB,4.0,,68.0,9.5,,,2,2.0,45.0,59.5,11.0,,,3.0,1.0,42.0,42.0,,,,2.0,3.0,
L1MWB3LALC,4.0,,86.0,7.5,,,4,2.0,81.0,73.25,6.34375,,,11.0,1.0,33.0,71.3,32.083333333333336,,,36.0,48.0,
L1MWB3LALD,4.0,,80.0,11.0,,,2,2.0,81.0,73.25,6.34375,,,11.0,1.0,33.0,71.3,32.083333333333336,,,36.0,48.0,
L1MWB3LALE,4.0,,87.5,5.0,,,4,2.0,81.0,73.25,6.34375,,,11.0,1.0,33.0,71.3,32.083333333333336,,,36.0,48.0,
L1MWB3LBEB,4.0,,88.5,9.0,,,2,2.0,86.5,69.5,5.285714285714286,,,10.0,1.0,33.0,71.3,32.083333333333336,,,36.0,53.5,
L1MWB3LBEC,4.0,,67.5,15.5,,,2,2.0,86.5,69.5,5.285714285714286,,,10.0,1.0,33.0,71.3,32.083333333333336,,,36.0,53.5,
L1MWB3LBED,4.0,,70.0,14.333333333333334,,,6,2.0,86.5,69.5,5.285714285714286,,,10.0,1.0,33.0,71.3,32.083333333333336,,,36.0,53.5,
L1MWB3LBLB,4.0,84.0,81.5,6.142857142857143,,,12,2.0,86.5,69.5,5.285714285714286,,,10.0,1.0,33.0,71.3,32.083333333333336,,,36.0,53.5,-2.5
L1MWB3LBLC,4.0,81.5,73.0,8.25,,,7,2.0,86.5,69.5,5.285714285714286,,,10.0,1.0,33.0,71.3,32.083333333333336,,,36.0,53.5,-5.0
L1MWB3LBLD,4.0,,90.0,5.0,,,2,2.0,86.5,69.5,5.285714285714286,,,10.0,1.0,33.0,71.3,32.083333333333336,,,36.0,53.5,
L1MWB3LBLE,4.0,,88.0,4.0,,,2,2.0,86.5,69.5,5.285714285714286,,,10.0,1.0,33.0,71.3,32.083333333333336,,,36.0,53.5,
L1MWB3LBLF,4.0,,89.5,4.0,,,2,2.0,86.5,69.5,5.285714285714286,,,10.0,1.0,33.0,71.3,32.083333333333336,,,36.0,53.5,
L1MWB3LCLA,4.0,87.0,86.0,8.071428571428571,,,11,2.0,71.0,71.0,9.0,,,4.0,1.0,33.0,71.3,32.083333333333336,,,36.0,38.0,16.0
L1MWB3LCLB,4.0,,85.5,6.5,,,4,2.0,71.0,71.0,9.0,,,4.0,1.0,33.0,71.3,32.083333333333336,,,36.0,38.0,
L1MWB3LCLC,4.0,,84.5,6.0,,,2,2.0,71.0,71.0,9.0,,,4.0,1.0,33.0,71.3,32.083333333333336,,,36.0,38.0,
L1MWB3LDLA,4.0,94.5,74.0,9.777777777777779,,,15,2.0,82.0,84.5,5.45,,,13.0,1.0,33.0,71.3,32.083333333333336,,,36.0,49.0,12.5
L1MWB3LDLB,4.0,86.5,71.0,11.833333333333334,,,5,2.0,82.0,84.5,5.45,,,13.0,1.0,33.0,71.3,32.083333333333336,,,36.0,49.0,4.5
L1MWB3LDLC,4.0,90.5,69.5,9.5,,,5,2.0,82.0,84.5,5.45,,,13.0,1.0,33.0,71.3,32.083333333333336,,,36.0,49.0,8.5
L1MWB3LDLD,4.0,87.0,76.5,10.0,,,7,2.0,82.0,84.5,5.45,,,13.0,1.0,33.0,71.3,32.083333333333336,,,36.0,49.0,5.0
L1NXL2PTLA,4.0,,66.5,17.5,,,4,2.0,57.5,58.5,11.5,,,6.0,1.0,41.0,41.0,,,,2.0,16.5,
L1NXL2PTLB,4.0,,64.0,21.5,,,4,2.0,57.5,58.5,11.5,,,6.0,1.0,41.0,41.0,,,,2.0,16.5,
L1NXL2PTLC,4.0,,69.0,18.5,,,4,2.0,57.5,58.5,11.5,,,6.0,1.0,41.0,41.0,,,,2.0,16.5,
L1NXL2PULA,4.0,62.0,68.0,19.4,,,14,2.0,56.0,56.0,22.5,,,2.0,1.0,41.0,41.0,,,,2.0,15.0,6.0
L1NXL2PULB,4.0,66.0,66.0,21.166666666666668,,,8,2.0,56.0,56.0,22.5,,,2.0,1.0,41.0,41.0,,,,2.0,15.0,10.0
L1NXL2PULC,4.0,,63.0,17.5,,,4,2.0,56.0,56.0,22.5,,,2.0,1.0,41.0,41.0,,,,2.0,15.0,
L1NXL2PVLD,4.0,74.5,69.5,17.833333333333332,,,10,2.0,41.0,63.5,15.75,,,3.0,1.0,41.0,41.0,,,,2.0,0.0,33.5
L1NXL2PVLE,4.0,,62.0,22.5,,,4,2.0,41.0,63.5,15.75,,,3.0,1.0,41.0,41.0,,,,2.0,0.0,
L1NXL2PVLF,4.0,,66.0,21.25,,,3,2.0,41.0,63.5,15.75,,,3.0,1.0,41.0,41.0,,,,2.0,0.0,
L1NXL2PWLA,4.0,,68.0,13.5,,,2,2.0,60.0,60.0,14.0,,,4.0,1.0,41.0,41.0,,,,2.0,19.0,
L1NXL2PWLB,4.0,,64.0,21.25,,,3,2.0,60.0,60.0,14.0,,,4.0,1.0,41.0,41.0,,,,2.0,19.0,
L1NXL2PXLA,4.0,71.0,71.0,27.666666666666668,,,4,2.0,69.0,69.0,15.5,,,4.0,1.0,41.0,41.0,,,,2.0,28.0,2.0
L1NXL2PXLB,4.0,67.5,67.5,30.333333333333332,,,8,2.0,69.0,69.0,15.5,,,4.0,1.0,41.0,41.0,,,,2.0,28.0,-1.5
L1NXL2PXLC,4.0,,61.0,30.25,,,6,2.0,69.0,69.0,15.5,,,4.0,1.0,41.0,41.0,,,,2.0,28.0,
L1NXL2PXLD,4.0,,65.0,19.0,,,3,2.0,60.0,60.0,14.0,,,4.0,1.0,41.0,41.0,,,,2.0,19.0,
L1NXL2PYLA,4.0,,74.5,16.0,,,4,2.0,62.5,62.5,18.0,,,4.0,1.0,41.0,41.0,,,,2.0,21.5,
L1NXL2PYLB,4.0,,65.0,22.0,,,4,2.0,62.5,62.5,18.0,,,4.0,1.0,41.0,41.0,,,,2.0,21.5,
L1NXL2PYLC,4.0,,74.5,16.5,,,4,2.0,62.5,62.5,18.0,,,4.0,1.0,41.0,41.0,,,,2.0,21.5,
L1PBL2CKLA,4.0,92.5,89.5,6.0,,,5,2.0,85.0,85.0,9.0,,,4.0,1.0,52.0,52.0,,,,4.0,33.0,7.5
L1PBL2CKLB,4.0,,92.5,5.0,,,4,2.0,85.0,85.0,9.0,,,4.0,1.0,52.0,52.0,,,,4.0,33.0,
L1PBL2CLLA,4.0,,84.0,6.5,,,2,2.0,79.5,79.5,11.5,,,4.0,1.0,52.0,52.0,,,,4.0,27.5,
L1PBL2CLLB,4.0,,81.5,9.5,,,2,2.0,79.5,79.5,11.5,,,4.0,1.0,52.0,52.0,,,,4.0,27.5,
L1PBL2CMLA,4.0,91.0,92.0,5.333333333333333,,,10,2.0,84.0,84.0,9.5,,,2.0,1.0,52.0,52.0,,,,4.0,32.0,7.0
L1PBL2CMLB,4.0,,85.0,6.0,,,2,2.0,84.0,84.0,9.5,,,2.0,1.0,52.0,52.0,,,,4.0,32.0,
L1PBL2CNLA,4.0,92.5,89.5,8.833333333333334,,,10,2.0,79.5,79.5,10.0,,,4.0,1.0,52.0,52.0,,,,4.0,27.5,13.0
L1PBL2CNLB,4.0,94.5,89.0,8.166666666666666,,,10,2.0,79.5,79.5,10.0,,,4.0,1.0,52.0,52.0,,,,4.0,27.5,15.0
L1PBL2CPLA,4.0,91.0,88.5,7.5,,,5,2.0,80.0,80.0,12.5,,,4.0,1.0,52.0,52.0,,,,4.0,28.0,11.0
L1PBL2CPLB,4.0,,85.5,8.5,,,2,2.0,80.0,80.0,12.5,,,4.0,1.0,52.0,52.0,,,,4.0,28.0,
L1SSL2NTLA,4.0,,70.0,12.5,,,2,2.0,75.0,75.0,11.0,,,4.0,1.0,40.0,40.0,,,,2.0,35.0,
L1SSL2NTLB,4.0,,81.5,9.0,,,4,2.0,75.0,75.0,11.0,,,4.0,1.0,40.0,40.0,,,,2.0,35.0,
L1SSL2NULA,4.0,,74.0,13.0,,,2,2.0,69.0,69.0,14.5,,,4.0,1.0,40.0,40.0,,,,2.0,29.0,
L1SSL2NULB,4.0,,66.0,15.0,,,4,2.0,69.0,69.0,14.5,,,4.0,1.0,40.0,40.0,,,,2.0,29.0,
L1SSL2NVLA,4.0,,72.0,9.5,,,4,2.0,82.0,82.0,8.5,,,2.0,1.0,40.0,40.0,,,,2.0,42.0,
L1SSL2NVLB,4.0,,80.0,9.5,,,2,2.0,82.0,82.0,8.5,,,2.0,1.0,40.0,40.0,,,,2.0,42.0,
L1SSL2NVLC,4.0,89.5,89.5,7.333333333333333,,,10,2.0,82.0,82.0,8.5,,,2.0,1.0,40.0,40.0,,,,2.0,42.0,7.5
L1SSL2NWLA,4.0,,68.0,16.0,,,2,2.0,84.5,84.5,5.5,,,4.0,1.0,40.0,40.0,,,,2.0,44.5,
L1SSL2NWLB,4.0,,62.0,15.0,,,4,2.0,84.5,84.5,5.5,,,4.0,1.0,40.0,40.0,,,,2.0,44.5,
L1SSL2NXLA,4.0,,78.0,10.0,,,4,2.0,74.5,74.5,12.0,,,4.0,1.0,40.0,40.0,,,,2.0,34.5,
L1SSL2NXLB,4.0,,74.5,13.0,,,2,2.0,74.5,74.5,12.0,,,4.0,1.0,40.0,40.0,,,,2.0,34.5,
L1SSL2NYLA,4.0,,78.0,13.5,,,2,2.0,76.0,76.0,11.5,,,2.0,1.0,40.0,40.0,,,,2.0,36.0,
L1SSL2NYLB,4.0,,65.0,16.0,,,6,2.0,76.0,76.0,11.5,,,2.0,1.0,40.0,40.0,,,,2.0,36.0,
L1SSL2NYLC,4.0,,65.0,16.0,,,2,2.0,76.0,76.0,11.5,,,2.0,1.0,40.0,40.0,,,,2.0,36.0,
L1SSL2NYLD,4.0,,81.0,5.5,,,4,2.0,76.0,76.0,11.5,,,2.0,1.0,40.0,40.0,,,,2.0,36.0,
L1SSL2NZLA,4.0,,78.5,10.0,,,4,2.0,72.0,72.0,12.0,,,4.0,1.0,40.0,40.0,,,,2.0,32.0,
L1SSL2NZLB,4.0,,79.0,7.0,,,4,2.0,72.0,72.0,12.0,,,4.0,1.0,40.0,40.0,,,,2.0,32.0,
L1SSL2PALA,4.0,,81.5,9.0,,,4,2.0,74.5,74.5,11.0,,,4.0,1.0,40.0,40.0,,,,2.0,34.5,
L1SXL2QALA,4.0,75.0,73.0,17.4,,,8,2.0,55.0,55.0,20.0,,,4.0,1.0,42.0,42.0,,,,2.0,13.0,20.0
L1SXL2QBLA,4.0,68.0,68.0,25.333333333333332,,,8,2.0,65.5,65.5,14.5,,,4.0,1.0,42.0,42.0,,,,2.0,23.5,2.5
L1SXL2QBLB,4.0,65.5,65.5,22.5,,,4,2.0,65.5,65.5,14.5,,,4.0,1.0,42.0,42.0,,,,2.0,23.5,0.0
L1SXL2QBLC,4.0,67.0,67.0,26.166666666666668,,,4,2.0,65.5,65.5,14.5,,,4.0,1.0,42.0,42.0,,,,2.0,23.5,1.5
L1SXL2QBLD,4.0,66.5,66.5,26.333333333333332,,,8,2.0,65.5,65.5,14.5,,,4.0,1.0,42.0,42.0,,,,2.0,23.5,1.0
L1SXL2QCLA,4.0,65.5,65.5,28.833333333333332,,,8,2.0,65.0,65.0,17.5,,,2.0,1.0,42.0,42.0,,,,2.0,23.0,0.5
L1TGL2NKLD,4.0,,65.5,11.5,,,4,2.0,54.0,54.0,15.0,,,2.0,1.0,32.0,32.0,,,,4.0,22.0,
L1TGL2NKLE,4.0,86.0,76.0,6.833333333333333,,,10,2.0,54.0,54.0,15.0,,,2.0,1.0,32.0,32.0,,,,4.0,22.0,32.0
L1TGL2NKLF,4.0,,68.0,12.0,,,4,2.0,54.0,54.0,15.0,,,2.0,1.0,32.0,32.0,,,,4.0,22.0,
L1TGL2NLLA,4.0,83.5,71.5,10.416666666666666,,,9,2.0,56.5,56.5,13.0,,,2.0,1.0,32.0,32.0,,,,4.0,24.5,27.0
L1TJL2RRLA,4.0,63.5,63.5,13.5,,,4,2.0,57.5,57.5,17.5,,,4.0,1.0,29.0,29.0,,,,2.0,28.5,6.0
L1TJL2RRLB,4.0,62.0,62.0,19.833333333333332,,,8,2.0,57.5,57.5,17.5,,,4.0,1.0,29.0,29.0,,,,2.0,28.5,4.5
L1TJL2RRLC,4.0,,69.0,22.5,,,6,2.0,57.5,57.5,17.5,,,4.0,1.0,29.0,29.0,,,,2.0,28.5,
L1TJL2RRLD,4.0,,71.0,26.5,,,6,2.0,57.5,57.5,17.5,,,4.0,1.0,29.0,29.0,,,,2.0,28.5,
L1TJL2RSLA,4.0,,60.5,24.0,,,4,2.0,50.0,50.0,16.0,,,4.0,1.0,29.0,29.0,,,,2.0,21.0,
L1TML2NGLB,4.0,,70.5,10.5,,,4,2.0,68.0,68.0,18.0,,,4.0,1.0,35.0,35.0,,,,2.0,33.0,
L1TML2NGLC,4.0,,77.0,12.0,,,4,2.0,68.0,68.0,18.0,,,4.0,1.0,35.0,35.0,,,,2.0,33.0,
L1TVL2MALA,4.0,61.5,61.5,23.833333333333332,,,8,2.0,69.0,69.0,15.0,,,2.0,1.0,40.0,46.0,28.77777777777778,,,39.0,29.0,-7.5
L1TVL2MALB,4.0,75.0,75.0,20.166666666666668,,,8,2.0,69.0,69.0,15.0,,,2.0,1.0,40.0,46.0,28.77777777777778,,,39.0,29.0,6.0
L1TVL2MALC,4.0,72.0,72.0,17.5,,,8,2.0,69.0,69.0,15.0,,,2.0,1.0,40.0,46.0,28.77777777777778,,,39.0,29.0,3.0
L1TVL2MBLA,4.0,77.0,77.0,18.0,,,6,2.0,69.0,69.0,17.0,,,4.0,1.0,40.0,46.0,28.77777777777778,,,39.0,29.0,8.0
L1TVL2MBLC,4.0,,61.0,15.0,,,4,2.0,69.0,69.0,17.0,,,4.0,1.0,40.0,46.0,28.77777777777778,,,39.0,29.0,
L1TVL2MBLD,4.0,,61.5,15.5,,,4,2.0,69.0,69.0,17.0,,,4.0,1.0,40.0,46.0,28.77777777777778,,,39.0,29.0,
L1TVL2MCLA,4.0,,73.5,12.5,,,4,2.0,50.5,73.0,11.0,,,6.0,1.0,40.0,46.0,28.77777777777778,,,39.0,10.5,
L1TVL2MCLC,4.0,,76.0,10.5,,,4,2.0,50.5,73.0,11.0,,,6.0,1.0,40.0,46.0,28.77777777777778,,,39.0,10.5,
L1TVL2MCLD,4.0,,77.0,10.0,,,4,2.0,50.5,73.0,11.0,,,6.0,1.0,40.0,46.0,28.77777777777778,,,39.0,10.5,
L1TVL2MDLA,4.0,,66.5,12.5,,,4,2.0,61.0,61.0,16.5,,,4.0,1.0,40.0,46.0,28.77777777777778,,,39.0,21.0,
L1TVL2MDLB,4.0,,75.5,12.5,,,4,2.0,61.0,61.0,16.5,,,4.0,1.0,40.0,46.0,28.77777777777778,,,39.0,21.0,
L1TVL2MDLG,4.0,72.5,78.5,16.333333333333332,,,10,2.0,61.0,61.0,16.5,,,4.0,1.0,40.0,46.0,28.77777777777778,,,39.0,21.0,11.5
L1TVL2MELA,4.0,,63.0,14.5,,,2,2.0,63.0,63.0,16.0,,,4.0,1.0,40.0,46.0,28.77777777777778,,,39.0,23.0,
L1TVL2MELB,4.0,,67.5,14.5,,,4,2.0,63.0,63.0,16.0,,,4.0,1.0,40.0,46.0,28.77777777777778,,,39.0,23.0,
L1TVL2MELC,4.0,,78.5,9.5,,,2,2.0,63.0,63.0,16.0,,,4.0,1.0,40.0,46.0,28.77777777777778,,,39.0,23.0,
L1TVL2MFLA,4.0,80.5,83.5,11.25,,,7,2.0,67.0,67.0,16.0,,,2.0,1.0,40.0,46.0,28.77777777777778,,,39.0,27.0,13.5
L1TVL2MFLB,4.0,,79.5,11.5,,,4,2.0,67.0,67.0,16.0,,,2.0,1.0,40.0,46.0,28.77777777777778,,,39.0,27.0,
L1TVL2MFLC,4.0,77.0,67.5,13.0,,,7,2.0,67.0,67.0,16.0,,,2.0,1.0,40.0,46.0,28.77777777777778,,,39.0,27.0,10.0
L1TVL2RALA,4.0,75.0,75.0,13.125,,,7,2.0,69.0,77.0,12.166666666666666,,,6.0,1.0,40.0,46.0,28.77777777777778,,,39.0,29.0,6.0
L1TVL2RALB,4.0,77.5,69.5,12.875,,,7,2.0,69.0,77.0,12.166666666666666,,,6.0,1.0,40.0,46.0,28.77777777777778,,,39.0,29.0,8.5
L1TVL2RALC,4.0,80.0,72.0,12.875,,,7,2.0,69.0,77.0,12.166666666666666,,,6.0,1.0,40.0,46.0,28.77777777777778,,,39.0,29.0,11.0
L1TVL2RBLA,4.0,73.5,66.0,12.333333333333334,,,19,2.0,78.0,78.0,8.0,,,2.0,1.0,40.0,46.0,28.77777777777778,,,39.0,38.0,-4.5
L1TVL2RBLB,4.0,82.5,75.0,11.125,,,13,2.0,78.0,78.0,8.0,,,2.0,1.0,40.0,46.0,28.77777777777778,,,39.0,38.0,4.5
L1TVL2RBLC,4.0,81.5,69.0,13.166666666666666,,,10,2.0,78.0,78.0,8.0,,,2.0,1.0,40.0,46.0,28.77777777777778,,,39.0,38.0,3.5
L1TVL2RCLA,4.0,81.5,74.0,13.727272727272727,,,16,2.0,72.5,72.5,14.0,,,4.0,1.0,40.0,46.0,28.77777777777778,,,39.0,32.5,9.0
L1TVL2RCLB,4.0,82.5,81.0,11.5,,,8,2.0,72.5,72.5,14.0,,,4.0,1.0,40.0,46.0,28.77777777777778,,,39.0,32.5,10.0
L1TVL2RCLC,4.0,78.0,67.5,12.5,,,5,2.0,72.5,72.5,14.0,,,4.0,1.0,40.0,46.0,28.77777777777778,,,39.0,32.5,5.5
L1TVL2RDEB,4.0,,75.5,17.0,,,2,2.0,67.5,63.0,11.833333333333334,,,9.0,1.0,40.0,46.0,28.77777777777778,,,39.0,27.5,
L1TVL2RDLA,4.0,,80.0,11.0,,,4,2.0,67.5,63.0,11.833333333333334,,,9.0,1.0,40.0,46.0,28.77777777777778,,,39.0,27.5,
L1TVL2RDLD,4.0,,79.0,13.5,,,4,2.0,67.5,63.0,11.833333333333334,,,9.0,1.0,40.0,46.0,28.77777777777778,,,39.0,27.5,
L1TVL2RDLE,4.0,,75.0,11.5,,,4,2.0,67.5,63.0,11.833333333333334,,,9.0,1.0,40.0,46.0,28.77777777777778,,,39.0,27.5,
L1TVL2RELA,4.0,,73.5,15.75,,,6,2.0,78.0,78.0,12.5,,,4.0,1.0,40.0,46.0,28.77777777777778,,,39.0,38.0,
L1TVL2RELB,4.0,,62.5,17.5,,,2,2.0,78.0,78.0,12.5,,,4.0,1.0,40.0,46.0,28.77777777777778,,,39.0,38.0,
L1TVL2RELC,4.0,,63.5,19.0,,,2,2.0,78.0,78.0,12.5,,,4.0,1.0,40.0,46.0,28.77777777777778,,,39.0,38.0,
L1TVL2RFLA,4.0,,78.0,14.5,,,4,2.0,69.0,69.0,14.5,,,2.0,1.0,40.0,46.0,28.77777777777778,,,39.0,29.0,
L1TVL2RFLB,4.0,,75.0,13.0,,,2,2.0,69.0,69.0,14.5,,,2.0,1.0,40.0,46.0,28.77777777777778,,,39.0,29.0,
L1TVL2RFLC,4.0,,72.0,7.0,,,4,2.0,69.0,69.0,14.5,,,2.0,1.0,40.0,46.0,28.77777777777778,,,39.0,29.0,
L1TVL2RGLA,4.0,76.5,79.0,14.0,,,5,2.0,69.0,75.5,14.0,,,4.0,1.0,40.0,46.0,28.77777777777778,,,39.0,29.0,7.5
L1TVL2RGLB,4.0,71.5,71.5,18.125,,,7,2.0,69.0,75.5,14.0,,,4.0,1.0,40.0,46.0,28.77777777777778,,,39.0,29.0,2.5
L1TVL2RHLA,4.0,80.5,72.5,13.5,,,8,2.0,74.0,74.0,14.0,,,4.0,1.0,40.0,46.0,28.77777777777778,,,39.0,34.0,6.5
L1TVL2RHLB,4.0,77.5,68.5,12.875,,,14,2.0,74.0,74.0,14.0,,,4.0,1.0,40.0,46.0,28.77777777777778,,,39.0,34.0,3.5
L1TVL2RHLC,4.0,,72.0,14.5,,,2,2.0,74.0,74.0,14.0,,,4.0,1.0,40.0,46.0,28.77777777777778,,,39.0,34.0,
L1TVL2RJLA,4.0,74.5,74.5,15.125,,,7,2.0,61.5,75.5,15.0,,,6.0,1.0,40.0,46.0,28.77777777777778,,,39.0,21.5,13.0
L1TVL2RJLB,4.0,71.0,71.0,20.125,,,7,2.0,61.5,75.5,15.0,,,6.0,1.0,40.0,46.0,28.77777777777778,,,39.0,21.5,9.5
L1TVL2RJLC,4.0,75.0,75.0,14.0,,,10,2.0,61.5,75.5,15.0,,,6.0,1.0,40.0,46.0,28.77777777777778,,,39.0,21.5,13.5
L1TVL2RKLA,4.0,81.0,79.5,11.333333333333334,,,10,2.0,77.5,77.5,13.5,,,2.0,1.0,40.0,46.0,28.77777777777778,,,39.0,37.5,3.5
L1TVL2RKLB,4.0,89.0,79.5,10.666666666666666,,,5,2.0,77.5,77.5,13.5,,,2.0,1.0,40.0,46.0,28.77777777777778,,,39.0,37.5,11.5
L1TVL2RKLC,4.0,77.0,60.5,14.625,,,7,2.0,77.5,77.5,13.5,,,2.0,1.0,40.0,46.0,28.77777777777778,,,39.0,37.5,-0.5
L1TVL2RLLA,4.0,84.5,80.0,11.0,,,5,2.0,69.5,69.5,12.5,,,4.0,1.0,40.0,46.0,28.77777777777778,,,39.0,29.5,15.0
L1TVL2RLLB,4.0,81.0,73.5,17.125,,,7,2.0,69.5,69.5,12.5,,,4.0,1.0,40.0,46.0,28.77777777777778,,,39.0,29.5,11.5
L1TVL2RLLC,4.0,82.0,81.5,10.666666666666666,,,5,2.0,69.5,69.5,12.5,,,4.0,1.0,40.0,46.0,28.77777777777778,,,39.0,29.5,12.5
L1TVL2RMLA,4.0,81.5,81.5,10.75,,,13,2.0,75.0,75.0,12.0,,,4.0,1.0,40.0,46.0,28.77777777777778,,,39.0,35.0,6.5
L1TVL2RMLB,4.0,83.0,84.5,10.833333333333334,,,10,2.0,75.0,75.0,12.0,,,4.0,1.0,40.0,46.0,28.77777777777778,,,39.0,35.0,8.0
L1TVL2RMLC,4.0,81.5,79.0,13.166666666666666,,,10,2.0,75.0,75.0,12.0,,,4.0,1.0,40.0,46.0,28.77777777777778,,,39.0,35.0,6.5
L1TVL2RNLA,4.0,78.0,78.0,10.375,,,7,2.0,67.0,69.5,13.25,,,4.0,1.0,40.0,46.0,28.77777777777778,,,39.0,27.0,11.0
L1TVL2RNLB,4.0,77.5,79.0,12.875,,,7,2.0,67.0,69.5,13.25,,,4.0,1.0,40.0,46.0,28.77777777777778,,,39.0,27.0,10.5
L1TVL2RNLC,4.0,82.0,82.0,9.625,,,7,2.0,67.0,69.5,13.25,,,4.0,1.0,40.0,46.0,28.77777777777778,,,39.0,27.0,15.0
L1TVL2RPLA,4.0,,73.5,17.5,,,4,2.0,66.5,66.5,12.5,,,4.0,1.0,40.0,46.0,28.77777777777778,,,39.0,26.5,
L1TVL2RPLB,4.0,,75.5,14.5,,,4,2.0,66.5,66.5,12.5,,,4.0,1.0,40.0,46.0,28.77777777777778,,,39.0,26.5,
L1UAQ23JEA,4.0,54.0,64.0,9.625,,,10,2.0,61.0,61.0,11.5,,,4.0,1.0,41.0,41.0,,,,4.0,20.0,-7.0
L1UAQ23JEB,4.0,54.0,64.0,9.75,,,10,2.0,61.0,61.0,11.5,,,4.0,1.0,41.0,41.0,,,,4.0,20.0,-7.0
L1UAQ23JEC,4.0,54.0,64.0,9.625,,,10,2.0,61.0,61.0,11.5,,,4.0,1.0,41.0,41.0,,,,4.0,20.0,-7.0
L1UAQ23JED,4.0,62.0,63.0,9.875,,,12,2.0,61.0,61.0,11.5,,,4.0,1.0,41.0,41.0,,,,4.0,20.0,1.0
L1UAQ23JEE,4.0,62.0,55.0,12.285714285714286,,,10,2.0,61.0,61.0,11.5,,,4.0,1.0,41.0,41.0,,,,4.0,20.0,1.0
L1UAQ23JEF,4.0,54.0,64.5,10.5,,,12,2.0,61.0,61.0,11.5,,,4.0,1.0,41.0,41.0,,,,4.0,20.0,-7.0
L1UAQ23KEA,4.0,40.0,55.5,18.8,,,14,2.0,42.5,42.5,27.5,,,4.0,1.0,41.0,41.0,,,,4.0,1.5,-2.5
L1VFB1LVLA,4.0,84.5,80.0,13.0,,,10,2.0,75.5,75.5,12.0,,,4.0,1.0,38.0,38.0,,,,2.0,37.5,9.0
L1VFB1LVLB,4.0,84.5,83.5,13.666666666666666,,,10,2.0,75.5,75.5,12.0,,,4.0,1.0,38.0,38.0,,,,2.0,37.5,9.0
L1VFB1LWLA,4.0,84.5,74.5,11.5,,,6,2.0,80.5,80.5,10.5,,,4.0,1.0,38.0,38.0,,,,2.0,42.5,4.0
L1VFB1LWLB,4.0,,70.0,14.0,,,4,2.0,80.5,80.5,10.5,,,4.0,1.0,38.0,38.0,,,,2.0,42.5,
L1VFB1LWLE,4.0,82.0,74.5,15.0,,,10,2.0,80.5,80.5,10.5,,,4.0,1.0,38.0,38.0,,,,2.0,42.5,1.5
L1VFB1LXLA,4.0,83.5,81.5,13.833333333333334,,,5,2.0,68.5,68.5,13.0,,,4.0,1.0,38.0,38.0,,,,2.0,30.5,15.0
L1VFB1LXLB,4.0,84.5,82.5,11.2,,,8,2.0,68.5,68.5,13.0,,,4.0,1.0,38.0,38.0,,,,2.0,30.5,16.0
L1VFB1LZLA,4.0,84.0,75.0,14.0,,,7,2.0,52.0,52.0,20.5,,,4.0,1.0,38.0,38.0,,,,2.0,14.0,32.0
L1VFB1LZLB,4.0,,64.25,20.25,,,4,2.0,52.0,52.0,20.5,,,4.0,1.0,38.0,38.0,,,,2.0,14.0,
L1VFB1MALA,4.0,80.0,38.5,14.5625,,,13,2.0,82.0,82.0,8.0,,,4.0,1.0,38.0,38.0,,,,2.0,44.0,-2.0
L1VFB1MALB,4.0,84.0,79.5,15.333333333333334,,,10,2.0,82.0,82.0,8.0,,,4.0,1.0,38.0,38.0,,,,2.0,44.0,2.0
L1VFB1MBLA,4.0,,71.5,17.5,,,2,2.0,66.5,66.5,15.0,,,4.0,1.0,38.0,38.0,,,,2.0,28.5,
L1VFB1MBLB,4.0,,80.5,11.5,,,4,2.0,66.5,66.5,15.0,,,4.0,1.0,38.0,38.0,,,,2.0,28.5,
L1VFB1MCLA,4.0,81.0,82.0,11.9,,,8,2.0,60.0,60.0,13.0,,,4.0,1.0,38.0,38.0,,,,2.0,22.0,21.0
L1VFB1MCLB,4.0,86.0,83.0,12.666666666666666,,,10,2.0,60.0,60.0,13.0,,,4.0,1.0,38.0,38.0,,,,2.0,22.0,26.0
L1VFB1MDLA,4.0,84.5,78.0,12.875,,,13,2.0,75.0,75.0,97.5,,,4.0,1.0,38.0,38.0,,,,2.0,37.0,9.5
L1VFB1MDLB,4.0,81.5,80.5,16.25,,,7,2.0,75.0,75.0,97.5,,,4.0,1.0,38.0,38.0,,,,2.0,37.0,6.5
L1VFB1MELA,4.0,,62.5,21.0,,,4,2.0,67.0,67.0,15.5,,,4.0,1.0,38.0,38.0,,,,2.0,29.0,
L1VFB1MELB,4.0,,73.0,12.0,,,4,2.0,67.0,67.0,15.5,,,4.0,1.0,38.0,38.0,,,,2.0,29.0,
L1VFB1MFLA,4.0,78.5,76.5,13.3125,,,13,2.0,74.0,74.0,11.0,,,4.0,1.0,38.0,38.0,,,,2.0,36.0,4.5
L1WGL2SSLA,4.0,,72.5,15.0,,,2,2.0,63.0,63.0,16.5,,,4.0,1.0,36.0,60.25,30.0,,,18.0,27.0,
L1WGL2SSLB,4.0,,70.5,18.0,,,4,2.0,63.0,63.0,16.5,,,4.0,1.0,36.0,60.25,30.0,,,18.0,27.0,
L1WGL2STLA,4.0,,63.5,25.25,,,3,2.0,55.0,55.0,28.0,,,4.0,1.0,36.0,60.25,30.0,,,18.0,19.0,
L1WGL2STLB,4.0,,66.0,24.75,,,6,2.0,55.0,55.0,28.0,,,4.0,1.0,36.0,60.25,30.0,,,18.0,19.0,
L1WGL2STLC,4.0,,70.0,25.0,,,6,2.0,55.0,55.0,28.0,,,4.0,1.0,36.0,60.25,30.0,,,18.0,19.0,
L1XLL2TALA,4.0,49.5,64.5,20.95,,,13,2.0,32.5,32.5,45.5,,,2.0,1.0,18.0,53.2,61.892857142857146,,,34.0,14.5,17.0
L1XLL2TALB,4.0,33.0,73.0,23.083333333333332,,,16,2.0,32.5,32.5,45.5,,,2.0,1.0,18.0,53.2,61.892857142857146,,,34.0,14.5,0.5
L1XLL2TBLA,4.0,40.0,70.0,26.666666666666668,,,8,2.0,17.5,17.5,58.5,,,2.0,1.0,18.0,53.2,61.892857142857146,,,34.0,-0.5,22.5
L1XLL2UALA,4.0,,74.5,16.0,,,4,2.0,42.0,53.5,14.333333333333334,,,16.0,1.0,18.0,53.2,61.892857142857146,,,34.0,24.0,
L1XLL2UALB,4.0,,66.0,18.5,,,2,2.0,42.0,53.5,14.333333333333334,,,16.0,1.0,18.0,53.2,61.892857142857146,,,34.0,24.0,
L1XLL2UALC,4.0,,66.0,15.0,,,4,2.0,42.0,53.5,14.333333333333334,,,16.0,1.0,18.0,53.2,61.892857142857146,,,34.0,24.0,
L1XLL2UBLA,4.0,,60.0,15.5,,,2,2.0,33.5,54.5,20.555555555555557,,,12.0,1.0,18.0,53.2,61.892857142857146,,,34.0,15.5,
L1XLL2UBLB,4.0,,69.5,15.5,,,2,2.0,33.5,54.5,20.555555555555557,,,12.0,1.0,18.0,53.2,61.892857142857146,,,34.0,15.5,
L1XLL2UCLA,4.0,,72.0,12.5,,,2,2.0,27.0,45.5,26.9375,,,12.0,1.0,18.0,53.2,61.892857142857146,,,34.0,9.0,
L1XLL2UCLB,4.0,,68.0,19.0,,,2,2.0,27.0,45.5,26.9375,,,12.0,1.0,18.0,53.2,61.892857142857146,,,34.0,9.0,
L1XLL2UCLC,4.0,,71.0,11.5,,,4,2.0,27.0,45.5,26.9375,,,12.0,1.0,18.0,53.2,61.892857142857146,,,34.0,9.0,
L1XLL2UDLA,4.0,,77.5,12.5,,,2,2.0,52.0,66.0,16.8125,,,11.0,1.0,18.0,53.2,61.892857142857146,,,34.0,34.0,
L1XLL2UDLB,4.0,,66.5,19.0,,,2,2.0,52.0,66.0,16.8125,,,11.0,1.0,18.0,53.2,61.892857142857146,,,34.0,34.0,
L1XLL2UELA,4.0,38.0,76.0,19.6,,,13,2.0,38.0,38.0,32.0,,,4.0,1.0,18.0,53.2,61.892857142857146,,,34.0,20.0,0.0
L1XLL2UELB,4.0,33.5,33.5,23.25,,,10,2.0,38.0,38.0,32.0,,,4.0,1.0,18.0,53.2,61.892857142857146,,,34.0,20.0,-4.5
L1XLL2UFLA,4.0,,67.0,15.5,,,2,2.0,40.0,51.5,21.22222222222222,,,12.0,1.0,18.0,53.2,61.892857142857146,,,34.0,22.0,
L1XLL2UFLB,4.0,,69.5,13.0,,,2,2.0,40.0,51.5,21.22222222222222,,,12.0,1.0,18.0,53.2,61.892857142857146,,,34.0,22.0,
L1XLL2UGLA,4.0,,77.5,14.5,,,4,2.0,45.0,70.5,15.714285714285714,,,10.0,1.0,18.0,53.2,61.892857142857146,,,34.0,27.0,
L1XLL3AFLA,4.0,,74.0,15.5,,,2,2.0,69.5,69.5,16.0,,,2.0,1.0,18.0,53.2,61.892857142857146,,,34.0,51.5,
L1XLL3AFLB,4.0,,71.0,19.5,,,4,2.0,69.5,69.5,16.0,,,2.0,1.0,18.0,53.2,61.892857142857146,,,34.0,51.5,
L1XLL3AGLA,4.0,,67.0,18.0,,,2,2.0,63.5,63.5,13.0,,,10.0,1.0,18.0,53.2,61.892857142857146,,,34.0,45.5,
L1XLL3AGLB,4.0,,71.0,14.75,,,3,2.0,63.5,63.5,13.0,,,10.0,1.0,18.0,53.2,61.892857142857146,,,34.0,45.5,
L1XLL3AHLA,4.0,,80.5,9.5,,,2,2.0,69.5,69.5,18.0,,,4.0,1.0,18.0,53.2,61.892857142857146,,,34.0,51.5,
L1XLL3AHLB,4.0,,81.5,11.0,,,4,2.0,69.5,69.5,18.0,,,4.0,1.0,18.0,53.2,61.892857142857146,,,34.0,51.5,
L1XLL3AHLC,4.0,,78.0,15.5,,,2,2.0,69.5,69.5,18.0,,,4.0,1.0,18.0,53.2,61.892857142857146,,,34.0,51.5,
L1XLL3AJLA,4.0,,82.5,12.0,,,2,2.0,64.0,64.0,22.0,,,4.0,1.0,18.0,53.2,61.892857142857146,,,34.0,46.0,
L1XLL3AJLB,4.0,,71.0,18.5,,,4,2.0,64.0,64.0,22.0,,,4.0,1.0,18.0,53.2,61.892857142857146,,,34.0,46.0,
L1XLL3AJLD,4.0,,83.0,12.0,,,4,2.0,64.0,64.0,22.0,,,4.0,1.0,18.0,53.2,61.892857142857146,,,34.0,46.0,
L1XLL3AKLA,4.0,,80.0,13.5,,,4,2.0,70.0,70.0,14.0,,,4.0,1.0,18.0,53.2,61.892857142857146,,,34.0,52.0,
L1XQB3LELA,4.0,,66.5,14.5,,,2,2.0,80.0,63.5,5.833333333333333,,,12.0,1.0,30.0,67.0,36.61111111111111,,,21.0,50.0,
L1XQB3LELB,4.0,85.5,76.0,9.4,,,9,2.0,80.0,63.5,5.833333333333333,,,12.0,1.0,30.0,67.0,36.61111111111111,,,21.0,50.0,5.5
L1XQB3LFLA,4.0,80.0,19.0,17.416666666666668,,,10,2.0,84.0,76.0,6.777777777777778,,,12.0,1.0,30.0,67.0,36.61111111111111,,,21.0,54.0,-4.0
L1XQB3LFLB,4.0,,74.0,10.0,,,4,2.0,84.0,76.0,6.777777777777778,,,12.0,1.0,30.0,67.0,36.61111111111111,,,21.0,54.0,
L1XQL2RWLA,4.0,,69.5,12.5,,,2,2.0,64.0,64.0,15.0,,,4.0,1.0,30.0,67.0,36.61111111111111,,,21.0,34.0,
L1XQL2RWLB,4.0,,63.5,5.0,,,4,2.0,64.0,64.0,15.0,,,4.0,1.0,30.0,67.0,36.61111111111111,,,21.0,34.0,
L1XQL2RXLA,4.0,,70.0,12.5,,,4,2.0,62.5,62.5,17.0,,,4.0,1.0,30.0,67.0,36.61111111111111,,,21.0,32.5,
L1XQL2RXLB,4.0,,74.5,11.0,,,4,2.0,62.5,62.5,17.0,,,4.0,1.0,30.0,67.0,36.61111111111111,,,21.0,32.5,
L1XQL2RXLC,4.0,,75.0,10.5,,,4,2.0,62.5,62.5,17.0,,,4.0,1.0,30.0,67.0,36.61111111111111,,,21.0,32.5,
L2AYL3KWLA,4.0,65.0,65.0,20.666666666666668,,,8,2.0,32.5,61.5,19.5,,,11.0,1.0,13.0,32.5,13.17,,,7.0,19.5,32.5
L2CKB3MRLA,4.0,,68.5,15.0,,,4,2.0,35.0,59.0,11.75,,,12.0,1.0,21.0,23.5,8.83,,,3.0,14.0,
L2CKB3MRLB,4.0,,64.0,16.0,,,2,2.0,35.0,59.0,11.75,,,12.0,1.0,21.0,23.5,8.83,,,3.0,14.0,
L2CKB3MRLC,4.0,,78.5,8.5,,,2,2.0,35.0,59.0,11.75,,,12.0,1.0,21.0,23.5,8.83,,,3.0,14.0,
L2CKB3MSLA,4.0,,69.5,11.0,,,4,2.0,41.5,60.5,11.125,,,12.0,1.0,21.0,23.5,8.83,,,3.0,20.5,
L2CKB3MSLB,4.0,,79.5,10.0,,,2,2.0,41.5,60.5,11.125,,,12.0,1.0,21.0,23.5,8.83,,,3.0,20.5,
L2CKB3MSLC,4.0,,74.5,9.5,,,4,2.0,41.5,60.5,11.125,,,12.0,1.0,21.0,23.5,8.83,,,3.0,20.5,
L2CKB3MTEC,4.0,,73.5,10.0,,,4,2.0,34.5,68.5,11.375,,,12.0,1.0,21.0,23.5,8.83,,,3.0,13.5,
L2CKB3MTED,4.0,,73.5,10.0,,,4,2.0,34.5,68.5,11.375,,,12.0,1.0,21.0,23.5,8.83,,,3.0,13.5,
L2CKB3MTEE,4.0,,73.5,13.0,,,4,2.0,34.5,68.5,11.375,,,12.0,1.0,21.0,23.5,8.83,,,3.0,13.5,
L2CKB3MTLA,4.0,,75.0,10.0,,,4,2.0,34.5,68.5,11.375,,,12.0,1.0,21.0,23.5,8.83,,,3.0,13.5,
L2FRL3ESLA,4.0,,69.0,10.5,,,4,2.0,62.5,62.5,13.5,,,2.0,1.0,22.17,30.399999999999995,,,,6.0,40.33,
L2FRL3ESLB,4.0,,73.5,9.5,,,2,2.0,62.5,62.5,13.5,,,2.0,1.0,22.17,30.399999999999995,,,,6.0,40.33,
L2FRL3ESLC,4.0,,74.5,9.0,,,2,2.0,62.5,62.5,13.5,,,2.0,1.0,22.17,30.399999999999995,,,,6.0,40.33,
L2FRL3ESLD,4.0,,67.0,16.0,,,2,2.0,62.5,62.5,13.5,,,2.0,1.0,22.17,30.399999999999995,,,,6.0,40.33,
L2FRL3ESLE,4.0,,60.5,17.5,,,3,2.0,62.5,62.5,13.5,,,2.0,1.0,22.17,30.399999999999995,,,,6.0,40.33,
L2FRL3ESLF,4.0,59.5,59.5,12.833333333333334,,,4,2.0,62.5,62.5,13.5,,,2.0,1.0,22.17,30.399999999999995,,,,6.0,40.33,-3.0
L2FRL3ESLG,4.0,,74.0,6.0,,,2,2.0,62.5,62.5,13.5,,,2.0,1.0,22.17,30.399999999999995,,,,6.0,40.33,
L2FRL3ESLH,4.0,,84.5,15.0,,,6,2.0,62.5,62.5,13.5,,,2.0,1.0,22.17,30.399999999999995,,,,6.0,40.33,
L2FRL3ESLJ,4.0,,64.5,12.5,,,2,2.0,62.5,62.5,13.5,,,2.0,1.0,22.17,30.399999999999995,,,,6.0,40.33,
L2FRL3ESLK,4.0,,79.0,4.5,,,4,2.0,62.5,62.5,13.5,,,2.0,1.0,22.17,30.399999999999995,,,,6.0,40.33,
L2FRL3ETLA,4.0,,77.0,7.0,,,6,2.0,35.0,35.0,40.0,,,2.0,1.0,22.17,30.399999999999995,,,,6.0,12.829999999999998,
L2FRL3ETLB,4.0,,68.0,16.5,,,2,2.0,35.0,35.0,40.0,,,2.0,1.0,22.17,30.399999999999995,,,,6.0,12.829999999999998,
L2FRL3EULA,4.0,,60.0,15.5,,,6,2.0,53.5,53.5,20.5,,,4.0,1.0,22.17,30.399999999999995,,,,6.0,31.33,
L2FRL3EULB,4.0,,70.5,11.5,,,4,2.0,53.5,53.5,20.5,,,4.0,1.0,22.17,30.399999999999995,,,,6.0,31.33,
L2GAL3MALA,4.0,,69.5,11.5,,,2,2.0,67.5,67.5,9.5,,,2.0,1.0,11.839999999999998,31.13,10.67,,,3.0,55.660000000000004,
L2GAL3MALB,4.0,,67.0,15.0,,,4,2.0,67.5,67.5,9.5,,,2.0,1.0,11.839999999999998,31.13,10.67,,,3.0,55.660000000000004,
L2GAL3MBLA,4.0,,79.0,10.75,,,3,2.0,75.5,75.5,10.5,,,4.0,1.0,11.839999999999998,31.13,10.67,,,3.0,63.660000000000004,
L2GAL3MBLB,4.0,,79.0,15.25,,,3,2.0,75.5,75.5,10.5,,,4.0,1.0,11.839999999999998,31.13,10.67,,,3.0,63.660000000000004,
L2GAL3MBLC,4.0,,61.5,15.0,,,2,2.0,75.5,75.5,10.5,,,4.0,1.0,11.839999999999998,31.13,10.67,,,3.0,63.660000000000004,
L2GAL3MCLA,4.0,,76.0,14.25,,,3,2.0,67.0,67.0,15.5,,,2.0,1.0,11.839999999999998,31.13,10.67,,,3.0,55.160000000000004,
L2GAL3MCLB,4.0,,75.0,14.0,,,3,2.0,67.0,67.0,15.5,,,2.0,1.0,11.839999999999998,31.13,10.67,,,3.0,55.160000000000004,
L2GAL3MDLA,4.0,80.5,80.5,12.166666666666666,,,4,2.0,62.5,62.5,11.0,,,2.0,1.0,11.839999999999998,31.13,10.67,,,3.0,50.660000000000004,18.0
L2GAL3MDLB,4.0,,63.5,15.0,,,3,2.0,62.5,62.5,11.0,,,2.0,1.0,11.839999999999998,31.13,10.67,,,3.0,50.660000000000004,
L2GAL3MDLC,4.0,,71.0,12.0,,,2,2.0,62.5,62.5,11.0,,,2.0,1.0,11.839999999999998,31.13,10.67,,,3.0,50.660000000000004,
L2GAL3MELA,4.0,78.0,78.0,13.333333333333334,,,4,2.0,62.5,62.5,15.0,,,2.0,1.0,11.839999999999998,31.13,10.67,,,3.0,50.660000000000004,15.5
L2GAL3MELB,4.0,,61.0,7.5,,,2,2.0,62.5,62.5,15.0,,,2.0,1.0,11.839999999999998,31.13,10.67,,,3.0,50.660000000000004,
L2GAL3MELC,4.0,,73.5,8.0,,,2,2.0,62.5,62.5,15.0,,,2.0,1.0,11.839999999999998,31.13,10.67,,,3.0,50.660000000000004,
L2GAL3MFLA,4.0,,71.5,6.5,,,2,2.0,63.0,63.0,14.0,,,2.0,1.0,11.839999999999998,31.13,10.67,,,3.0,51.160000000000004,
L2GAL3MFLB,4.0,,80.0,5.0,,,2,2.0,63.0,63.0,14.0,,,2.0,1.0,11.839999999999998,31.13,10.67,,,3.0,51.160000000000004,
L2GAL3MFLC,4.0,,75.0,7.0,,,2,2.0,63.0,63.0,14.0,,,2.0,1.0,11.839999999999998,31.13,10.67,,,3.0,51.160000000000004,
L2GAL3MGLA,4.0,,66.5,9.5,,,2,2.0,73.0,73.0,12.5,,,2.0,1.0,11.839999999999998,31.13,10.67,,,3.0,61.160000000000004,
L2GAL3MGLB,4.0,,62.0,8.5,,,6,2.0,73.0,73.0,12.5,,,2.0,1.0,11.839999999999998,31.13,10.67,,,3.0,61.160000000000004,
L2GAL3MHLA,4.0,,78.0,11.75,,,3,2.0,57.5,57.5,15.5,,,4.0,1.0,11.839999999999998,31.13,10.67,,,3.0,45.660000000000004,
L2GAL3MHLB,4.0,,65.0,17.0,,,4,2.0,57.5,57.5,15.5,,,4.0,1.0,11.839999999999998,31.13,10.67,,,3.0,45.660000000000004,
L2GAL3MJLA,4.0,81.0,77.0,11.666666666666666,,,9,2.0,64.0,64.0,11.5,,,2.0,1.0,11.839999999999998,31.13,10.67,,,3.0,52.160000000000004,17.0
L2GAL3MJLB,4.0,,74.0,16.0,,,6,2.0,64.0,64.0,11.5,,,2.0,1.0,11.839999999999998,31.13,10.67,,,3.0,52.160000000000004,
L2GAL3MKLA,4.0,,60.0,11.0,,,4,2.0,56.0,56.0,10.5,,,4.0,1.0,11.839999999999998,31.13,10.67,,,3.0,44.160000000000004,
L2GAL3MKLB,4.0,,66.0,15.25,,,6,2.0,56.0,56.0,10.5,,,4.0,1.0,11.839999999999998,31.13,10.67,,,3.0,44.160000000000004,
L2GAL3MLLA,4.0,74.5,75.0,10.65,,,15,2.0,77.5,77.5,14.0,,,4.0,1.0,11.839999999999998,31.13,10.67,,,3.0,65.66,-3.0
L2GAL3MLLB,4.0,68.5,68.5,15.833333333333334,,,4,2.0,77.5,77.5,14.0,,,4.0,1.0,11.839999999999998,31.13,10.67,,,3.0,65.66,-9.0
L2GAL3MMLA,4.0,,61.0,17.5,,,2,2.0,62.0,62.0,14.5,,,2.0,1.0,11.839999999999998,31.13,10.67,,,3.0,50.160000000000004,
L2GAL3MMLB,4.0,,63.5,11.5,,,4,2.0,62.0,62.0,14.5,,,2.0,1.0,11.839999999999998,31.13,10.67,,,3.0,50.160000000000004,
L2GAL3MNLA,4.0,,63.5,13.0,,,3,2.0,73.5,73.5,11.5,,,4.0,1.0,11.839999999999998,31.13,10.67,,,3.0,61.660000000000004,
L2GAL3MNLB,4.0,,63.5,12.75,,,6,2.0,73.5,73.5,11.5,,,4.0,1.0,11.839999999999998,31.13,10.67,,,3.0,61.660000000000004,
L2GPB3LXLA,4.0,,79.0,11.0,,,2,2.0,83.0,83.0,8.5,,,2.0,1.0,36.75,48.25,5.0,,,4.0,46.25,
L2GPB3LXLB,4.0,92.5,94.0,6.0,,,7,2.0,83.0,83.0,8.5,,,2.0,1.0,36.75,48.25,5.0,,,4.0,46.25,9.5
L2GPB3LXLC,4.0,93.5,78.5,5.0,,,5,2.0,83.0,83.0,8.5,,,2.0,1.0,36.75,48.25,5.0,,,4.0,46.25,10.5
L2GPB3LXLD,4.0,,89.0,8.0,,,4,2.0,83.0,83.0,8.5,,,2.0,1.0,36.75,48.25,5.0,,,4.0,46.25,
L2GPB3LXLE,4.0,,78.5,10.0,,,4,2.0,83.0,83.0,8.5,,,2.0,1.0,36.75,48.25,5.0,,,4.0,46.25,
L2GPB3LYLB,4.0,,83.5,7.0,,,4,2.0,86.0,86.0,4.5,,,4.0,1.0,36.75,48.25,5.0,,,4.0,49.25,
L2GPB3LYLC,4.0,92.5,88.0,5.3,,,9,2.0,86.0,86.0,4.5,,,4.0,1.0,36.75,48.25,5.0,,,4.0,49.25,6.5
L2GPB3LYLD,4.0,,80.5,8.0,,,2,2.0,86.0,86.0,4.5,,,4.0,1.0,36.75,48.25,5.0,,,4.0,49.25,
L2MLL3KMLA,4.0,64.5,64.5,25.666666666666668,,,4,2.0,55.0,37.5,19.166666666666668,,,4.0,1.0,6.43,13.17,47.075,,,6.0,48.57,9.5
L2MLL3KMLB,4.0,47.0,65.0,19.125,,,5,2.0,55.0,37.5,19.166666666666668,,,4.0,1.0,6.43,13.17,47.075,,,6.0,48.57,-8.0
L2MLL3KMLC,4.0,,61.0,19.0,,,4,2.0,55.0,37.5,19.166666666666668,,,4.0,1.0,6.43,13.17,47.075,,,6.0,48.57,
L2MLL3KNLA,4.0,64.0,64.0,31.833333333333332,,,4,2.0,62.5,62.5,20.0,,,2.0,1.0,6.43,13.17,47.075,,,6.0,56.07,1.5
L2MLL3KNLB,4.0,,62.5,28.25,,,6,2.0,62.5,62.5,20.0,,,2.0,1.0,6.43,13.17,47.075,,,6.0,56.07,
L2MLL3KPLA,4.0,58.0,73.0,18.1,,,27,2.0,26.5,36.0,26.0,,,3.0,1.0,6.43,13.17,47.075,,,6.0,20.07,31.5
L2NWL4DYLA,4.0,74.0,60.0,14.125,,,6,2.0,58.5,58.5,20.5,,,2.0,1.0,31.3,73.0,19.625714285714285,,,10.0,27.2,15.5
L2NWL4DYLB,4.0,,71.0,11.0,,,2,2.0,58.5,58.5,20.5,,,2.0,1.0,31.3,73.0,19.625714285714285,,,10.0,27.2,
L2NWL4DZLA,4.0,62.0,70.0,13.625,,,7,2.0,60.0,60.0,20.5,,,2.0,1.0,31.3,73.0,19.625714285714285,,,10.0,28.7,2.0
L2NWL4DZLB,4.0,,78.0,10.5,,,2,2.0,60.0,60.0,20.5,,,2.0,1.0,31.3,73.0,19.625714285714285,,,10.0,28.7,
L2NWL4DZLC,4.0,66.0,74.5,11.25,,,7,2.0,60.0,60.0,20.5,,,2.0,1.0,31.3,73.0,19.625714285714285,,,10.0,28.7,6.0
L2NWL4EALA,4.0,,60.5,22.0,,,4,2.0,62.0,62.0,11.5,,,2.0,1.0,31.3,73.0,19.625714285714285,,,10.0,30.7,
L2PXL3LFLA,4.0,,60.5,26.25,,,3,2.0,50.5,37.0,16.5,,,6.0,1.0,10.71,49.669999999999995,10.67,,,3.0,39.79,
L2PXL3LFLB,4.0,,73.5,19.5,,,3,2.0,50.5,37.0,16.5,,,6.0,1.0,10.71,49.669999999999995,10.67,,,3.0,39.79,
L2PXL3LGLA,4.0,,64.0,22.25,,,3,2.0,60.0,60.0,17.5,,,2.0,1.0,10.71,49.669999999999995,10.67,,,3.0,49.29,
L2PXL3LGLB,4.0,,57.5,27.0,,,2,2.0,60.0,60.0,17.5,,,2.0,1.0,10.71,49.669999999999995,10.67,,,3.0,49.29,
L2PXL3LHLA,4.0,55.5,68.5,26.25,,,10,2.0,67.5,67.5,13.5,,,2.0,1.0,10.71,49.669999999999995,10.67,,,3.0,56.79,-12.0
L2PXL3LHLB,4.0,,61.0,22.0,,,2,2.0,67.5,67.5,13.5,,,2.0,1.0,10.71,49.669999999999995,10.67,,,3.0,56.79,
L2PXL3LHLC,4.0,,66.0,16.5,,,4,2.0,67.5,67.5,13.5,,,2.0,1.0,10.71,49.669999999999995,10.67,,,3.0,56.79,
L2PXL3LJLA,4.0,,71.0,19.5,,,4,2.0,30.5,78.0,15.4,,,14.0,1.0,10.71,49.669999999999995,10.67,,,3.0,19.79,
L2PXL3LJLB,4.0,,67.0,13.5,,,3,2.0,30.5,78.0,15.4,,,14.0,1.0,10.71,49.669999999999995,10.67,,,3.0,19.79,
L2PXL3LJLC,4.0,72.5,72.5,12.166666666666666,,,8,2.0,30.5,78.0,15.4,,,14.0,1.0,10.71,49.669999999999995,10.67,,,3.0,19.79,42.0
L2PXL3LKLA,4.0,,64.5,18.0,,,3,2.0,21.0,54.5,18.5,,,6.0,1.0,10.71,49.669999999999995,10.67,,,3.0,10.29,
L2QSL3LWLA,4.0,,70.0,15.5,,,4,2.0,39.5,46.5,17.0,,,3.0,1.0,24.78,31.56,6.11,,,3.0,14.719999999999999,
L2QSL3LWLB,4.0,,64.0,18.0,,,3,2.0,39.5,46.5,17.0,,,3.0,1.0,24.78,31.56,6.11,,,3.0,14.719999999999999,
L2QSL3LXLA,4.0,76.0,84.5,15.75,,,12,2.0,41.0,24.0,12.5,,,3.0,1.0,24.78,31.56,6.11,,,3.0,16.22,35.0
L2QSL3LXLB,4.0,,74.0,11.0,,,4,2.0,41.0,24.0,12.5,,,3.0,1.0,24.78,31.56,6.11,,,3.0,16.22,
L2QSL3LYLA,4.0,,78.0,11.25,,,3,2.0,53.5,29.5,11.0,,,3.0,1.0,24.78,31.56,6.11,,,3.0,28.72,
L2QSL3LYLB,4.0,,66.5,16.0,,,2,2.0,53.5,29.5,11.0,,,3.0,1.0,24.78,31.56,6.11,,,3.0,28.72,
L2QSL3LZLA,4.0,68.0,68.0,20.5,,,8,2.0,48.0,53.0,13.0,,,3.0,1.0,24.78,31.56,6.11,,,3.0,23.22,20.0
L2QSL3LZLB,4.0,,59.5,24.0,,,2,2.0,48.0,53.0,13.0,,,3.0,1.0,24.78,31.56,6.11,,,3.0,23.22,
L2QSL3MALA,4.0,,72.5,17.0,,,6,2.0,66.5,66.5,15.5,,,4.0,1.0,24.78,31.56,6.11,,,3.0,41.72,
L2QSL3MALB,4.0,,64.5,17.25,,,3,2.0,66.5,66.5,15.5,,,4.0,1.0,24.78,31.56,6.11,,,3.0,41.72,
L2QSL3MBLA,4.0,,77.0,16.75,,,3,2.0,70.5,70.5,14.5,,,4.0,1.0,24.78,31.56,6.11,,,3.0,45.72,
L2QSL3MBLB,4.0,,71.0,20.5,,,3,2.0,70.5,70.5,14.5,,,4.0,1.0,24.78,31.56,6.11,,,3.0,45.72,
L2QSL3MCLA,4.0,58.0,62.0,19.625,,,5,2.0,52.5,52.5,15.75,,,3.0,1.0,24.78,31.56,6.11,,,3.0,27.72,5.5
L2QSL3MCLB,4.0,67.0,67.0,23.833333333333332,,,8,2.0,52.5,52.5,15.75,,,3.0,1.0,24.78,31.56,6.11,,,3.0,27.72,14.5
L2QSL3MDLA,4.0,,65.0,19.25,,,6,2.0,67.5,67.5,13.0,,,2.0,1.0,24.78,31.56,6.11,,,3.0,42.72,
L2QSL3MDLB,4.0,60.5,60.5,21.833333333333332,,,4,2.0,67.5,67.5,13.0,,,2.0,1.0,24.78,31.56,6.11,,,3.0,42.72,-7.0
L2RCL4CCLA,4.0,56.0,42.0,18.40909090909091,,,14,2.0,60.5,60.5,24.5,,,4.0,1.0,34.3,60.0,24.056,,,8.0,26.200000000000003,-4.5
L2RCL4CCLB,4.0,,61.5,21.75,,,3,2.0,60.5,60.5,24.5,,,4.0,1.0,34.3,60.0,24.056,,,8.0,26.200000000000003,
L2RCL4CCLC,4.0,54.0,54.0,14.375,,,10,2.0,60.5,60.5,24.5,,,4.0,1.0,34.3,60.0,24.056,,,8.0,26.200000000000003,-6.5
L2RCL4CDLA,4.0,47.0,52.5,16.125,,,5,2.0,51.5,64.0,15.0,,,8.0,1.0,34.3,60.0,24.056,,,8.0,17.200000000000003,-4.5
L2RCL4CDLB,4.0,54.5,54.5,19.666666666666668,,,8,2.0,51.5,64.0,15.0,,,8.0,1.0,34.3,60.0,24.056,,,8.0,17.200000000000003,3.0
L2RCL4CDLC,4.0,51.0,51.0,22.833333333333332,,,4,2.0,51.5,64.0,15.0,,,8.0,1.0,34.3,60.0,24.056,,,8.0,17.200000000000003,-0.5
L2RCL4CDLD,4.0,37.0,57.5,15.25,,,5,2.0,51.5,64.0,15.0,,,8.0,1.0,34.3,60.0,24.056,,,8.0,17.200000000000003,-14.5
L2TDL3KMLA,4.0,,63.0,15.5,,,4,2.0,71.5,71.5,11.0,,,2.0,1.0,13.229999999999999,30.5,6.92,,,3.0,58.27,
L2TDL3KMLB,4.0,,74.5,11.5,,,2,2.0,71.5,71.5,11.0,,,2.0,1.0,13.229999999999999,30.5,6.92,,,3.0,58.27,
L2TDL3KNLA,4.0,,65.5,23.0,,,3,2.0,74.0,74.0,13.0,,,2.0,1.0,13.229999999999999,30.5,6.92,,,3.0,60.77,
L2TDL3KNLB,4.0,,60.5,24.5,,,6,2.0,74.0,74.0,13.0,,,2.0,1.0,13.229999999999999,30.5,6.92,,,3.0,60.77,
L2TDL3KNLC,4.0,,71.5,21.0,,,6,2.0,74.0,74.0,13.0,,,2.0,1.0,13.229999999999999,30.5,6.92,,,3.0,60.77,
L2TDL3KPLA,4.0,68.0,77.0,13.125,,,5,2.0,69.0,69.0,12.0,,,2.0,1.0,13.229999999999999,30.5,6.92,,,3.0,55.77,-1.0
L2TDL3KPLB,4.0,,59.5,14.0,,,2,2.0,69.0,69.0,12.0,,,2.0,1.0,13.229999999999999,30.5,6.92,,,3.0,55.77,
L2TDL3KPLC,4.0,,72.5,16.0,,,3,2.0,69.0,69.0,12.0,,,2.0,1.0,13.229999999999999,30.5,6.92,,,3.0,55.77,
L2TDL3KQLA,4.0,,61.0,11.5,,,2,2.0,68.5,68.5,16.0,,,2.0,1.0,13.229999999999999,30.5,6.92,,,3.0,55.27,
L2TDL3KQLB,4.0,,64.5,16.75,,,3,2.0,68.5,68.5,16.0,,,2.0,1.0,13.229999999999999,30.5,6.92,,,3.0,55.27,
L2TDL3KRLA,4.0,,61.0,12.5,,,4,2.0,69.0,69.0,14.5,,,2.0,1.0,13.229999999999999,30.5,6.92,,,3.0,55.77,
L2TDL3KRLB,4.0,,62.0,12.75,,,6,2.0,69.0,69.0,14.5,,,2.0,1.0,13.229999999999999,30.5,6.92,,,3.0,55.77,
L2TDL3KSLA,4.0,,67.0,20.0,,,2,2.0,40.0,40.0,25.0,,,2.0,1.0,13.229999999999999,30.5,6.92,,,3.0,26.770000000000003,
L2TDL3KSLB,4.0,64.5,71.0,12.25,,,5,2.0,40.0,40.0,25.0,,,2.0,1.0,13.229999999999999,30.5,6.92,,,3.0,26.770000000000003,24.5
L2TDL3KTLA,4.0,63.5,63.5,15.25,,,5,2.0,48.5,48.5,21.5,,,2.0,1.0,13.229999999999999,30.5,6.92,,,3.0,35.27,15.0
L2UJL4CFLA,4.0,,79.0,9.0,,,4,2.0,85.0,85.0,9.0,,,2.0,1.0,15.75,82.5,23.066000000000003,,,16.0,69.25,
L2UJL4CFLB,4.0,,77.0,12.0,,,4,2.0,85.0,85.0,9.0,,,2.0,1.0,15.75,82.5,23.066000000000003,,,16.0,69.25,
L2UJL4CGLF,4.0,93.0,83.0,8.75,,,7,2.0,85.5,85.5,6.0,,,2.0,1.0,15.75,82.5,23.066000000000003,,,16.0,69.75,7.5
L2UJL4CGLG,4.0,,87.5,5.5,,,4,2.0,85.5,85.5,6.0,,,2.0,1.0,15.75,82.5,23.066000000000003,,,16.0,69.75,
L2UJL4CGLH,4.0,,88.5,6.0,,,4,2.0,85.5,85.5,6.0,,,2.0,1.0,15.75,82.5,23.066000000000003,,,16.0,69.75,
L2UJL4CHLA,4.0,,82.0,8.0,,,4,2.0,71.5,71.5,12.5,,,2.0,1.0,15.75,82.5,23.066000000000003,,,16.0,55.75,
L2UJL4CHLB,4.0,,75.0,6.5,,,2,2.0,71.5,71.5,12.5,,,2.0,1.0,15.75,82.5,23.066000000000003,,,16.0,55.75,
L2UJL4CKLC,4.0,,87.0,6.0,,,4,2.0,77.5,77.5,11.0,,,2.0,1.0,15.75,82.5,23.066000000000003,,,16.0,61.75,
L2UJL4CLLB,4.0,,81.0,8.5,,,2,2.0,79.0,79.0,11.5,,,4.0,1.0,15.75,82.5,23.066000000000003,,,16.0,63.25,
L2UJL4CNLC,4.0,,74.5,8.5,,,4,2.0,78.0,78.0,12.5,,,2.0,1.0,15.75,82.5,23.066000000000003,,,16.0,62.25,
L2UJL4CNLD,4.0,77.0,86.5,8.0,,,7,2.0,78.0,78.0,12.5,,,2.0,1.0,15.75,82.5,23.066000000000003,,,16.0,62.25,-1.0
L2VUB3LWLA,4.0,,74.5,12.5,,,2,2.0,52.0,48.0,12.0,,,3.0,1.0,14.5,17.5,,,,3.0,37.5,
L2VUB3LWLB,4.0,,71.0,14.0,,,4,2.0,52.0,48.0,12.0,,,3.0,1.0,14.5,17.5,,,,3.0,37.5,
L2VUB3LWLC,4.0,,63.0,15.0,,,4,2.0,52.0,48.0,12.0,,,3.0,1.0,14.5,17.5,,,,3.0,37.5,
L2VXL3KYLA,4.0,,70.5,15.0,,,6,2.0,65.0,65.0,11.0,,,2.0,1.0,10.0,46.0,9.31,,,3.0,55.0,
L2VXL3KYLB,4.0,,67.0,22.5,,,3,2.0,65.0,65.0,11.0,,,2.0,1.0,10.0,46.0,9.31,,,3.0,55.0,
L2VXL3KZLA,4.0,,65.0,16.25,,,6,2.0,43.0,37.5,13.25,,,3.0,1.0,10.0,46.0,9.31,,,3.0,33.0,
L2VXL3KZLB,4.0,,60.5,18.75,,,3,2.0,43.0,37.5,13.25,,,3.0,1.0,10.0,46.0,9.31,,,3.0,33.0,
L2VXL3LALA,4.0,,65.5,12.0,,,4,2.0,53.0,52.5,9.0,,,3.0,1.0,10.0,46.0,9.31,,,3.0,43.0,
L2VXL3LALB,4.0,,64.0,13.0,,,2,2.0,53.0,52.5,9.0,,,3.0,1.0,10.0,46.0,9.31,,,3.0,43.0,
L2VXL3LBLA,4.0,,60.5,19.0,,,4,2.0,84.0,84.0,5.5,,,2.0,1.0,10.0,46.0,9.31,,,3.0,74.0,
L2VXL3LBLB,4.0,,73.0,11.0,,,3,2.0,84.0,84.0,5.5,,,2.0,1.0,10.0,46.0,9.31,,,3.0,74.0,
L2VXL3LCLA,4.0,,67.0,14.75,,,3,2.0,66.5,66.5,11.0,,,2.0,1.0,10.0,46.0,9.31,,,3.0,56.5,
L2VXL3LCLB,4.0,,78.5,10.0,,,3,2.0,66.5,66.5,11.0,,,2.0,1.0,10.0,46.0,9.31,,,3.0,56.5,
L2VXL3LDLC,4.0,,68.5,11.0,,,2,2.0,62.5,62.5,11.0,,,4.0,1.0,10.0,46.0,9.31,,,3.0,52.5,
L2VXL3LDLD,4.0,,82.5,7.0,,,4,2.0,62.5,62.5,11.0,,,4.0,1.0,10.0,46.0,9.31,,,3.0,52.5,
L2VXL3LELD,4.0,,69.0,14.5,,,2,2.0,74.5,74.5,8.0,,,2.0,1.0,10.0,46.0,9.31,,,3.0,64.5,
L2VXL3LELE,4.0,,67.0,11.5,,,2,2.0,74.5,74.5,8.0,,,2.0,1.0,10.0,46.0,9.31,,,3.0,64.5,
L2VXL3LELF,4.0,,63.0,14.5,,,2,2.0,74.5,74.5,8.0,,,2.0,1.0,10.0,46.0,9.31,,,3.0,64.5,
L2VXL3LELG,4.0,,71.0,10.5,,,2,2.0,74.5,74.5,8.0,,,2.0,1.0,10.0,46.0,9.31,,,3.0,64.5,
L2VXL3LFLC,4.0,,74.5,12.0,,,2,2.0,65.5,65.5,12.0,,,2.0,1.0,10.0,46.0,9.31,,,3.0,55.5,
L2ZKL3FSLA,4.0,68.5,73.0,14.875,,,7,2.0,45.0,45.0,22.0,,,2.0,1.0,15.79,15.79,,,,2.0,29.21,23.5
L2ZKL3FSLB,4.0,80.0,68.5,17.125,,,12,2.0,45.0,45.0,22.0,,,2.0,1.0,15.79,15.79,,,,2.0,29.21,35.0
L2ZKL3FSLC,4.0,75.0,65.0,14.6,,,8,2.0,45.0,45.0,22.0,,,2.0,1.0,15.79,15.79,,,,2.0,29.21,30.0
L2ZKL3FTEA,4.0,,62.5,17.5,,,4,2.0,40.5,65.0,12.444444444444445,,,12.0,1.0,15.79,15.79,,,,2.0,24.71,
L2ZKL3FTEB,4.0,,71.5,17.5,,,4,2.0,40.5,65.0,12.444444444444445,,,12.0,1.0,15.79,15.79,,,,2.0,24.71,
L2ZKL3FTLA,4.0,,61.0,16.0,,,4,2.0,40.5,65.0,12.444444444444445,,,12.0,1.0,15.79,15.79,,,,2.0,24.71,
L2ZKL3FTLB,4.0,,62.5,13.5,,,4,2.0,40.5,65.0,12.444444444444445,,,12.0,1.0,15.79,15.79,,,,2.0,24.71,
L2ZKL3FTLC,4.0,,62.5,16.0,,,2,2.0,40.5,65.0,12.444444444444445,,,12.0,1.0,15.79,15.79,,,,2.0,24.71,
L2ZKL3FULA,4.0,73.5,84.0,17.125,,,18,2.0,62.5,62.5,18.0,,,2.0,1.0,15.79,15.79,,,,2.0,46.71,11.0
L2ZKL3FULB,4.0,73.0,67.0,16.2,,,14,2.0,62.5,62.5,18.0,,,2.0,1.0,15.79,15.79,,,,2.0,46.71,10.5
L2ZKL3FULC,4.0,,69.0,23.5,,,9,2.0,62.5,62.5,18.0,,,2.0,1.0,15.79,15.79,,,,2.0,46.71,
L2ZKL3FULD,4.0,70.5,74.5,14.75,,,21,2.0,62.5,62.5,18.0,,,2.0,1.0,15.79,15.79,,,,2.0,46.71,8.0
L2ZKL3FULE,4.0,,64.5,22.0,,,2,2.0,62.5,62.5,18.0,,,2.0,1.0,15.79,15.79,,,,2.0,46.71,
L2ZKL3FULF,4.0,80.5,73.5,12.0,,,5,2.0,62.5,62.5,18.0,,,2.0,1.0,15.79,15.79,,,,2.0,46.71,18.0
L2ZKL3FVLA,4.0,,77.5,13.0,,,4,2.0,41.0,60.5,16.166666666666668,,,12.0,1.0,15.79,15.79,,,,2.0,25.21,
L2ZKL3FVLB,4.0,80.0,79.5,16.0,,,7,2.0,41.0,60.5,16.166666666666668,,,12.0,1.0,15.79,15.79,,,,2.0,25.21,39.0
L2ZKL3FVLC,4.0,,64.0,18.5,,,2,2.0,41.0,60.5,16.166666666666668,,,12.0,1.0,15.79,15.79,,,,2.0,25.21,
L2ZKL3FVLD,4.0,72.0,68.0,15.916666666666666,,,9,2.0,41.0,60.5,16.166666666666668,,,12.0,1.0,15.79,15.79,,,,2.0,25.21,31.0
L2ZKL3FVLE,4.0,71.5,75.0,14.833333333333334,,,5,2.0,41.0,60.5,16.166666666666668,,,12.0,1.0,15.79,15.79,,,,2.0,25.21,30.5
L2ZKL3FWLA,4.0,,60.0,16.5,,,2,2.0,38.5,69.5,15.714285714285714,,,9.0,1.0,15.79,15.79,,,,2.0,22.71,
L3A3L4TRLA,4.0,,63.0,13.75,,,6,2.0,24.0,68.5,9.25,,,9.0,1.0,12.69,10.25,33.75333333333334,,,8.0,11.31,
L3A3L4TRLB,4.0,,63.5,14.5,,,3,2.0,24.0,68.5,9.25,,,9.0,1.0,12.69,10.25,33.75333333333334,,,8.0,11.31,
L3A3L4TRLC,4.0,,69.5,13.0,,,2,2.0,24.0,68.5,9.25,,,9.0,1.0,12.69,10.25,33.75333333333334,,,8.0,11.31,
L3A3L4TRLD,4.0,,60.5,17.5,,,2,2.0,24.0,68.5,9.25,,,9.0,1.0,12.69,10.25,33.75333333333334,,,8.0,11.31,
L3A3L4TRLE,4.0,,73.0,9.5,,,2,2.0,24.0,68.5,9.25,,,9.0,1.0,12.69,10.25,33.75333333333334,,,8.0,11.31,
L3A3L4TSLB,4.0,,66.0,12.75,,,3,2.0,56.5,56.5,21.0,,,2.0,1.0,12.69,10.25,33.75333333333334,,,8.0,43.81,
L3A3L4TSLC,4.0,,59.5,12.0,,,4,2.0,56.5,56.5,21.0,,,2.0,1.0,12.69,10.25,33.75333333333334,,,8.0,43.81,
L3A3L4TSLD,4.0,78.0,79.0,10.2,,,8,2.0,56.5,56.5,21.0,,,2.0,1.0,12.69,10.25,33.75333333333334,,,8.0,43.81,21.5
L3A3L4TTLA,4.0,,64.5,17.0,,,2,2.0,55.0,55.0,21.5,,,2.0,1.0,12.69,10.25,33.75333333333334,,,8.0,42.31,
L3A3L4TULA,4.0,,73.5,13.0,,,4,2.0,49.5,75.0,8.857142857142858,,,10.0,1.0,12.69,10.25,33.75333333333334,,,8.0,36.81,
L3A3L4TULB,4.0,,63.0,11.5,,,2,2.0,49.5,75.0,8.857142857142858,,,10.0,1.0,12.69,10.25,33.75333333333334,,,8.0,36.81,
L3A4L4UMLD,4.0,,60.0,9.5,,,2,2.0,36.0,83.5,12.75,,,3.0,1.0,18.2,30.17,34.29666666666667,,,8.0,17.8,
L3A4L4UMLE,4.0,68.0,73.0,10.88888888888889,,,13,2.0,36.0,83.5,12.75,,,3.0,1.0,18.2,30.17,34.29666666666667,,,8.0,17.8,32.0
L3A4L4UMLF,4.0,75.5,82.0,9.875,,,7,2.0,36.0,83.5,12.75,,,3.0,1.0,18.2,30.17,34.29666666666667,,,8.0,17.8,39.5
L3A4L4UNLA,4.0,,69.5,11.0,,,2,2.0,70.5,70.5,13.0,,,2.0,1.0,18.2,30.17,34.29666666666667,,,8.0,52.3,
L3A4L4UNLB,4.0,,83.0,12.0,,,6,2.0,70.5,70.5,13.0,,,2.0,1.0,18.2,30.17,34.29666666666667,,,8.0,52.3,
L3A4L4UNLC,4.0,,61.0,8.5,,,2,2.0,70.5,70.5,13.0,,,2.0,1.0,18.2,30.17,34.29666666666667,,,8.0,52.3,
L3A4L4UPLA,4.0,,71.5,9.5,,,2,2.0,72.5,72.5,11.0,,,2.0,1.0,18.2,30.17,34.29666666666667,,,8.0,54.3,
L3A4L4UPLB,4.0,,68.5,13.5,,,4,2.0,72.5,72.5,11.0,,,2.0,1.0,18.2,30.17,34.29666666666667,,,8.0,54.3,
L3A4L4UPLC,4.0,,63.5,11.0,,,2,2.0,72.5,72.5,11.0,,,2.0,1.0,18.2,30.17,34.29666666666667,,,8.0,54.3,
L3A4L4UPLD,4.0,,71.0,12.5,,,4,2.0,72.5,72.5,11.0,,,2.0,1.0,18.2,30.17,34.29666666666667,,,8.0,54.3,
L3A4L4UPLE,4.0,,72.0,11.0,,,4,2.0,72.5,72.5,11.0,,,2.0,1.0,18.2,30.17,34.29666666666667,,,8.0,54.3,
L3A4L4UQLA,4.0,,60.0,12.0,,,4,2.0,56.0,56.0,17.5,,,2.0,1.0,18.2,30.17,34.29666666666667,,,8.0,37.8,
L3A4L4UQLB,4.0,80.0,78.0,9.0,,,9,2.0,56.0,56.0,17.5,,,2.0,1.0,18.2,30.17,34.29666666666667,,,8.0,37.8,24.0
L3A4L4UQLC,4.0,,80.0,13.75,,,3,2.0,56.0,56.0,17.5,,,2.0,1.0,18.2,30.17,34.29666666666667,,,8.0,37.8,
L3A4L4URLA,4.0,,70.0,12.0,,,4,2.0,68.5,68.5,20.0,,,4.0,1.0,18.2,30.17,34.29666666666667,,,8.0,50.3,
L3A4L4URLB,4.0,,80.5,7.5,,,4,2.0,68.5,68.5,20.0,,,4.0,1.0,18.2,30.17,34.29666666666667,,,8.0,50.3,
L3A4L4USLA,4.0,,81.5,8.0,,,2,2.0,70.5,70.5,15.0,,,2.0,1.0,18.2,30.17,34.29666666666667,,,8.0,52.3,
L3A4L4UTLC,4.0,,80.5,11.0,,,4,2.0,77.0,77.0,15.5,,,4.0,1.0,18.2,30.17,34.29666666666667,,,8.0,58.8,
L3A4L4UTLD,4.0,,76.0,8.0,,,2,2.0,77.0,77.0,15.5,,,4.0,1.0,18.2,30.17,34.29666666666667,,,8.0,58.8,
L3B3L4NALA,4.0,70.5,79.5,17.357142857142858,,,10,2.0,41.0,59.0,15.833333333333334,,,4.0,1.0,6.5,31.0,42.193333333333335,,,8.0,34.5,29.5
L3B3L4NALB,4.0,60.0,69.5,19.4,,,7,2.0,41.0,59.0,15.833333333333334,,,4.0,1.0,6.5,31.0,42.193333333333335,,,8.0,34.5,19.0
L3B3L4NBLB,4.0,59.0,61.0,18.125,,,5,2.0,48.5,56.5,13.5,,,6.0,1.0,6.5,31.0,42.193333333333335,,,8.0,42.0,10.5
L3B3L4NBLC,4.0,81.0,75.5,12.1875,,,12,2.0,48.5,56.5,13.5,,,6.0,1.0,6.5,31.0,42.193333333333335,,,8.0,42.0,32.5
L3B5L4UELA,4.0,56.5,61.0,14.625,,,11,2.0,46.0,65.0,14.166666666666666,,,4.0,1.0,3.75,13.25,41.336666666666666,,,4.0,42.25,10.5
L3B5L4UELB,4.0,48.0,41.5,17.27777777777778,,,12,2.0,46.0,65.0,14.166666666666666,,,4.0,1.0,3.75,13.25,41.336666666666666,,,4.0,42.25,2.0
L3B5L4UFLA,4.0,,60.0,17.0,,,4,2.0,26.5,57.0,18.25,,,3.0,1.0,3.75,13.25,41.336666666666666,,,4.0,22.75,
L3C5L4MBLE,4.0,61.0,76.0,13.55,,,13,2.0,36.0,36.0,26.125,,,5.0,1.0,11.61,40.5,36.915,,,3.0,24.39,25.0
L3C5L4MBLF,4.0,53.0,74.5,16.357142857142858,,,9,2.0,36.0,36.0,26.125,,,5.0,1.0,11.61,40.5,36.915,,,3.0,24.39,17.0
L3C5L4MCLA,4.0,49.5,71.0,20.75,,,5,2.0,54.0,54.0,23.0,,,4.0,1.0,11.61,40.5,36.915,,,3.0,42.39,-4.5
L3C5L4MCLB,4.0,62.5,62.5,24.166666666666668,,,8,2.0,54.0,54.0,23.0,,,4.0,1.0,11.61,40.5,36.915,,,3.0,42.39,8.5
L3C5L4MDLA,4.0,49.5,65.0,12.875,,,5,2.0,51.5,51.5,9.5,,,2.0,1.0,11.61,40.5,36.915,,,3.0,39.89,-2.0
L3C5L4MDLB,4.0,46.0,64.5,18.375,,,5,2.0,51.5,51.5,9.5,,,2.0,1.0,11.61,40.5,36.915,,,3.0,39.89,-5.5
L3C5L4MELA,4.0,35.0,68.0,17.75,,,10,2.0,58.5,55.5,15.875,,,5.0,1.0,11.61,40.5,36.915,,,3.0,46.89,-23.5
L3C5L4MELB,4.0,51.0,65.0,13.5,,,10,2.0,58.5,55.5,15.875,,,5.0,1.0,11.61,40.5,36.915,,,3.0,46.89,-7.5
L3C5L4MFLA,4.0,79.5,72.5,17.583333333333332,,,9,2.0,29.0,57.0,18.333333333333332,,,4.0,1.0,11.61,40.5,36.915,,,3.0,17.39,50.5
L3C5L4MFLB,4.0,71.0,83.5,13.666666666666666,,,9,2.0,29.0,57.0,18.333333333333332,,,4.0,1.0,11.61,40.5,36.915,,,3.0,17.39,42.0
L3D4B5HAEA,4.0,,77.5,9.5,,,2,2.0,51.5,68.5,5.625,,,6.0,1.0,15.54,46.67,20.327,,,13.0,35.96,
L3D4B5HAEB,4.0,,77.5,9.5,,,4,2.0,51.5,68.5,5.625,,,6.0,1.0,15.54,46.67,20.327,,,13.0,35.96,
L3D4B5HAEC,4.0,,60.0,11.0,,,2,2.0,51.5,68.5,5.625,,,6.0,1.0,15.54,46.67,20.327,,,13.0,35.96,
L3D4B5HAED,4.0,,65.5,22.5,,,2,2.0,51.5,68.5,5.625,,,6.0,1.0,15.54,46.67,20.327,,,13.0,35.96,
L3D4B5HAEE,4.0,,59.0,14.5,,,4,2.0,51.5,68.5,5.625,,,6.0,1.0,15.54,46.67,20.327,,,13.0,35.96,
L3D4B5HAEF,4.0,,67.5,8.5,,,2,2.0,51.5,68.5,5.625,,,6.0,1.0,15.54,46.67,20.327,,,13.0,35.96,
L3D4B5HALA,4.0,,63.0,12.5,,,4,2.0,51.5,68.5,5.625,,,6.0,1.0,15.54,46.67,20.327,,,13.0,35.96,
L3D4B5HALB,4.0,,73.0,11.75,,,3,2.0,51.5,68.5,5.625,,,6.0,1.0,15.54,46.67,20.327,,,13.0,35.96,
L3D4B5HALC,4.0,82.0,82.5,10.88888888888889,,,14,2.0,51.5,68.5,5.625,,,6.0,1.0,15.54,46.67,20.327,,,13.0,35.96,30.5
L3D4B5HALD,4.0,,62.5,12.0,,,2,2.0,51.5,68.5,5.625,,,6.0,1.0,15.54,46.67,20.327,,,13.0,35.96,
L3D4B5HBLA,4.0,,64.5,10.0,,,2,2.0,53.0,71.5,12.75,,,3.0,1.0,15.54,46.67,20.327,,,13.0,37.46,
L3D4B5HBLB,4.0,74.0,77.5,11.833333333333334,,,5,2.0,53.0,71.5,12.75,,,3.0,1.0,15.54,46.67,20.327,,,13.0,37.46,21.0
L3D4B5HBLC,4.0,73.0,71.5,11.928571428571429,,,11,2.0,53.0,71.5,12.75,,,3.0,1.0,15.54,46.67,20.327,,,13.0,37.46,20.0
L3D4B5HBLD,4.0,71.0,71.0,14.166666666666666,,,5,2.0,53.0,71.5,12.75,,,3.0,1.0,15.54,46.67,20.327,,,13.0,37.46,18.0
L3D4B5HBLE,4.0,,70.5,14.0,,,4,2.0,53.0,71.5,12.75,,,3.0,1.0,15.54,46.67,20.327,,,13.0,37.46,
L3D4B5HCLA,4.0,,62.0,11.5,,,2,2.0,75.5,68.5,6.625,,,6.0,1.0,15.54,46.67,20.327,,,13.0,59.96,
L3D4B5HCLB,4.0,,60.5,11.5,,,4,2.0,75.5,68.5,6.625,,,6.0,1.0,15.54,46.67,20.327,,,13.0,59.96,
L3D4B5HCLC,4.0,,60.5,9.0,,,4,2.0,75.5,68.5,6.625,,,6.0,1.0,15.54,46.67,20.327,,,13.0,59.96,
L3D4B5HCLD,4.0,,62.5,11.0,,,2,2.0,75.5,68.5,6.625,,,6.0,1.0,15.54,46.67,20.327,,,13.0,59.96,
L3D4B5HELA,4.0,,83.5,7.75,,,6,2.0,50.0,76.5,6.5,,,6.0,1.0,15.54,46.67,20.327,,,13.0,34.46,
L3F4B5ADLA,4.0,64.5,55.0,18.0,,,7,2.0,71.5,71.5,14.5,,,4.0,1.0,7.299999999999999,46.21,28.883,,,13.0,64.2,-7.0
L3F4B5ADLB,4.0,62.5,51.0,20.75,,,6,2.0,71.5,71.5,14.5,,,4.0,1.0,7.299999999999999,46.21,28.883,,,13.0,64.2,-9.0
L3F4B5ADLC,4.0,,67.5,15.5,,,3,2.0,71.5,71.5,14.5,,,4.0,1.0,7.299999999999999,46.21,28.883,,,13.0,64.2,
L3F4B5AELA,4.0,78.0,68.5,15.625,,,12,2.0,50.5,72.5,14.0,,,6.0,1.0,7.299999999999999,46.21,28.883,,,13.0,43.2,27.5
L3F4B5AELB,4.0,75.5,66.0,14.0,,,5,2.0,50.5,72.5,14.0,,,6.0,1.0,7.299999999999999,46.21,28.883,,,13.0,43.2,25.0
L3F4B5AELC,4.0,,72.0,19.75,,,6,2.0,50.5,72.5,14.0,,,6.0,1.0,7.299999999999999,46.21,28.883,,,13.0,43.2,
L3F4B5AFLA,4.0,,66.0,20.0,,,6,2.0,61.5,61.5,23.5,,,4.0,1.0,7.299999999999999,46.21,28.883,,,13.0,54.2,
L3F4B5AFLB,4.0,67.0,67.0,19.75,,,6,2.0,61.5,61.5,23.5,,,4.0,1.0,7.299999999999999,46.21,28.883,,,13.0,54.2,5.5
L3F4B5AGEA,4.0,,62.0,23.25,,,6,2.0,57.5,61.0,9.833333333333334,,,9.0,1.0,7.299999999999999,46.21,28.883,,,13.0,50.2,
L3F4B5AGEB,4.0,,63.5,22.5,,,4,2.0,57.5,61.0,9.833333333333334,,,9.0,1.0,7.299999999999999,46.21,28.883,,,13.0,50.2,
L3F4B5AGLA,4.0,,63.5,18.5,,,2,2.0,57.5,61.0,9.833333333333334,,,9.0,1.0,7.299999999999999,46.21,28.883,,,13.0,50.2,
L3F4B5AGLB,4.0,,68.5,19.5,,,6,2.0,57.5,61.0,9.833333333333334,,,9.0,1.0,7.299999999999999,46.21,28.883,,,13.0,50.2,
L3F4B5AGLC,4.0,,75.0,14.75,,,6,2.0,57.5,61.0,9.833333333333334,,,9.0,1.0,7.299999999999999,46.21,28.883,,,13.0,50.2,
L3H4L4JPLA,4.0,,70.5,21.75,,,3,2.0,71.0,71.0,16.5,,,4.0,1.0,23.56,65.38,25.213749999999997,,,11.0,47.44,
L3H4L4JPLB,4.0,,68.5,20.75,,,3,2.0,71.0,71.0,16.5,,,4.0,1.0,23.56,65.38,25.213749999999997,,,11.0,47.44,
L3H4L4JQLA,4.0,,74.5,19.0,,,3,2.0,54.0,54.0,23.0,,,4.0,1.0,23.56,65.38,25.213749999999997,,,11.0,30.44,
L3H4L4JQLB,4.0,,78.0,21.75,,,3,2.0,54.0,54.0,23.0,,,4.0,1.0,23.56,65.38,25.213749999999997,,,11.0,30.44,
L3H4L4JRLA,4.0,78.0,77.0,15.875,,,6,2.0,60.0,60.0,14.5,,,4.0,1.0,23.56,65.38,25.213749999999997,,,11.0,36.44,18.0
L3H4L4JRLB,4.0,,68.5,10.0,,,4,2.0,60.0,60.0,14.5,,,4.0,1.0,23.56,65.38,25.213749999999997,,,11.0,36.44,
L3H4L4JSLA,4.0,,71.0,17.0,,,2,2.0,67.5,67.5,15.5,,,2.0,1.0,23.56,65.38,25.213749999999997,,,11.0,43.94,
L3H4L4JSLB,4.0,,70.0,15.25,,,3,2.0,67.5,67.5,15.5,,,2.0,1.0,23.56,65.38,25.213749999999997,,,11.0,43.94,
L3H4L4JTLA,4.0,,73.0,8.5,,,4,2.0,75.5,75.5,16.0,,,4.0,1.0,23.56,65.38,25.213749999999997,,,11.0,51.94,
L3H4L4JTLB,4.0,,67.5,12.5,,,4,2.0,75.5,75.5,16.0,,,4.0,1.0,23.56,65.38,25.213749999999997,,,11.0,51.94,
L3H4L4JULA,4.0,,84.0,6.5,,,4,2.0,73.5,73.5,11.5,,,4.0,1.0,23.56,65.38,25.213749999999997,,,11.0,49.94,
L3H4L4JULB,4.0,,79.0,11.0,,,2,2.0,73.5,73.5,11.5,,,4.0,1.0,23.56,65.38,25.213749999999997,,,11.0,49.94,
L3H4L4JULC,4.0,,65.0,18.0,,,4,2.0,73.5,73.5,11.5,,,4.0,1.0,23.56,65.38,25.213749999999997,,,11.0,49.94,
L3H4L4JVLA,4.0,,76.5,15.5,,,2,2.0,68.5,68.5,14.0,,,4.0,1.0,23.56,65.38,25.213749999999997,,,11.0,44.94,
L3H4L4JVLB,4.0,,75.0,12.0,,,4,2.0,68.5,68.5,14.0,,,4.0,1.0,23.56,65.38,25.213749999999997,,,11.0,44.94,
L3H4L4JWLA,4.0,,64.5,19.5,,,2,2.0,67.5,67.5,19.5,,,4.0,1.0,23.56,65.38,25.213749999999997,,,11.0,43.94,
L3H4L4JWLB,4.0,,71.5,18.5,,,3,2.0,67.5,67.5,19.5,,,4.0,1.0,23.56,65.38,25.213749999999997,,,11.0,43.94,
L3H4L4JXLA,4.0,,61.5,17.5,,,2,2.0,68.0,68.0,16.5,,,2.0,1.0,23.56,65.38,25.213749999999997,,,11.0,44.44,
L3H4L4JXLB,4.0,,64.5,17.5,,,2,2.0,68.0,68.0,16.5,,,2.0,1.0,23.56,65.38,25.213749999999997,,,11.0,44.44,
L3H4L4JYLA,4.0,,75.0,12.0,,,2,2.0,66.0,66.0,17.5,,,2.0,1.0,23.56,65.38,25.213749999999997,,,11.0,42.44,
L3H4L4QALA,4.0,,62.5,11.5,,,2,2.0,63.0,63.0,22.0,,,4.0,1.0,23.56,65.38,25.213749999999997,,,11.0,39.44,
L3H4L4QALB,4.0,,69.5,17.0,,,9,2.0,63.0,63.0,22.0,,,4.0,1.0,23.56,65.38,25.213749999999997,,,11.0,39.44,
L3H4L4QALC,4.0,,79.0,13.0,,,2,2.0,63.0,63.0,22.0,,,4.0,1.0,23.56,65.38,25.213749999999997,,,11.0,39.44,
L3H4L4QBLA,4.0,,60.5,18.5,,,2,2.0,68.0,68.0,17.0,,,4.0,1.0,23.56,65.38,25.213749999999997,,,11.0,44.44,
L3H4L4QBLB,4.0,,66.0,15.0,,,2,2.0,68.0,68.0,17.0,,,4.0,1.0,23.56,65.38,25.213749999999997,,,11.0,44.44,
L3H4L4QBLC,4.0,,81.0,14.5,,,3,2.0,68.0,68.0,17.0,,,4.0,1.0,23.56,65.38,25.213749999999997,,,11.0,44.44,
L3H4L4QBLD,4.0,,62.0,13.5,,,2,2.0,68.0,68.0,17.0,,,4.0,1.0,23.56,65.38,25.213749999999997,,,11.0,44.44,
L3H4L4QCLA,4.0,,73.5,20.25,,,3,2.0,65.0,65.0,16.0,,,4.0,1.0,23.56,65.38,25.213749999999997,,,11.0,41.44,
L3H4L4QCLB,4.0,,66.5,15.75,,,6,2.0,65.0,65.0,16.0,,,4.0,1.0,23.56,65.38,25.213749999999997,,,11.0,41.44,
L3H4L4QDLA,4.0,,59.5,16.0,,,3,2.0,66.0,66.0,18.0,,,2.0,1.0,23.56,65.38,25.213749999999997,,,11.0,42.44,
L3H4L4QDLB,4.0,,70.0,19.5,,,3,2.0,66.0,66.0,18.0,,,2.0,1.0,23.56,65.38,25.213749999999997,,,11.0,42.44,
L3H4L4QELA,4.0,,64.0,18.5,,,3,2.0,58.0,58.5,10.5,,,3.0,1.0,23.56,65.38,25.213749999999997,,,11.0,34.44,
L3H4L4QELB,4.0,,71.5,17.25,,,3,2.0,58.0,58.5,10.5,,,3.0,1.0,23.56,65.38,25.213749999999997,,,11.0,34.44,
L3H4L4QFLA,4.0,,62.0,13.0,,,2,2.0,64.0,64.0,14.5,,,2.0,1.0,23.56,65.38,25.213749999999997,,,11.0,40.44,
L3H4L4QFLB,4.0,,69.0,12.0,,,2,2.0,64.0,64.0,14.5,,,2.0,1.0,23.56,65.38,25.213749999999997,,,11.0,40.44,
L3H4L4QFLC,4.0,,72.5,15.5,,,4,2.0,64.0,64.0,14.5,,,2.0,1.0,23.56,65.38,25.213749999999997,,,11.0,40.44,
L3H4L4QGLA,4.0,,66.5,19.5,,,3,2.0,64.5,64.5,15.0,,,2.0,1.0,23.56,65.38,25.213749999999997,,,11.0,40.94,
L3H4L4QGLB,4.0,67.0,67.0,18.333333333333332,,,4,2.0,64.5,64.5,15.0,,,2.0,1.0,23.56,65.38,25.213749999999997,,,11.0,40.94,2.5
L3H4L4QGLC,4.0,,65.5,13.0,,,2,2.0,64.5,64.5,15.0,,,2.0,1.0,23.56,65.38,25.213749999999997,,,11.0,40.94,
L3H4L4QHLA,4.0,83.5,80.5,10.666666666666666,,,10,2.0,63.5,63.5,18.0,,,4.0,1.0,23.56,65.38,25.213749999999997,,,11.0,39.94,20.0
L3H4L4QHLB,4.0,71.0,81.0,14.625,,,6,2.0,63.5,63.5,18.0,,,4.0,1.0,23.56,65.38,25.213749999999997,,,11.0,39.94,7.5
L3H4L4QJLA,4.0,,64.5,22.25,,,6,2.0,72.5,72.5,14.0,,,2.0,1.0,23.56,65.38,25.213749999999997,,,11.0,48.94,
L3H4L4QJLB,4.0,,66.0,14.0,,,4,2.0,72.5,72.5,14.0,,,2.0,1.0,23.56,65.38,25.213749999999997,,,11.0,48.94,
L3H4L4QJLC,4.0,,82.0,13.0,,,2,2.0,72.5,72.5,14.0,,,2.0,1.0,23.56,65.38,25.213749999999997,,,11.0,48.94,
L3H4L4QKLA,4.0,,62.0,31.75,,,6,2.0,69.0,69.0,15.5,,,2.0,1.0,23.56,65.38,25.213749999999997,,,11.0,45.44,
L3H4L4QKLB,4.0,77.5,84.0,15.916666666666666,,,9,2.0,69.0,69.0,15.5,,,2.0,1.0,23.56,65.38,25.213749999999997,,,11.0,45.44,8.5
L3H4L4QLLA,4.0,,69.5,16.0,,,4,2.0,73.0,73.0,17.0,,,2.0,1.0,23.56,65.38,25.213749999999997,,,11.0,49.44,
L3H4L4QLLB,4.0,,59.5,16.0,,,2,2.0,73.0,73.0,17.0,,,2.0,1.0,23.56,65.38,25.213749999999997,,,11.0,49.44,
L3H4L4QMLA,4.0,,62.0,14.5,,,2,2.0,67.5,67.5,18.0,,,2.0,1.0,23.56,65.38,25.213749999999997,,,11.0,43.94,
L3H4L4QMLB,4.0,,64.0,16.0,,,2,2.0,67.5,67.5,18.0,,,2.0,1.0,23.56,65.38,25.213749999999997,,,11.0,43.94,
L3H4L4QNLA,4.0,73.0,71.5,10.5,,,10,2.0,52.5,52.5,20.5,,,2.0,1.0,23.56,65.38,25.213749999999997,,,11.0,28.94,20.5
L3H4L4QNLB,4.0,72.0,84.0,15.3,,,8,2.0,52.5,52.5,20.5,,,2.0,1.0,23.56,65.38,25.213749999999997,,,11.0,28.94,19.5
L3H4L4QPLA,4.0,68.0,78.0,14.375,,,11,2.0,55.5,55.5,25.0,,,4.0,1.0,23.56,65.38,25.213749999999997,,,11.0,31.94,12.5
L3H4L4QPLB,4.0,81.0,76.0,12.833333333333334,,,5,2.0,55.5,55.5,25.0,,,4.0,1.0,23.56,65.38,25.213749999999997,,,11.0,31.94,25.5
L3H4L4QQLA,4.0,,64.0,17.5,,,3,2.0,64.0,64.0,10.0,,,4.0,1.0,23.56,65.38,25.213749999999997,,,11.0,40.44,
L3H4L4QQLE,4.0,,68.5,15.0,,,2,2.0,64.0,64.0,10.0,,,4.0,1.0,23.56,65.38,25.213749999999997,,,11.0,40.44,
L3H4L4QQLF,4.0,,78.5,11.5,,,2,2.0,64.0,64.0,10.0,,,4.0,1.0,23.56,65.38,25.213749999999997,,,11.0,40.44,
L3H4L4QRLA,4.0,69.5,63.0,15.875,,,6,2.0,65.0,52.0,9.25,,,6.0,1.0,23.56,65.38,25.213749999999997,,,11.0,41.44,4.5
L3H4L4QRLB,4.0,79.5,77.5,10.5,,,5,2.0,65.0,52.0,9.25,,,6.0,1.0,23.56,65.38,25.213749999999997,,,11.0,41.44,14.5
L3H4L4QSLA,4.0,68.0,78.0,17.4375,,,11,2.0,57.5,57.5,16.5,,,4.0,1.0,23.56,65.38,25.213749999999997,,,11.0,33.94,10.5
L3H4L4WJLA,4.0,,69.5,20.0,,,3,2.0,66.5,66.5,15.0,,,4.0,1.0,23.56,65.38,25.213749999999997,,,11.0,42.94,
L3H4L4WJLB,4.0,79.0,83.5,11.5,,,8,2.0,66.5,66.5,15.0,,,4.0,1.0,23.56,65.38,25.213749999999997,,,11.0,42.94,12.5
L3H4L4WJLC,4.0,,63.5,19.0,,,2,2.0,66.5,66.5,15.0,,,4.0,1.0,23.56,65.38,25.213749999999997,,,11.0,42.94,
L3H4L4WKLA,4.0,77.5,73.0,17.25,,,6,2.0,64.5,64.5,17.0,,,2.0,1.0,23.56,65.38,25.213749999999997,,,11.0,40.94,13.0
L3H4L4WKLB,4.0,,68.5,21.5,,,6,2.0,64.5,64.5,17.0,,,2.0,1.0,23.56,65.38,25.213749999999997,,,11.0,40.94,
L3H4L4WKLC,4.0,,71.0,14.0,,,4,2.0,64.5,64.5,17.0,,,2.0,1.0,23.56,65.38,25.213749999999997,,,11.0,40.94,
L3H4L4WLLA,4.0,76.5,69.0,17.166666666666668,,,9,2.0,55.5,55.5,23.0,,,2.0,1.0,23.56,65.38,25.213749999999997,,,11.0,31.94,21.0
L3H4L4WLLB,4.0,,66.5,19.5,,,2,2.0,55.5,55.5,23.0,,,2.0,1.0,23.56,65.38,25.213749999999997,,,11.0,31.94,
L3H4L4WLLC,4.0,,61.5,17.0,,,2,2.0,55.5,55.5,23.0,,,2.0,1.0,23.56,65.38,25.213749999999997,,,11.0,31.94,
L3H4L4WMLA,4.0,79.0,64.5,20.5,,,6,2.0,51.5,51.5,28.5,,,2.0,1.0,23.56,65.38,25.213749999999997,,,11.0,27.94,27.5
L3H4L4WMLB,4.0,,71.5,22.5,,,3,2.0,51.5,51.5,28.5,,,2.0,1.0,23.56,65.38,25.213749999999997,,,11.0,27.94,
L3H4L4WMLC,4.0,,69.5,16.5,,,2,2.0,51.5,51.5,28.5,,,2.0,1.0,23.56,65.38,25.213749999999997,,,11.0,27.94,
L3H4L4WNLA,4.0,,72.5,14.5,,,2,2.0,66.0,76.0,8.333333333333334,,,10.0,1.0,23.56,65.38,25.213749999999997,,,11.0,42.44,
L3H4L4WNLB,4.0,,69.5,11.5,,,2,2.0,66.0,76.0,8.333333333333334,,,10.0,1.0,23.56,65.38,25.213749999999997,,,11.0,42.44,
L3H4L4WPLA,4.0,,69.0,19.5,,,2,2.0,71.0,77.0,9.6,,,8.0,1.0,23.56,65.38,25.213749999999997,,,11.0,47.44,
L3H4L4WPLB,4.0,,78.0,13.0,,,4,2.0,71.0,77.0,9.6,,,8.0,1.0,23.56,65.38,25.213749999999997,,,11.0,47.44,
L3H4L4WQEA,4.0,,71.5,15.0,,,2,2.0,64.5,84.5,10.166666666666666,,,5.0,1.0,23.56,65.38,25.213749999999997,,,11.0,40.94,
L3H4L4WQLA,4.0,76.5,76.5,13.5,,,8,2.0,64.5,84.5,10.166666666666666,,,5.0,1.0,23.56,65.38,25.213749999999997,,,11.0,40.94,12.0
L3H4L4XALA,4.0,,63.5,17.0,,,4,2.0,70.5,70.5,17.0,,,2.0,1.0,23.56,65.38,25.213749999999997,,,11.0,46.94,
L3H4L4XALB,4.0,,78.5,22.5,,,6,2.0,70.5,70.5,17.0,,,2.0,1.0,23.56,65.38,25.213749999999997,,,11.0,46.94,
L3H4L4XALC,4.0,,69.5,14.5,,,2,2.0,70.5,70.5,17.0,,,2.0,1.0,23.56,65.38,25.213749999999997,,,11.0,46.94,
L3H4L4XBLA,4.0,84.0,79.5,11.6,,,8,2.0,64.0,73.5,10.666666666666666,,,5.0,1.0,23.56,65.38,25.213749999999997,,,11.0,40.44,20.0
L3H4L4XBLB,4.0,,65.0,14.0,,,2,2.0,64.0,73.5,10.666666666666666,,,5.0,1.0,23.56,65.38,25.213749999999997,,,11.0,40.44,
L3H4L4XBLC,4.0,,62.0,13.0,,,4,2.0,64.0,73.5,10.666666666666666,,,5.0,1.0,23.56,65.38,25.213749999999997,,,11.0,40.44,
L3H4L4XCLA,4.0,,66.5,15.0,,,2,2.0,71.0,79.0,8.125,,,7.0,1.0,23.56,65.38,25.213749999999997,,,11.0,47.44,
L3H4L4XCLB,4.0,,73.5,14.0,,,2,2.0,71.0,79.0,8.125,,,7.0,1.0,23.56,65.38,25.213749999999997,,,11.0,47.44,
L3H4L4XDLA,4.0,85.0,74.5,12.0,,,8,2.0,65.5,72.5,9.833333333333334,,,5.0,1.0,23.56,65.38,25.213749999999997,,,11.0,41.94,19.5
L3H4L4XDLB,4.0,,78.5,14.0,,,2,2.0,65.5,72.5,9.833333333333334,,,5.0,1.0,23.56,65.38,25.213749999999997,,,11.0,41.94,
L3H4L4XDLC,4.0,,74.5,17.5,,,4,2.0,65.5,72.5,9.833333333333334,,,5.0,1.0,23.56,65.38,25.213749999999997,,,11.0,41.94,
L3H4L4XELA,4.0,85.0,79.0,11.5,,,8,2.0,64.0,68.0,12.0,,,5.0,1.0,23.56,65.38,25.213749999999997,,,11.0,40.44,21.0
L3H4L4XELB,4.0,,74.5,12.0,,,4,2.0,64.0,68.0,12.0,,,5.0,1.0,23.56,65.38,25.213749999999997,,,11.0,40.44,
L3H4L4XFLA,4.0,78.5,78.5,11.666666666666666,,,10,2.0,60.0,68.0,12.5,,,7.0,1.0,23.56,65.38,25.213749999999997,,,11.0,36.44,18.5
L3H4L5CJLA,4.0,84.5,80.0,9.166666666666666,,,10,2.0,69.5,69.5,12.0,,,4.0,1.0,23.56,65.38,25.213749999999997,,,11.0,45.94,15.0
L3H4L5CJLB,4.0,79.0,79.0,12.166666666666666,,,10,2.0,69.5,69.5,12.0,,,4.0,1.0,23.56,65.38,25.213749999999997,,,11.0,45.94,9.5
L3H4L5CKLA,4.0,,68.0,10.5,,,4,2.0,66.0,66.0,10.0,,,4.0,1.0,23.56,65.38,25.213749999999997,,,11.0,42.44,
L3H4L5CKLB,4.0,,83.5,8.0,,,4,2.0,66.0,66.0,10.0,,,4.0,1.0,23.56,65.38,25.213749999999997,,,11.0,42.44,
L3H4L5CLLA,4.0,,83.0,8.5,,,2,2.0,77.0,77.0,10.5,,,2.0,1.0,23.56,65.38,25.213749999999997,,,11.0,53.44,
L3H4L5CLLB,4.0,,82.0,11.0,,,2,2.0,77.0,77.0,10.5,,,2.0,1.0,23.56,65.38,25.213749999999997,,,11.0,53.44,
L3H4L5CMLA,4.0,,75.0,13.0,,,2,2.0,70.5,70.5,15.5,,,4.0,1.0,23.56,65.38,25.213749999999997,,,11.0,46.94,
L3H4L5CMLB,4.0,,84.0,9.0,,,4,2.0,70.5,70.5,15.5,,,4.0,1.0,23.56,65.38,25.213749999999997,,,11.0,46.94,
L3H4L5CNLA,4.0,,66.5,18.5,,,2,2.0,72.5,72.5,9.0,,,2.0,1.0,23.56,65.38,25.213749999999997,,,11.0,48.94,
L3H4L5CNLB,4.0,,77.0,9.5,,,2,2.0,72.5,72.5,9.0,,,2.0,1.0,23.56,65.38,25.213749999999997,,,11.0,48.94,
L3H4L5CNLC,4.0,,70.0,11.5,,,2,2.0,72.5,72.5,9.0,,,2.0,1.0,23.56,65.38,25.213749999999997,,,11.0,48.94,
L3H4L5CPLA,4.0,68.5,55.0,12.857142857142858,,,10,2.0,75.0,75.0,14.0,,,2.0,1.0,23.56,65.38,25.213749999999997,,,11.0,51.44,-6.5
L3H4L5CPLB,4.0,,71.0,12.0,,,2,2.0,75.0,75.0,14.0,,,2.0,1.0,23.56,65.38,25.213749999999997,,,11.0,51.44,
L3H4L5CQLA,4.0,,68.0,14.75,,,3,2.0,63.0,63.0,11.5,,,4.0,1.0,23.56,65.38,25.213749999999997,,,11.0,39.44,
L3H4L5CQLB,4.0,,63.0,12.5,,,2,2.0,63.0,63.0,11.5,,,4.0,1.0,23.56,65.38,25.213749999999997,,,11.0,39.44,
L3H4L5CSLA,4.0,,71.0,16.5,,,3,2.0,55.0,75.5,9.5,,,6.0,1.0,23.56,65.38,25.213749999999997,,,11.0,31.44,
L3H4L5CSLB,4.0,58.5,59.5,16.666666666666668,,,9,2.0,55.0,75.5,9.5,,,6.0,1.0,23.56,65.38,25.213749999999997,,,11.0,31.44,3.5
L3H4L5CTLA,4.0,74.5,68.5,10.666666666666666,,,10,2.0,61.5,61.5,18.0,,,2.0,1.0,23.56,65.38,25.213749999999997,,,11.0,37.94,13.0
L3J4L4FPLA,4.0,,69.5,15.25,,,3,2.0,54.5,65.5,13.333333333333334,,,8.0,1.0,17.41,17.41,64.18,,,4.0,37.09,
L3J4L4FPLB,4.0,,68.0,11.75,,,3,2.0,54.5,65.5,13.333333333333334,,,8.0,1.0,17.41,17.41,64.18,,,4.0,37.09,
L3J4L4FPLC,4.0,60.0,57.0,15.375,,,11,2.0,54.5,65.5,13.333333333333334,,,8.0,1.0,17.41,17.41,64.18,,,4.0,37.09,5.5
L3J4L4FRLA,4.0,57.5,25.5,13.3125,,,11,2.0,11.0,61.5,14.916666666666666,,,8.0,1.0,17.41,17.41,64.18,,,4.0,-6.41,46.5
L3J4L4FRLB,4.0,63.0,31.5,17.0625,,,11,2.0,11.0,61.5,14.916666666666666,,,8.0,1.0,17.41,17.41,64.18,,,4.0,-6.41,52.0
L3J4L4FSLA,4.0,69.0,69.0,14.0,,,8,2.0,21.5,30.5,27.5,,,10.0,1.0,17.41,17.41,64.18,,,4.0,4.09,47.5
L3J4L4FSLB,4.0,42.5,59.5,15.0,,,5,2.0,21.5,30.5,27.5,,,10.0,1.0,17.41,17.41,64.18,,,4.0,4.09,21.0
L3J4L4FSLC,4.0,57.0,59.5,14.25,,,5,2.0,21.5,30.5,27.5,,,10.0,1.0,17.41,17.41,64.18,,,4.0,4.09,35.5
L3J4L4FSLD,4.0,73.0,54.5,14.0,,,8,2.0,21.5,30.5,27.5,,,10.0,1.0,17.41,17.41,64.18,,,4.0,4.09,51.5
L3L4L4KMLA,4.0,61.0,61.0,19.666666666666668,,,8,2.0,61.0,61.0,19.5,,,4.0,1.0,6.54,35.54,40.455000000000005,,,6.0,54.46,0.0
L3L4L4KMLB,4.0,53.5,76.0,12.75,,,5,2.0,61.0,61.0,19.5,,,4.0,1.0,6.54,35.54,40.455000000000005,,,6.0,54.46,-7.5
L3L4L4KNLA,4.0,,64.0,20.75,,,3,2.0,55.5,55.5,24.0,,,4.0,1.0,6.54,35.54,40.455000000000005,,,6.0,48.96,
L3L4L4KNLB,4.0,56.5,71.0,16.125,,,5,2.0,55.5,55.5,24.0,,,4.0,1.0,6.54,35.54,40.455000000000005,,,6.0,48.96,1.0
L3L4L4KVLA,4.0,,61.0,21.0,,,3,2.0,36.0,64.5,16.25,,,8.0,1.0,6.54,35.54,40.455000000000005,,,6.0,29.46,
L3L4L4KVLB,4.0,,62.0,21.25,,,6,2.0,36.0,64.5,16.25,,,8.0,1.0,6.54,35.54,40.455000000000005,,,6.0,29.46,
L3L4L4KWLA,4.0,78.5,59.5,13.166666666666666,,,5,2.0,34.0,51.0,13.75,,,3.0,1.0,6.54,35.54,40.455000000000005,,,6.0,27.46,44.5
L3L4L4KWLB,4.0,75.5,74.0,14.666666666666666,,,9,2.0,34.0,51.0,13.75,,,3.0,1.0,6.54,35.54,40.455000000000005,,,6.0,27.46,41.5
L3L4L4KXLA,4.0,65.0,65.0,20.166666666666668,,,4,2.0,55.0,55.0,24.5,,,2.0,1.0,6.54,35.54,40.455000000000005,,,6.0,48.46,10.0
L3L4L4KXLB,4.0,,60.0,24.25,,,3,2.0,55.0,55.0,24.5,,,2.0,1.0,6.54,35.54,40.455000000000005,,,6.0,48.46,
L3L4L4KXLC,4.0,54.0,77.5,16.25,,,10,2.0,55.0,55.0,24.5,,,2.0,1.0,6.54,35.54,40.455000000000005,,,6.0,48.46,-1.0
L3L4L4KYLA,4.0,,59.5,23.0,,,6,2.0,61.0,61.0,22.5,,,4.0,1.0,6.54,35.54,40.455000000000005,,,6.0,54.46,
L3L4L4KYLB,4.0,,62.0,16.25,,,6,2.0,61.0,61.0,22.5,,,4.0,1.0,6.54,35.54,40.455000000000005,,,6.0,54.46,
L3L4L4KYLC,4.0,,65.0,17.75,,,3,2.0,61.0,61.0,22.5,,,4.0,1.0,6.54,35.54,40.455000000000005,,,6.0,54.46,
L3L4L4KYLD,4.0,,68.5,13.0,,,2,2.0,61.0,61.0,22.5,,,4.0,1.0,6.54,35.54,40.455000000000005,,,6.0,54.46,
L3L4L4KZLA,4.0,,59.5,12.75,,,3,2.0,57.5,57.5,19.0,,,2.0,1.0,6.54,35.54,40.455000000000005,,,6.0,50.96,
L3L4L4KZLB,4.0,,61.5,12.0,,,2,2.0,57.5,57.5,19.0,,,2.0,1.0,6.54,35.54,40.455000000000005,,,6.0,50.96,
L3L4L4KZLC,4.0,,68.5,11.0,,,3,2.0,57.5,57.5,19.0,,,2.0,1.0,6.54,35.54,40.455000000000005,,,6.0,50.96,
L3L4L4LBLA,4.0,61.5,70.0,19.333333333333332,,,9,2.0,44.0,50.0,14.25,,,6.0,1.0,6.54,35.54,40.455000000000005,,,6.0,37.46,17.5
L3L4L4LBLB,4.0,54.5,63.0,16.583333333333332,,,8,2.0,44.0,50.0,14.25,,,6.0,1.0,6.54,35.54,40.455000000000005,,,6.0,37.46,10.5
L3L4L4LCLA,4.0,,65.0,17.75,,,6,2.0,31.5,67.5,20.1,,,13.0,1.0,6.54,35.54,40.455000000000005,,,6.0,24.96,
L3L4L4LCLB,4.0,57.0,54.5,22.1875,,,11,2.0,31.5,67.5,20.1,,,13.0,1.0,6.54,35.54,40.455000000000005,,,6.0,24.96,25.5
L3L4L4LELA,4.0,72.5,64.5,12.833333333333334,,,9,2.0,36.5,53.0,19.166666666666668,,,4.0,1.0,6.54,35.54,40.455000000000005,,,6.0,29.96,36.0
L3L4L4LELB,4.0,74.0,80.0,15.375,,,6,2.0,36.5,53.0,19.166666666666668,,,4.0,1.0,6.54,35.54,40.455000000000005,,,6.0,29.96,37.5
L3L4L4LHLA,4.0,42.5,59.5,16.0,,,5,2.0,55.0,55.0,15.0,,,4.0,1.0,6.54,35.54,40.455000000000005,,,6.0,48.46,-12.5
L3L4L4LHLB,4.0,50.5,63.0,11.875,,,5,2.0,55.0,55.0,15.0,,,4.0,1.0,6.54,35.54,40.455000000000005,,,6.0,48.46,-4.5
L3L4L4LJLA,4.0,,69.5,14.25,,,6,2.0,62.5,62.5,16.0,,,4.0,1.0,6.54,35.54,40.455000000000005,,,6.0,55.96,
L3L4L4LJLB,4.0,,71.5,10.5,,,2,2.0,62.5,62.5,16.0,,,4.0,1.0,6.54,35.54,40.455000000000005,,,6.0,55.96,
L3L4L4LKLA,4.0,,62.5,13.0,,,2,2.0,75.5,75.5,8.5,,,4.0,1.0,6.54,35.54,40.455000000000005,,,6.0,68.96,
L3L4L4LKLB,4.0,,63.0,16.5,,,6,2.0,75.5,75.5,8.5,,,4.0,1.0,6.54,35.54,40.455000000000005,,,6.0,68.96,
L3L4L4LLLA,4.0,,71.0,17.5,,,3,2.0,57.0,57.0,22.5,,,4.0,1.0,6.54,35.54,40.455000000000005,,,6.0,50.46,
L3L4L4LLLB,4.0,,64.0,20.0,,,2,2.0,57.0,57.0,22.5,,,4.0,1.0,6.54,35.54,40.455000000000005,,,6.0,50.46,
L3L4L4LMLB,4.0,84.5,78.0,11.2,,,8,2.0,45.5,64.0,16.75,,,3.0,1.0,6.54,35.54,40.455000000000005,,,6.0,38.96,39.0
L3L4L4LMLD,4.0,83.0,79.0,9.0,,,10,2.0,45.5,64.0,16.75,,,3.0,1.0,6.54,35.54,40.455000000000005,,,6.0,38.96,37.5
L3L4L4LMLE,4.0,,68.0,13.5,,,2,2.0,45.5,64.0,16.75,,,3.0,1.0,6.54,35.54,40.455000000000005,,,6.0,38.96,
L3L4L4LNLC,4.0,,69.5,18.0,,,2,2.0,45.0,56.0,17.0,,,8.0,1.0,6.54,35.54,40.455000000000005,,,6.0,38.46,
L3L4L4LNLD,4.0,78.5,79.5,10.1,,,8,2.0,45.0,56.0,17.0,,,8.0,1.0,6.54,35.54,40.455000000000005,,,6.0,38.46,33.5
L3L4L4LPLA,4.0,,69.5,17.0,,,2,2.0,60.5,60.5,23.5,,,4.0,1.0,6.54,35.54,40.455000000000005,,,6.0,53.96,
L3L4L4LPLB,4.0,,63.0,20.5,,,2,2.0,60.5,60.5,23.5,,,4.0,1.0,6.54,35.54,40.455000000000005,,,6.0,53.96,
L3L4L4LQLA,4.0,,62.5,22.0,,,4,2.0,58.0,58.0,24.0,,,4.0,1.0,6.54,35.54,40.455000000000005,,,6.0,51.46,
L3L4L4LQLB,4.0,,70.5,16.5,,,2,2.0,58.0,58.0,24.0,,,4.0,1.0,6.54,35.54,40.455000000000005,,,6.0,51.46,
L3L4L4LRLA,4.0,,60.5,20.75,,,6,2.0,51.0,51.0,20.5,,,2.0,1.0,6.54,35.54,40.455000000000005,,,6.0,44.46,
L3L4L4LRLB,4.0,,63.5,19.0,,,6,2.0,51.0,51.0,20.5,,,2.0,1.0,6.54,35.54,40.455000000000005,,,6.0,44.46,
L3L4L4LSLA,4.0,,67.5,18.5,,,3,2.0,59.5,59.5,19.5,,,4.0,1.0,6.54,35.54,40.455000000000005,,,6.0,52.96,
L3L4L4LSLB,4.0,72.5,66.5,15.333333333333334,,,9,2.0,59.5,59.5,19.5,,,4.0,1.0,6.54,35.54,40.455000000000005,,,6.0,52.96,13.0
L3L4L4LTLC,4.0,,70.5,16.5,,,4,2.0,68.0,68.0,17.5,,,4.0,1.0,6.54,35.54,40.455000000000005,,,6.0,61.46,
L3L4L4LTLD,4.0,,73.0,16.0,,,4,2.0,68.0,68.0,17.5,,,4.0,1.0,6.54,35.54,40.455000000000005,,,6.0,61.46,
L3L4L4LULA,4.0,,71.0,17.0,,,2,2.0,70.5,70.5,19.0,,,2.0,1.0,6.54,35.54,40.455000000000005,,,6.0,63.96,
L3L4L4LULB,4.0,,71.5,13.5,,,4,2.0,70.5,70.5,19.0,,,2.0,1.0,6.54,35.54,40.455000000000005,,,6.0,63.96,
L3L4L4LVLA,4.0,,66.5,14.0,,,3,2.0,62.0,62.0,19.5,,,2.0,1.0,6.54,35.54,40.455000000000005,,,6.0,55.46,
L3L4L4LVLB,4.0,,63.5,17.0,,,4,2.0,62.0,62.0,19.5,,,2.0,1.0,6.54,35.54,40.455000000000005,,,6.0,55.46,
L3L4L4LWLA,4.0,,63.5,19.5,,,2,2.0,62.5,62.5,20.0,,,2.0,1.0,6.54,35.54,40.455000000000005,,,6.0,55.96,
L3L4L4LWLB,4.0,,66.5,16.5,,,4,2.0,62.5,62.5,20.0,,,2.0,1.0,6.54,35.54,40.455000000000005,,,6.0,55.96,
L3L4L4LXLA,4.0,,63.5,12.0,,,2,2.0,65.5,65.5,15.0,,,2.0,1.0,6.54,35.54,40.455000000000005,,,6.0,58.96,
L3N4L4PALA,4.0,54.5,71.0,16.875,,,5,2.0,51.5,51.5,25.5,,,4.0,1.0,15.31,59.63,35.58,,,3.0,36.19,3.0
L3N4L4PALB,4.0,,61.5,23.75,,,6,2.0,51.5,51.5,25.5,,,4.0,1.0,15.31,59.63,35.58,,,3.0,36.19,
L3N4L4PBLA,4.0,,60.0,28.0,,,6,2.0,55.5,55.5,21.0,,,2.0,1.0,15.31,59.63,35.58,,,3.0,40.19,
L3N4L4PBLB,4.0,,63.0,23.0,,,6,2.0,55.5,55.5,21.0,,,2.0,1.0,15.31,59.63,35.58,,,3.0,40.19,
L3N4L4PBLC,4.0,,68.5,21.5,,,3,2.0,55.5,55.5,21.0,,,2.0,1.0,15.31,59.63,35.58,,,3.0,40.19,
L3N4L4PCLA,4.0,59.0,79.5,14.375,,,5,2.0,59.0,59.0,25.0,,,2.0,1.0,15.31,59.63,35.58,,,3.0,43.69,0.0
L3N4L4PCLB,4.0,65.0,65.0,22.666666666666668,,,4,2.0,59.0,59.0,25.0,,,2.0,1.0,15.31,59.63,35.58,,,3.0,43.69,6.0
L3N4L4PDLA,4.0,,64.5,15.0,,,2,2.0,65.5,65.5,16.5,,,4.0,1.0,15.31,59.63,35.58,,,3.0,50.19,
L3N4L4PDLB,4.0,,60.5,17.0,,,2,2.0,65.5,65.5,16.5,,,4.0,1.0,15.31,59.63,35.58,,,3.0,50.19,
L3N4L4PELA,4.0,,74.5,17.75,,,6,2.0,71.5,71.5,13.5,,,2.0,1.0,15.31,59.63,35.58,,,3.0,56.19,
L3N4L4PELB,4.0,,72.0,11.5,,,2,2.0,71.5,71.5,13.5,,,2.0,1.0,15.31,59.63,35.58,,,3.0,56.19,
L3N4L4PELC,4.0,,60.0,18.0,,,2,2.0,71.5,71.5,13.5,,,2.0,1.0,15.31,59.63,35.58,,,3.0,56.19,
L3N4L4PFLA,4.0,,74.5,19.5,,,3,2.0,69.5,69.5,14.0,,,2.0,1.0,15.31,59.63,35.58,,,3.0,54.19,
L3N4L4PFLB,4.0,,78.5,14.25,,,6,2.0,69.5,69.5,14.0,,,2.0,1.0,15.31,59.63,35.58,,,3.0,54.19,
L3N4L4PHLA,4.0,,72.0,19.5,,,6,2.0,69.5,69.5,15.5,,,2.0,1.0,15.31,59.63,35.58,,,3.0,54.19,
L3N4L4PHLB,4.0,,69.0,20.75,,,6,2.0,69.5,69.5,15.5,,,2.0,1.0,15.31,59.63,35.58,,,3.0,54.19,
L3N4L4PJLC,4.0,,86.0,7.5,,,2,2.0,85.0,85.0,4.5,,,4.0,1.0,15.31,59.63,35.58,,,3.0,69.69,
L3N4L4PJLD,4.0,,88.0,5.5,,,2,2.0,85.0,85.0,4.5,,,4.0,1.0,15.31,59.63,35.58,,,3.0,69.69,
L3N4L4PKLC,4.0,,83.5,3.5,,,4,2.0,78.5,78.5,8.0,,,2.0,1.0,15.31,59.63,35.58,,,3.0,63.19,
L3N4L4PKLD,4.0,,85.0,5.0,,,2,2.0,78.5,78.5,8.0,,,2.0,1.0,15.31,59.63,35.58,,,3.0,63.19,
L3N4L4PLLC,4.0,,88.0,5.0,,,4,2.0,90.0,90.0,3.5,,,2.0,1.0,15.31,59.63,35.58,,,3.0,74.69,
L3N4L4PLLD,4.0,,78.5,9.0,,,2,2.0,90.0,90.0,3.5,,,2.0,1.0,15.31,59.63,35.58,,,3.0,74.69,
L3N4L4PMLA,4.0,,86.0,6.0,,,2,2.0,88.0,88.0,5.5,,,4.0,1.0,15.31,59.63,35.58,,,3.0,72.69,
L3N5L5CZLA,4.0,73.0,65.0,18.625,,,7,2.0,61.5,61.5,24.5,,,4.0,1.0,15.42,63.9,27.42,,,8.0,46.08,11.5
L3N5L5CZLB,4.0,,70.5,18.5,,,4,2.0,61.5,61.5,24.5,,,4.0,1.0,15.42,63.9,27.42,,,8.0,46.08,
L3N5L5DALA,4.0,79.5,74.0,20.5,,,9,2.0,67.5,67.5,14.5,,,4.0,1.0,15.42,63.9,27.42,,,8.0,52.08,12.0
L3N5L5DALB,4.0,,71.0,18.0,,,2,2.0,67.5,67.5,14.5,,,4.0,1.0,15.42,63.9,27.42,,,8.0,52.08,
L3N5L5DALC,4.0,,67.0,22.5,,,4,2.0,67.5,67.5,14.5,,,4.0,1.0,15.42,63.9,27.42,,,8.0,52.08,
L3N5L5DALD,4.0,,68.5,17.5,,,2,2.0,67.5,67.5,14.5,,,4.0,1.0,15.42,63.9,27.42,,,8.0,52.08,
L3N5L5DBLA,4.0,72.5,54.5,19.8125,,,11,2.0,67.5,67.5,20.0,,,2.0,1.0,15.42,63.9,27.42,,,8.0,52.08,5.0
L3N5L5DBLB,4.0,,69.0,20.5,,,4,2.0,67.5,67.5,20.0,,,2.0,1.0,15.42,63.9,27.42,,,8.0,52.08,
L3N5L5DCLA,4.0,,61.5,25.0,,,2,2.0,59.5,59.5,23.0,,,2.0,1.0,15.42,63.9,27.42,,,8.0,44.08,
L3P3L4UALA,4.0,69.5,69.5,15.166666666666666,,,8,2.0,49.0,64.0,8.25,,,6.0,1.0,11.0,25.0,36.355000000000004,,,5.0,38.0,20.5
L3P3L4UALB,4.0,,64.0,22.25,,,3,2.0,49.0,64.0,8.25,,,6.0,1.0,11.0,25.0,36.355000000000004,,,5.0,38.0,
L3P3L4UALC,4.0,59.0,59.0,14.833333333333334,,,8,2.0,49.0,64.0,8.25,,,6.0,1.0,11.0,25.0,36.355000000000004,,,5.0,38.0,10.0
L3P3L4UALE,4.0,72.5,78.0,9.416666666666666,,,9,2.0,49.0,64.0,8.25,,,6.0,1.0,11.0,25.0,36.355000000000004,,,5.0,38.0,23.5
L3P3L4UALF,4.0,,61.0,12.0,,,2,2.0,49.0,64.0,8.25,,,6.0,1.0,11.0,25.0,36.355000000000004,,,5.0,38.0,
L3Q3B5EALA,4.0,,75.5,13.5,,,2,2.0,62.5,73.0,11.5,,,5.0,1.0,27.8,66.5,22.433333333333334,,,8.0,34.7,
L3Q3B5EALB,4.0,,82.0,11.5,,,4,2.0,62.5,73.0,11.5,,,5.0,1.0,27.8,66.5,22.433333333333334,,,8.0,34.7,
L3Q3B5EALC,4.0,,73.5,14.5,,,2,2.0,62.5,73.0,11.5,,,5.0,1.0,27.8,66.5,22.433333333333334,,,8.0,34.7,
L3R3B4DALA,4.0,,60.5,24.5,,,3,2.0,29.0,47.5,18.583333333333332,,,9.0,1.0,1.0,8.0,52.0,,,3.0,28.0,
L3R3B4DALB,4.0,55.0,52.5,23.0,,,10,2.0,29.0,47.5,18.583333333333332,,,9.0,1.0,1.0,8.0,52.0,,,3.0,28.0,26.0
L3U4L4VALA,4.0,,68.5,20.5,,,2,2.0,47.0,72.0,13.583333333333334,,,9.0,1.0,22.8,27.58,26.865000000000002,,,6.0,24.2,
L3U4L4VALB,4.0,,61.5,23.5,,,2,2.0,47.0,72.0,13.583333333333334,,,9.0,1.0,22.8,27.58,26.865000000000002,,,6.0,24.2,
L3U4L4VALC,4.0,,67.0,19.5,,,4,2.0,47.0,72.0,13.583333333333334,,,9.0,1.0,22.8,27.58,26.865000000000002,,,6.0,24.2,
L3U4L4VBLA,4.0,61.0,68.5,22.0,,,12,2.0,68.5,65.0,12.875,,,7.0,1.0,22.8,27.58,26.865000000000002,,,6.0,45.7,-7.5
L3U4L4VBLB,4.0,62.0,66.5,19.9,,,8,2.0,68.5,65.0,12.875,,,7.0,1.0,22.8,27.58,26.865000000000002,,,6.0,45.7,-6.5
L3U4L4VBLC,4.0,,72.5,15.0,,,4,2.0,68.5,65.0,12.875,,,7.0,1.0,22.8,27.58,26.865000000000002,,,6.0,45.7,
L3U4L4VCLA,4.0,69.0,61.0,17.5,,,6,2.0,58.0,79.0,11.4,,,7.0,1.0,22.8,27.58,26.865000000000002,,,6.0,35.2,11.0
L3U4L4VCLB,4.0,,60.5,28.0,,,2,2.0,58.0,79.0,11.4,,,7.0,1.0,22.8,27.58,26.865000000000002,,,6.0,35.2,
L3U4L4VDLA,4.0,69.0,38.0,21.3,,,8,2.0,77.0,62.0,9.125,,,7.0,1.0,22.8,27.58,26.865000000000002,,,6.0,54.2,-8.0
L3U4L4VDLB,4.0,61.0,52.0,19.9,,,8,2.0,77.0,62.0,9.125,,,7.0,1.0,22.8,27.58,26.865000000000002,,,6.0,54.2,-16.0
L3U4L4VDLC,4.0,,64.0,20.0,,,2,2.0,77.0,62.0,9.125,,,7.0,1.0,22.8,27.58,26.865000000000002,,,6.0,54.2,
L3U4L4VDLD,4.0,,79.0,14.0,,,2,2.0,77.0,62.0,9.125,,,7.0,1.0,22.8,27.58,26.865000000000002,,,6.0,54.2,
L3U4L4VDLE,4.0,,63.0,15.0,,,6,2.0,77.0,62.0,9.125,,,7.0,1.0,22.8,27.58,26.865000000000002,,,6.0,54.2,
L3U4L4VDLF,4.0,,65.5,25.5,,,2,2.0,77.0,62.0,9.125,,,7.0,1.0,22.8,27.58,26.865000000000002,,,6.0,54.2,
L3V4L4MLLA,4.0,,75.5,8.5,,,4,2.0,51.5,51.5,24.0,,,4.0,1.0,14.18,47.419999999999995,35.81,,,3.0,37.32,
L3V4L4MLLB,4.0,,68.0,16.5,,,2,2.0,51.5,51.5,24.0,,,4.0,1.0,14.18,47.419999999999995,35.81,,,3.0,37.32,
L3V4L4MMLA,4.0,,67.5,11.5,,,2,2.0,64.0,64.0,18.0,,,4.0,1.0,14.18,47.419999999999995,35.81,,,3.0,49.82,
L3V4L4MMLB,4.0,,63.0,13.0,,,4,2.0,64.0,64.0,18.0,,,4.0,1.0,14.18,47.419999999999995,35.81,,,3.0,49.82,
L3V4L4MMLC,4.0,,65.0,18.5,,,4,2.0,64.0,64.0,18.0,,,4.0,1.0,14.18,47.419999999999995,35.81,,,3.0,49.82,
L3V4L4MNLA,4.0,,60.5,21.75,,,6,2.0,66.5,66.5,12.5,,,2.0,1.0,14.18,47.419999999999995,35.81,,,3.0,52.32,
L3V4L4MNLB,4.0,,60.5,20.0,,,4,2.0,66.5,66.5,12.5,,,2.0,1.0,14.18,47.419999999999995,35.81,,,3.0,52.32,
L3V4L4MNLC,4.0,61.0,61.0,17.833333333333332,,,4,2.0,66.5,66.5,12.5,,,2.0,1.0,14.18,47.419999999999995,35.81,,,3.0,52.32,-5.5
L3V4L4MPLA,4.0,,66.5,20.0,,,6,2.0,60.5,60.5,18.0,,,2.0,1.0,14.18,47.419999999999995,35.81,,,3.0,46.32,
L3V4L4MPLB,4.0,67.5,75.0,11.5,,,5,2.0,60.5,60.5,18.0,,,2.0,1.0,14.18,47.419999999999995,35.81,,,3.0,46.32,7.0
L3V4L4MQLA,4.0,,64.0,13.0,,,4,2.0,67.0,67.0,14.5,,,2.0,1.0,14.18,47.419999999999995,35.81,,,3.0,52.82,
L3V4L4MQLB,4.0,,70.0,12.5,,,2,2.0,67.0,67.0,14.5,,,2.0,1.0,14.18,47.419999999999995,35.81,,,3.0,52.82,
L3V4L4MQLC,4.0,,69.0,12.5,,,2,2.0,67.0,67.0,14.5,,,2.0,1.0,14.18,47.419999999999995,35.81,,,3.0,52.82,
L3V4L4MRLA,4.0,,72.0,14.5,,,2,2.0,70.0,70.0,12.5,,,2.0,1.0,14.18,47.419999999999995,35.81,,,3.0,55.82,
L3V4L4MRLB,4.0,,81.0,7.0,,,2,2.0,70.0,70.0,12.5,,,2.0,1.0,14.18,47.419999999999995,35.81,,,3.0,55.82,
L3V4L4MTLA,4.0,,67.5,10.0,,,4,2.0,42.5,76.5,8.9,,,7.0,1.0,14.18,47.419999999999995,35.81,,,3.0,28.32,
L3V4L4MTLB,4.0,,68.0,9.0,,,2,2.0,42.5,76.5,8.9,,,7.0,1.0,14.18,47.419999999999995,35.81,,,3.0,28.32,
L3V4L4MTLC,4.0,,63.0,9.5,,,2,2.0,42.5,76.5,8.9,,,7.0,1.0,14.18,47.419999999999995,35.81,,,3.0,28.32,
L3V4L4MULA,4.0,,62.5,17.75,,,6,2.0,59.5,59.5,23.5,,,4.0,1.0,14.18,47.419999999999995,35.81,,,3.0,45.32,
L3V4L4MULB,4.0,,78.0,13.25,,,3,2.0,59.5,59.5,23.5,,,4.0,1.0,14.18,47.419999999999995,35.81,,,3.0,45.32,
L3V4L4MVLA,4.0,,82.5,9.5,,,4,2.0,49.5,66.0,13.166666666666666,,,8.0,1.0,14.18,47.419999999999995,35.81,,,3.0,35.32,
L3V4L4MVLB,4.0,,77.0,11.0,,,2,2.0,49.5,66.0,13.166666666666666,,,8.0,1.0,14.18,47.419999999999995,35.81,,,3.0,35.32,
L3V4L4MWLA,4.0,,66.0,18.25,,,6,2.0,51.0,51.0,19.5,,,2.0,1.0,14.18,47.419999999999995,35.81,,,3.0,36.82,
L3V4L4MWLB,4.0,,69.5,13.5,,,3,2.0,51.0,51.0,19.5,,,2.0,1.0,14.18,47.419999999999995,35.81,,,3.0,36.82,
L3V4L4MXLB,4.0,,73.0,21.0,,,6,2.0,50.5,50.5,22.0,,,2.0,1.0,14.18,47.419999999999995,35.81,,,3.0,36.32,
L3W3L4VKLA,4.0,53.5,45.0,14.3,,,29,2.0,31.0,61.5,17.75,,,3.0,1.0,5.81,25.8,41.15666666666666,,,4.0,25.19,22.5
L3W3L4VKLB,4.0,62.0,70.5,17.1,,,7,2.0,31.0,61.5,17.75,,,3.0,1.0,5.81,25.8,41.15666666666666,,,4.0,25.19,31.0
L3W3L4VMLA,4.0,46.5,52.0,16.7,,,13,2.0,44.5,44.5,26.0,,,2.0,1.0,5.81,25.8,41.15666666666666,,,4.0,38.69,2.0
L3W3L4VMLB,4.0,51.0,52.5,17.441176470588236,,,22,2.0,44.5,44.5,26.0,,,2.0,1.0,5.81,25.8,41.15666666666666,,,4.0,38.69,6.5
L3W3L4VMLC,4.0,55.5,44.0,17.136363636363637,,,14,2.0,44.5,44.5,26.0,,,2.0,1.0,5.81,25.8,41.15666666666666,,,4.0,38.69,11.0
L3W3L4VPLA,4.0,54.5,54.0,18.8,,,14,2.0,35.0,66.0,11.5,,,6.0,1.0,5.81,25.8,41.15666666666666,,,4.0,29.19,19.5
L3W3L4VPLB,4.0,,50.0,18.75,,,3,2.0,35.0,66.0,11.5,,,6.0,1.0,5.81,25.8,41.15666666666666,,,4.0,29.19,
L3W3L4VPLC,4.0,,59.5,18.5,,,3,2.0,35.0,66.0,11.5,,,6.0,1.0,5.81,25.8,41.15666666666666,,,4.0,29.19,
L3W3L4VQLA,4.0,,68.0,17.0,,,2,2.0,33.0,63.0,16.25,,,6.0,1.0,5.81,25.8,41.15666666666666,,,4.0,27.19,
L3W3L4VQLB,4.0,51.0,60.0,21.5,,,9,2.0,33.0,63.0,16.25,,,6.0,1.0,5.81,25.8,41.15666666666666,,,4.0,27.19,18.0
L3W3L4VQLC,4.0,,61.0,19.75,,,3,2.0,33.0,63.0,16.25,,,6.0,1.0,5.81,25.8,41.15666666666666,,,4.0,27.19,
L3W3L4VSLA,4.0,45.5,60.5,21.09090909090909,,,14,2.0,40.0,40.0,35.5,,,2.0,1.0,5.81,25.8,41.15666666666666,,,4.0,34.19,5.5
L3W3L4VSLB,4.0,50.0,67.0,17.857142857142858,,,9,2.0,40.0,40.0,35.5,,,2.0,1.0,5.81,25.8,41.15666666666666,,,4.0,34.19,10.0
L3W3L4VSLC,4.0,50.5,59.5,21.3,,,13,2.0,40.0,40.0,35.5,,,2.0,1.0,5.81,25.8,41.15666666666666,,,4.0,34.19,10.5
L3XLL4KALC,4.0,,71.0,15.0,,,4,2.0,68.0,68.0,24.0,,,2.0,1.0,60.33,60.33,26.83,,,4.0,7.670000000000002,
L3XLL4KALD,4.0,,74.0,13.0,,,2,2.0,68.0,68.0,24.0,,,2.0,1.0,60.33,60.33,26.83,,,4.0,7.670000000000002,
L3XLL4KALE,4.0,,74.0,14.5,,,2,2.0,68.0,68.0,24.0,,,2.0,1.0,60.33,60.33,26.83,,,4.0,7.670000000000002,
L3Y4L4JJLA,4.0,,73.0,13.0,,,2,2.0,80.5,80.5,7.5,,,2.0,1.0,15.15,25.75,35.285000000000004,,,3.0,65.35,
L3Y4L4JJLB,4.0,,75.0,16.5,,,4,2.0,80.5,80.5,7.5,,,2.0,1.0,15.15,25.75,35.285000000000004,,,3.0,65.35,
L3Y4L4JKLA,4.0,,67.0,14.5,,,4,2.0,64.5,64.5,10.0,,,2.0,1.0,15.15,25.75,35.285000000000004,,,3.0,49.35,
L3Y4L4JKLB,4.0,,66.5,9.0,,,2,2.0,64.5,64.5,10.0,,,2.0,1.0,15.15,25.75,35.285000000000004,,,3.0,49.35,
L3Y4L4JKLC,4.0,,69.5,12.5,,,4,2.0,64.5,64.5,10.0,,,2.0,1.0,15.15,25.75,35.285000000000004,,,3.0,49.35,
L3Y4L4JLLA,4.0,,61.5,9.5,,,4,2.0,56.5,56.5,20.0,,,4.0,1.0,15.15,25.75,35.285000000000004,,,3.0,41.35,
L3Y4L4JLLB,4.0,,62.5,13.0,,,2,2.0,56.5,56.5,20.0,,,4.0,1.0,15.15,25.75,35.285000000000004,,,3.0,41.35,
L3Y4L4JMLA,4.0,,64.0,15.25,,,3,2.0,51.5,51.5,21.0,,,4.0,1.0,15.15,25.75,35.285000000000004,,,3.0,36.35,
L3Y4L4JMLB,4.0,,73.0,19.75,,,3,2.0,51.5,51.5,21.0,,,4.0,1.0,15.15,25.75,35.285000000000004,,,3.0,36.35,
L3Y4L4JNLA,4.0,,66.0,19.25,,,6,2.0,46.5,46.5,28.0,,,2.0,1.0,15.15,25.75,35.285000000000004,,,3.0,31.35,
L3Y4L4JNLB,4.0,,67.0,14.5,,,4,2.0,46.5,46.5,28.0,,,2.0,1.0,15.15,25.75,35.285000000000004,,,3.0,31.35,
L44PL5KGLA,4.0,,88.5,4.0,,,2,2.0,88.5,88.5,7.0,,,2.0,1.0,63.02,63.02,21.360000000000014,,,4.0,25.479999999999997,
L44PL5KGLB,4.0,,87.5,5.0,,,4,2.0,88.5,88.5,7.0,,,2.0,1.0,63.02,63.02,21.360000000000014,,,4.0,25.479999999999997,
L44PL5KHLA,4.0,93.5,92.0,3.7,,,8,2.0,87.0,87.0,6.5,,,2.0,1.0,63.02,63.02,21.360000000000014,,,4.0,23.979999999999997,6.5
L44PL5KHLB,4.0,88.0,92.0,6.2,,,8,2.0,87.0,87.0,6.5,,,2.0,1.0,63.02,63.02,21.360000000000014,,,4.0,23.979999999999997,1.0
L44PL5KJLA,4.0,,93.0,3.5,,,2,2.0,88.5,88.5,7.0,,,2.0,1.0,63.02,63.02,21.360000000000014,,,4.0,25.479999999999997,
L44PL5KJLB,4.0,,89.5,5.5,,,2,2.0,88.5,88.5,7.0,,,2.0,1.0,63.02,63.02,21.360000000000014,,,4.0,25.479999999999997,
L44PL5KKLA,4.0,,83.5,8.0,,,2,2.0,88.0,88.0,7.5,,,2.0,1.0,63.02,63.02,21.360000000000014,,,4.0,24.979999999999997,
L44PL5KKLB,4.0,,80.0,9.0,,,4,2.0,88.0,88.0,7.5,,,2.0,1.0,63.02,63.02,21.360000000000014,,,4.0,24.979999999999997,
L44PL5KLLA,4.0,89.0,90.5,4.7,,,8,2.0,87.0,87.0,5.0,,,2.0,1.0,63.02,63.02,21.360000000000014,,,4.0,23.979999999999997,2.0
L44PL5KLLB,4.0,86.5,93.5,5.5,,,8,2.0,87.0,87.0,5.0,,,2.0,1.0,63.02,63.02,21.360000000000014,,,4.0,23.979999999999997,-0.5
L44PL5KMLA,4.0,,83.0,7.0,,,2,2.0,84.0,84.0,10.0,,,2.0,1.0,63.02,63.02,21.360000000000014,,,4.0,20.979999999999997,
L44PL5KMLB,4.0,,83.0,10.5,,,2,2.0,84.0,84.0,10.0,,,2.0,1.0,63.02,63.02,21.360000000000014,,,4.0,20.979999999999997,
L44PL5KNLA,4.0,,77.0,8.5,,,4,2.0,87.0,87.0,6.5,,,2.0,1.0,63.02,63.02,21.360000000000014,,,4.0,23.979999999999997,
L44PL5KNLB,4.0,,82.5,8.5,,,2,2.0,87.0,87.0,6.5,,,2.0,1.0,63.02,63.02,21.360000000000014,,,4.0,23.979999999999997,
L44PL5KPLA,4.0,,76.0,13.5,,,2,2.0,76.5,76.5,10.5,,,2.0,1.0,63.02,63.02,21.360000000000014,,,4.0,13.479999999999997,
L44PL5KPLB,4.0,,67.5,20.0,,,4,2.0,76.5,76.5,10.5,,,2.0,1.0,63.02,63.02,21.360000000000014,,,4.0,13.479999999999997,
L44PL5KQLA,4.0,91.0,86.5,9.333333333333334,,,10,2.0,65.0,65.0,14.0,,,2.0,1.0,63.02,63.02,21.360000000000014,,,4.0,1.9799999999999969,26.0
L44PL5KQLB,4.0,90.0,92.0,7.5,,,8,2.0,65.0,65.0,14.0,,,2.0,1.0,63.02,63.02,21.360000000000014,,,4.0,1.9799999999999969,25.0
L44PL5KRLA,4.0,,82.0,11.5,,,4,2.0,82.5,82.5,7.0,,,2.0,1.0,63.02,63.02,21.360000000000014,,,4.0,19.479999999999997,
L44PL5KRLC,4.0,86.0,84.5,10.5,,,10,2.0,82.5,82.5,7.0,,,2.0,1.0,63.02,63.02,21.360000000000014,,,4.0,19.479999999999997,3.5
L44PL5KSLA,4.0,88.5,82.5,6.8,,,8,2.0,72.5,72.5,14.5,,,2.0,1.0,63.02,63.02,21.360000000000014,,,4.0,9.479999999999997,16.0
L45RL5XALA,4.0,79.5,76.0,15.625,,,7,2.0,76.0,76.0,10.0,,,2.0,1.0,33.81,48.89000000000001,21.650000000000006,,,6.0,42.19,3.5
L45RL5XALB,4.0,77.0,73.0,15.166666666666666,,,5,2.0,76.0,76.0,10.0,,,2.0,1.0,33.81,48.89000000000001,21.650000000000006,,,6.0,42.19,1.0
L45RL5XALC,4.0,77.5,71.0,13.666666666666666,,,5,2.0,76.0,76.0,10.0,,,2.0,1.0,33.81,48.89000000000001,21.650000000000006,,,6.0,42.19,1.5
L45RL5XALD,4.0,77.0,72.09,14.044,,,38,2.0,76.0,76.0,10.0,,,2.0,1.0,33.81,48.89000000000001,21.650000000000006,,,6.0,42.19,1.0
L45RL5XBLA,4.0,76.5,78.0,15.75,,,7,2.0,70.0,70.0,18.5,,,4.0,1.0,33.81,48.89000000000001,21.650000000000006,,,6.0,36.19,6.5
L45RL5XBLB,4.0,84.0,73.0,15.166666666666666,,,5,2.0,70.0,70.0,18.5,,,4.0,1.0,33.81,48.89000000000001,21.650000000000006,,,6.0,36.19,14.0
L45RL5XBLC,4.0,83.0,72.5,17.625,,,7,2.0,70.0,70.0,18.5,,,4.0,1.0,33.81,48.89000000000001,21.650000000000006,,,6.0,36.19,13.0
L45RL5XBLD,4.0,80.0,66.0,15.8,,,8,2.0,70.0,70.0,18.5,,,4.0,1.0,33.81,48.89000000000001,21.650000000000006,,,6.0,36.19,10.0
L45RL5XCLA,4.0,80.5,81.0,13.375,,,7,2.0,79.5,79.5,13.5,,,2.0,1.0,33.81,48.89000000000001,21.650000000000006,,,6.0,45.69,1.0
L45RL5XCLB,4.0,85.0,75.0,13.0,,,7,2.0,79.5,79.5,13.5,,,2.0,1.0,33.81,48.89000000000001,21.650000000000006,,,6.0,45.69,5.5
L45RL5XCLC,4.0,82.5,78.0,12.666666666666666,,,5,2.0,79.5,79.5,13.5,,,2.0,1.0,33.81,48.89000000000001,21.650000000000006,,,6.0,45.69,3.0
L45RL5XCLD,4.0,81.5,77.0,14.375,,,7,2.0,79.5,79.5,13.5,,,2.0,1.0,33.81,48.89000000000001,21.650000000000006,,,6.0,45.69,2.0
L45RL5XDLA,4.0,81.0,75.38,11.14125,,,14,2.0,81.0,81.0,12.0,,,4.0,1.0,33.81,48.89000000000001,21.650000000000006,,,6.0,47.19,0.0
L45RL5XDLB,4.0,80.5,82.0,11.0,,,8,2.0,81.0,81.0,12.0,,,4.0,1.0,33.81,48.89000000000001,21.650000000000006,,,6.0,47.19,-0.5
L45RL5XDLC,4.0,80.5,82.0,13.375,,,7,2.0,81.0,81.0,12.0,,,4.0,1.0,33.81,48.89000000000001,21.650000000000006,,,6.0,47.19,-0.5
L45RL5XDLD,4.0,81.5,69.0,17.0,,,5,2.0,81.0,81.0,12.0,,,4.0,1.0,33.81,48.89000000000001,21.650000000000006,,,6.0,47.19,0.5
L45RL5XELA,4.0,,74.5,15.0,,,2,2.0,77.0,67.0,11.5,,,7.0,1.0,33.81,48.89000000000001,21.650000000000006,,,6.0,43.19,
L45RL5XELB,4.0,,71.5,14.5,,,2,2.0,77.0,67.0,11.5,,,7.0,1.0,33.81,48.89000000000001,21.650000000000006,,,6.0,43.19,
L45RL5XELC,4.0,,70.0,17.5,,,2,2.0,77.0,67.0,11.5,,,7.0,1.0,33.81,48.89000000000001,21.650000000000006,,,6.0,43.19,
L45RL5XELD,4.0,,70.5,19.5,,,2,2.0,77.0,67.0,11.5,,,7.0,1.0,33.81,48.89000000000001,21.650000000000006,,,6.0,43.19,
L45RL5XFLA,4.0,,60.0,19.0,,,2,2.0,61.5,68.0,16.75,,,7.0,1.0,33.81,48.89000000000001,21.650000000000006,,,6.0,27.689999999999998,
L45RL5XFLB,4.0,,72.5,18.5,,,6,2.0,61.5,68.0,16.75,,,7.0,1.0,33.81,48.89000000000001,21.650000000000006,,,6.0,27.689999999999998,
L45RL5XFLC,4.0,,75.0,16.75,,,3,2.0,61.5,68.0,16.75,,,7.0,1.0,33.81,48.89000000000001,21.650000000000006,,,6.0,27.689999999999998,
L45RL5XFLD,4.0,,70.5,20.25,,,6,2.0,61.5,68.0,16.75,,,7.0,1.0,33.81,48.89000000000001,21.650000000000006,,,6.0,27.689999999999998,
L45RL5XGEC,4.0,,69.0,17.0,,,4,2.0,76.5,76.0,12.0,,,7.0,1.0,33.81,48.89000000000001,21.650000000000006,,,6.0,42.69,
L45RL5XGED,4.0,,71.0,15.5,,,4,2.0,76.5,76.0,12.0,,,7.0,1.0,33.81,48.89000000000001,21.650000000000006,,,6.0,42.69,
L45RL5XGEG,4.0,,63.5,19.5,,,2,2.0,76.5,76.0,12.0,,,7.0,1.0,33.81,48.89000000000001,21.650000000000006,,,6.0,42.69,
L45RL5XGEH,4.0,,74.0,19.5,,,2,2.0,76.5,76.0,12.0,,,7.0,1.0,33.81,48.89000000000001,21.650000000000006,,,6.0,42.69,
L45RL5XGEJ,4.0,,65.5,15.5,,,4,2.0,76.5,76.0,12.0,,,7.0,1.0,33.81,48.89000000000001,21.650000000000006,,,6.0,42.69,
L45RL5XGLA,4.0,,64.5,9.75,,,4,2.0,76.5,76.0,12.0,,,7.0,1.0,33.81,48.89000000000001,21.650000000000006,,,6.0,42.69,
L45RL5XGLB,4.0,,59.5,7.25,,,4,2.0,76.5,76.0,12.0,,,7.0,1.0,33.81,48.89000000000001,21.650000000000006,,,6.0,42.69,
L45RL5XGLC,4.0,,58.0,7.0,,,6,2.0,76.5,76.0,12.0,,,7.0,1.0,33.81,48.89000000000001,21.650000000000006,,,6.0,42.69,
L45RL5XHLA,4.0,81.5,67.5,13.3,,,8,2.0,70.5,70.5,21.0,,,2.0,1.0,33.81,48.89000000000001,21.650000000000006,,,6.0,36.69,11.0
L45RL5XHLB,4.0,76.0,74.5,11.666666666666666,,,10,2.0,70.5,70.5,21.0,,,2.0,1.0,33.81,48.89000000000001,21.650000000000006,,,6.0,36.69,5.5
L45RL5XJLA,4.0,,75.0,19.5,,,3,2.0,70.0,70.5,11.333333333333334,,,5.0,1.0,33.81,48.89000000000001,21.650000000000006,,,6.0,36.19,
L46RB6JBEB,4.0,,76.0,9.5,,,4,2.0,69.0,69.0,13.0,,,2.0,1.0,42.64,73.0,14.812500000000002,,,6.0,26.36,
L46RB6JBLA,4.0,,87.5,5.5,,,2,2.0,69.0,69.0,13.0,,,2.0,1.0,42.64,73.0,14.812500000000002,,,6.0,26.36,
L46RB6JBLB,4.0,,84.0,6.5,,,4,2.0,69.0,69.0,13.0,,,2.0,1.0,42.64,73.0,14.812500000000002,,,6.0,26.36,
L47NL5ALLA,4.0,,86.0,8.5,,,2,2.0,89.0,89.0,7.5,,,2.0,1.0,64.06,64.06,24.009999999999998,,,2.0,24.939999999999998,
L47NL5ALLB,4.0,,84.5,10.5,,,2,2.0,89.0,89.0,7.5,,,2.0,1.0,64.06,64.06,24.009999999999998,,,2.0,24.939999999999998,
L47NL5ALLC,4.0,,86.0,8.0,,,4,2.0,89.0,89.0,7.5,,,2.0,1.0,64.06,64.06,24.009999999999998,,,2.0,24.939999999999998,
L47NL5EXLA,4.0,89.5,86.5,5.3,,,8,2.0,80.5,80.5,11.0,,,2.0,1.0,64.06,64.06,24.009999999999998,,,2.0,16.439999999999998,9.0
L47NL5EXLB,4.0,85.5,88.5,7.1,,,8,2.0,80.5,80.5,11.0,,,2.0,1.0,64.06,64.06,24.009999999999998,,,2.0,16.439999999999998,5.0
L47NL5EYLA,4.0,91.5,86.0,5.3,,,8,2.0,84.0,84.0,6.5,,,4.0,1.0,64.06,64.06,24.009999999999998,,,2.0,19.939999999999998,7.5
L47NL5JRLB,4.0,,88.0,8.0,,,2,2.0,86.0,86.0,5.5,,,4.0,1.0,64.06,64.06,24.009999999999998,,,2.0,21.939999999999998,
L47NL5JSLA,4.0,,82.5,6.5,,,2,2.0,90.0,90.0,6.0,,,4.0,1.0,64.06,64.06,24.009999999999998,,,2.0,25.939999999999998,
L47NL5JSLB,4.0,89.0,92.5,5.6,,,8,2.0,90.0,90.0,6.0,,,4.0,1.0,64.06,64.06,24.009999999999998,,,2.0,25.939999999999998,-1.0
L47NL5JTLA,4.0,,84.0,8.0,,,4,2.0,85.0,85.0,6.0,,,2.0,1.0,64.06,64.06,24.009999999999998,,,2.0,20.939999999999998,
L47NL5JTLB,4.0,,75.0,10.0,,,2,2.0,85.0,85.0,6.0,,,2.0,1.0,64.06,64.06,24.009999999999998,,,2.0,20.939999999999998,
L47NL5JULA,4.0,,80.5,9.0,,,4,2.0,74.5,74.5,10.0,,,4.0,1.0,64.06,64.06,24.009999999999998,,,2.0,10.439999999999998,
L47NL5JULB,4.0,,82.0,10.5,,,2,2.0,74.5,74.5,10.0,,,4.0,1.0,64.06,64.06,24.009999999999998,,,2.0,10.439999999999998,
L47NL5JVLA,4.0,,68.0,14.0,,,2,2.0,71.5,71.5,13.0,,,2.0,1.0,64.06,64.06,24.009999999999998,,,2.0,7.439999999999998,
L47NL5JVLB,4.0,,75.5,12.5,,,4,2.0,71.5,71.5,13.0,,,2.0,1.0,64.06,64.06,24.009999999999998,,,2.0,7.439999999999998,
L47NL5JWLA,4.0,,80.0,7.5,,,4,2.0,81.5,81.5,8.5,,,4.0,1.0,64.06,64.06,24.009999999999998,,,2.0,17.439999999999998,
L47NL5JWLB,4.0,,82.5,7.0,,,4,2.0,81.5,81.5,8.5,,,4.0,1.0,64.06,64.06,24.009999999999998,,,2.0,17.439999999999998,
L47NL5JXLA,4.0,,79.5,7.5,,,4,2.0,65.5,65.5,13.0,,,4.0,1.0,64.06,64.06,24.009999999999998,,,2.0,1.4399999999999977,
L47NL5JXLB,4.0,,80.0,7.5,,,2,2.0,65.5,65.5,13.0,,,4.0,1.0,64.06,64.06,24.009999999999998,,,2.0,1.4399999999999977,
L47NL5JYLA,4.0,,85.0,11.5,,,2,2.0,79.5,79.5,7.5,,,4.0,1.0,64.06,64.06,24.009999999999998,,,2.0,15.439999999999998,
L47NL5JYLB,4.0,,88.0,7.5,,,2,2.0,79.5,79.5,7.5,,,4.0,1.0,64.06,64.06,24.009999999999998,,,2.0,15.439999999999998,
L47NL5JZLA,4.0,88.5,89.0,5.5,,,8,2.0,74.0,74.0,9.5,,,2.0,1.0,64.06,64.06,24.009999999999998,,,2.0,9.939999999999998,14.5
L47NL5JZLB,4.0,,79.0,15.0,,,2,2.0,74.0,74.0,9.5,,,2.0,1.0,64.06,64.06,24.009999999999998,,,2.0,9.939999999999998,
L47SL5FUL6,4.0,88.5,87.0,9.1,,,8,2.0,83.5,83.5,8.0,,,2.0,1.0,70.9,70.9,15.600000000000001,,,2.0,12.599999999999994,5.0
L47SL5FUL7,4.0,,79.0,13.0,,,4,2.0,83.5,83.5,8.0,,,2.0,1.0,70.9,70.9,15.600000000000001,,,2.0,12.599999999999994,
L47SL5FULA,4.0,88.5,81.0,9.0,,,8,2.0,83.5,83.5,8.0,,,2.0,1.0,70.9,70.9,15.600000000000001,,,2.0,12.599999999999994,5.0
L47SL5FULB,4.0,89.0,88.0,8.357142857142858,,,11,2.0,83.5,83.5,8.0,,,2.0,1.0,70.9,70.9,15.600000000000001,,,2.0,12.599999999999994,5.5
L47SL5FVLA,4.0,,72.0,10.5,,,2,2.0,87.0,87.0,5.5,,,2.0,1.0,70.9,70.9,15.600000000000001,,,2.0,16.099999999999994,
L47SL5FVLB,4.0,90.5,91.0,6.5,,,8,2.0,87.0,87.0,5.5,,,2.0,1.0,70.9,70.9,15.600000000000001,,,2.0,16.099999999999994,3.5
L47SL5FVLC,4.0,93.0,87.5,6.375,,,7,2.0,87.0,87.0,5.5,,,2.0,1.0,70.9,70.9,15.600000000000001,,,2.0,16.099999999999994,6.0
L47SL5FVLD,4.0,,90.5,7.0,,,2,2.0,87.0,87.0,5.5,,,2.0,1.0,70.9,70.9,15.600000000000001,,,2.0,16.099999999999994,
L47SL5FWLA,4.0,,84.0,8.5,,,2,2.0,83.5,83.5,8.0,,,2.0,1.0,70.9,70.9,15.600000000000001,,,2.0,12.599999999999994,
L47SL5FWLB,4.0,89.5,90.5,7.3,,,8,2.0,83.5,83.5,8.0,,,2.0,1.0,70.9,70.9,15.600000000000001,,,2.0,12.599999999999994,6.0
L47SL5FWLC,4.0,90.0,83.0,8.5,,,8,2.0,83.5,83.5,8.0,,,2.0,1.0,70.9,70.9,15.600000000000001,,,2.0,12.599999999999994,6.5
L47SL5FXLA,4.0,,86.0,9.0,,,2,2.0,79.5,90.0,8.0,,,5.0,1.0,70.9,70.9,15.600000000000001,,,2.0,8.599999999999994,
L47SL5FXLB,4.0,,83.5,13.0,,,2,2.0,79.5,90.0,8.0,,,5.0,1.0,70.9,70.9,15.600000000000001,,,2.0,8.599999999999994,
L47SL5FXLC,4.0,,94.0,3.5,,,2,2.0,79.5,90.0,8.0,,,5.0,1.0,70.9,70.9,15.600000000000001,,,2.0,8.599999999999994,
L47SL5FXLD,4.0,,81.0,11.5,,,2,2.0,79.5,90.0,8.0,,,5.0,1.0,70.9,70.9,15.600000000000001,,,2.0,8.599999999999994,
L47SL5FXLE,4.0,,88.0,7.0,,,2,2.0,79.5,90.0,8.0,,,5.0,1.0,70.9,70.9,15.600000000000001,,,2.0,8.599999999999994,
L49LL5NULA,4.0,,65.5,21.5,,,2,2.0,57.0,75.0,10.625,,,6.0,1.0,39.0,43.92,22.42,,,8.0,18.0,
L49LL5NULB,4.0,,60.5,19.0,,,4,2.0,57.0,75.0,10.625,,,6.0,1.0,39.0,43.92,22.42,,,8.0,18.0,
L49LL5NVLA,4.0,80.0,74.0,12.1,,,8,2.0,62.0,62.0,24.5,,,4.0,1.0,39.0,43.92,22.42,,,8.0,23.0,18.0
L49LL5NVLB,4.0,67.0,63.5,15.3,,,8,2.0,62.0,62.0,24.5,,,4.0,1.0,39.0,43.92,22.42,,,8.0,23.0,5.0
L49LL5NVLC,4.0,68.0,72.0,16.0,,,8,2.0,62.0,62.0,24.5,,,4.0,1.0,39.0,43.92,22.42,,,8.0,23.0,6.0
L49LL5NWLA,4.0,77.0,74.0,15.166666666666666,,,10,2.0,72.0,72.0,17.5,,,4.0,1.0,39.0,43.92,22.42,,,8.0,33.0,5.0
L49LL5NWLB,4.0,75.5,68.0,14.5,,,10,2.0,72.0,72.0,17.5,,,4.0,1.0,39.0,43.92,22.42,,,8.0,33.0,3.5
L49LL5NWLC,4.0,76.5,74.0,15.6,,,8,2.0,72.0,72.0,17.5,,,4.0,1.0,39.0,43.92,22.42,,,8.0,33.0,4.5
L49RL5PAEA,4.0,,77.0,10.5,,,4,2.0,80.0,74.5,5.666666666666667,,,5.0,1.0,44.38,69.38,18.075000000000006,,,3.0,35.62,
L49RL5PAEB,4.0,,73.0,8.0,,,4,2.0,80.0,74.5,5.666666666666667,,,5.0,1.0,44.38,69.38,18.075000000000006,,,3.0,35.62,
L49RL5PAEC,4.0,,76.5,7.0,,,2,2.0,80.0,74.5,5.666666666666667,,,5.0,1.0,44.38,69.38,18.075000000000006,,,3.0,35.62,
L49RL5PAED,4.0,,78.5,12.5,,,2,2.0,80.0,74.5,5.666666666666667,,,5.0,1.0,44.38,69.38,18.075000000000006,,,3.0,35.62,
L49RL5PAEE,4.0,,80.0,7.0,,,6,2.0,80.0,74.5,5.666666666666667,,,5.0,1.0,44.38,69.38,18.075000000000006,,,3.0,35.62,
L49RL5PAEF,4.0,,78.0,6.5,,,2,2.0,80.0,74.5,5.666666666666667,,,5.0,1.0,44.38,69.38,18.075000000000006,,,3.0,35.62,
L49RL5PBLA,4.0,89.5,93.0,4.333333333333333,,,5,2.0,85.5,85.5,6.0,,,2.0,1.0,44.38,69.38,18.075000000000006,,,3.0,41.12,4.0
L49RL5PBLB,4.0,90.0,91.0,5.666666666666667,,,5,2.0,85.5,85.5,6.0,,,2.0,1.0,44.38,69.38,18.075000000000006,,,3.0,41.12,4.5
L49RL5PBLC,4.0,89.0,88.0,4.666666666666667,,,5,2.0,85.5,85.5,6.0,,,2.0,1.0,44.38,69.38,18.075000000000006,,,3.0,41.12,3.5
L49RL5PBLD,4.0,85.5,93.0,5.5,,,5,2.0,85.5,85.5,6.0,,,2.0,1.0,44.38,69.38,18.075000000000006,,,3.0,41.12,0.0
L4EML6ALLA,4.0,,79.5,7.5,,,2,2.0,89.0,89.0,5.5,,,2.0,1.0,71.5,84.5,13.25,,,4.0,17.5,
L4EML6ALLB,4.0,,81.5,5.0,,,4,2.0,89.0,89.0,5.5,,,2.0,1.0,71.5,84.5,13.25,,,4.0,17.5,
L4ERB5RALA,4.0,,68.5,11.5,,,2,2.0,64.5,64.5,21.0,,,2.0,1.0,24.13,38.25,35.13,,,5.0,40.370000000000005,
L4ERB5RALB,4.0,,66.5,11.0,,,2,2.0,64.5,64.5,21.0,,,2.0,1.0,24.13,38.25,35.13,,,5.0,40.370000000000005,
L4ERB5RALC,4.0,,70.0,12.0,,,4,2.0,64.5,64.5,21.0,,,2.0,1.0,24.13,38.25,35.13,,,5.0,40.370000000000005,
L4ERB5RBLA,4.0,,71.0,11.0,,,2,2.0,70.0,70.0,23.5,,,2.0,1.0,24.13,38.25,35.13,,,5.0,45.870000000000005,
L4ERB5RBLB,4.0,78.0,72.0,10.2,,,8,2.0,70.0,70.0,23.5,,,2.0,1.0,24.13,38.25,35.13,,,5.0,45.870000000000005,8.0
L4ERB5RBLC,4.0,79.5,74.5,13.5,,,8,2.0,70.0,70.0,23.5,,,2.0,1.0,24.13,38.25,35.13,,,5.0,45.870000000000005,9.5
L4ERB5RCLA,4.0,81.5,68.5,13.416666666666666,,,9,2.0,60.5,60.5,23.5,,,2.0,1.0,24.13,38.25,35.13,,,5.0,36.370000000000005,21.0
L4ERB5RCLB,4.0,78.0,78.5,15.833333333333334,,,9,2.0,60.5,60.5,23.5,,,2.0,1.0,24.13,38.25,35.13,,,5.0,36.370000000000005,17.5
L4ERB5RCLC,4.0,77.5,71.0,13.333333333333334,,,10,2.0,60.5,60.5,23.5,,,2.0,1.0,24.13,38.25,35.13,,,5.0,36.370000000000005,17.0
L4ERB5RELA,4.0,78.5,76.0,17.5,,,9,2.0,63.0,63.0,23.0,,,2.0,1.0,24.13,38.25,35.13,,,5.0,38.870000000000005,15.5
L4FNL6CRLA,4.0,,42.0,28.5,,,4,2.0,47.0,65.0,14.75,,,3.0,1.0,40.25,72.0,16.44666666666667,,,9.0,6.75,
L4FNL6CRLB,4.0,,55.5,20.5,,,2,2.0,47.0,65.0,14.75,,,3.0,1.0,40.25,72.0,16.44666666666667,,,9.0,6.75,
L4FNL6CSLA,4.0,,65.5,10.5,,,2,2.0,78.5,78.5,15.5,,,2.0,1.0,40.25,72.0,16.44666666666667,,,9.0,38.25,
L4FNL6CSLB,4.0,,58.5,17.5,,,2,2.0,78.5,78.5,15.5,,,2.0,1.0,40.25,72.0,16.44666666666667,,,9.0,38.25,
L4FNL6CSLC,4.0,,45.0,15.0,,,6,2.0,78.5,78.5,15.5,,,2.0,1.0,40.25,72.0,16.44666666666667,,,9.0,38.25,
L4FNL6CTLA,4.0,,43.0,26.0,,,2,2.0,49.5,68.0,12.0,,,6.0,1.0,40.25,72.0,16.44666666666667,,,9.0,9.25,
L4JNB5JALA,4.0,,77.5,11.5,,,2,2.0,71.0,71.0,13.5,,,2.0,1.0,45.0,74.5,20.75,,,3.0,26.0,
L4JNB5JALB,4.0,,79.0,14.0,,,2,2.0,71.0,71.0,13.5,,,2.0,1.0,45.0,74.5,20.75,,,3.0,26.0,
L4JNB5JALC,4.0,,74.5,11.0,,,4,2.0,71.0,71.0,13.5,,,2.0,1.0,45.0,74.5,20.75,,,3.0,26.0,
L4MSL5LVLB,4.0,,84.5,9.0,,,4,2.0,78.0,78.0,10.0,,,2.0,1.0,48.93,68.0,16.230000000000004,,,6.0,29.07,
L4MSL5LVLC,4.0,,78.0,13.0,,,2,2.0,78.0,78.0,10.0,,,2.0,1.0,48.93,68.0,16.230000000000004,,,6.0,29.07,
L4MSL5LWLA,4.0,89.0,84.0,5.785714285714286,,,11,2.0,80.0,80.0,10.0,,,2.0,1.0,48.93,68.0,16.230000000000004,,,6.0,31.07,9.0
L4MSL5LWLB,4.0,90.0,91.0,6.5,,,8,2.0,80.0,80.0,10.0,,,2.0,1.0,48.93,68.0,16.230000000000004,,,6.0,31.07,10.0
L4MSL5LXLA,4.0,89.5,85.0,9.0,,,8,2.0,81.5,81.5,11.0,,,2.0,1.0,48.93,68.0,16.230000000000004,,,6.0,32.57,8.0
L4MSL5LXLB,4.0,84.5,83.0,9.1,,,8,2.0,81.5,81.5,11.0,,,2.0,1.0,48.93,68.0,16.230000000000004,,,6.0,32.57,3.0
L4MSL5LYLA,4.0,,80.0,12.5,,,2,2.0,84.5,84.5,9.0,,,2.0,1.0,48.93,68.0,16.230000000000004,,,6.0,35.57,
L4MSL5LYLB,4.0,86.5,84.0,9.0,,,10,2.0,84.5,84.5,9.0,,,2.0,1.0,48.93,68.0,16.230000000000004,,,6.0,35.57,2.0
L4MSL5LYLD,4.0,,84.5,7.5,,,2,2.0,84.5,84.5,9.0,,,2.0,1.0,48.93,68.0,16.230000000000004,,,6.0,35.57,
L4MSL5LZLA,4.0,,80.0,12.0,,,2,2.0,74.0,74.0,11.0,,,2.0,1.0,48.93,68.0,16.230000000000004,,,6.0,25.07,
L4MSL5LZLB,4.0,,74.5,13.0,,,2,2.0,74.0,74.0,11.0,,,2.0,1.0,48.93,68.0,16.230000000000004,,,6.0,25.07,
L4MSL5MALA,4.0,,80.0,8.5,,,2,2.0,85.5,85.5,6.0,,,4.0,1.0,48.93,68.0,16.230000000000004,,,6.0,36.57,
L4MSL5MALB,4.0,,80.5,12.0,,,2,2.0,85.5,85.5,6.0,,,4.0,1.0,48.93,68.0,16.230000000000004,,,6.0,36.57,
L4MSL5MBLA,4.0,,83.5,7.5,,,2,2.0,89.5,89.5,5.5,,,2.0,1.0,48.93,68.0,16.230000000000004,,,6.0,40.57,
L4MSL5MBLB,4.0,,87.0,6.5,,,4,2.0,89.5,89.5,5.5,,,2.0,1.0,48.93,68.0,16.230000000000004,,,6.0,40.57,
L4MSL5MCLC,4.0,,85.5,8.0,,,2,2.0,83.5,83.5,8.0,,,2.0,1.0,48.93,68.0,16.230000000000004,,,6.0,34.57,
L4MSL5MCLD,4.0,88.0,89.0,5.714285714285714,,,11,2.0,83.5,83.5,8.0,,,2.0,1.0,48.93,68.0,16.230000000000004,,,6.0,34.57,4.5
L4MSL5MDLA,4.0,,86.0,8.0,,,2,2.0,81.5,81.5,8.5,,,2.0,1.0,48.93,68.0,16.230000000000004,,,6.0,32.57,
L4MSL5MDLB,4.0,88.5,91.0,5.4,,,8,2.0,81.5,81.5,8.5,,,2.0,1.0,48.93,68.0,16.230000000000004,,,6.0,32.57,7.0
L4MSL5MELA,4.0,,89.0,3.5,,,4,2.0,85.0,85.0,6.0,,,4.0,1.0,48.93,68.0,16.230000000000004,,,6.0,36.07,
L4NRL6HKLA,4.0,,54.0,18.5,,,4,2.0,68.0,68.0,16.5,,,2.0,1.0,43.0,78.33,15.81,,,9.0,25.0,
L4NRL6HKLB,4.0,,69.0,13.5,,,4,2.0,68.0,68.0,16.5,,,2.0,1.0,43.0,78.33,15.81,,,9.0,25.0,
L4NRL6HLLA,4.0,,76.5,12.0,,,2,2.0,71.0,71.0,11.0,,,4.0,1.0,43.0,78.33,15.81,,,9.0,28.0,
L4NRL6HLLB,4.0,,69.0,8.0,,,4,2.0,71.0,71.0,11.0,,,4.0,1.0,43.0,78.33,15.81,,,9.0,28.0,
L4NRL6HQLA,4.0,,74.5,8.0,,,2,2.0,76.0,76.0,7.75,,,4.0,1.0,43.0,78.33,15.81,,,9.0,33.0,
L4NRL6HQLB,4.0,,76.5,13.5,,,2,2.0,76.0,76.0,7.75,,,4.0,1.0,43.0,78.33,15.81,,,9.0,33.0,
L4NRL6HRLA,4.0,,75.5,13.5,,,2,2.0,70.5,70.5,12.75,,,8.0,1.0,43.0,78.33,15.81,,,9.0,27.5,
L4RLB5NALA,4.0,,69.0,16.0,,,2,2.0,86.5,86.5,8.5,,,2.0,1.0,58.5,51.5,18.333333333333332,,,4.0,28.0,
L4RLB5NALB,4.0,,76.5,16.0,,,2,2.0,86.5,86.5,8.5,,,2.0,1.0,58.5,51.5,18.333333333333332,,,4.0,28.0,
L4RQL6ADEA,4.0,,70.5,14.0,,,4,2.0,74.5,74.5,11.5,,,2.0,1.0,23.5,64.5,25.8125,,,6.0,51.0,
L4RQL6ADEB,4.0,,61.0,19.5,,,2,2.0,74.5,74.5,11.5,,,2.0,1.0,23.5,64.5,25.8125,,,6.0,51.0,
L4RQL6ADEC,4.0,,32.0,26.5,,,2,2.0,74.5,74.5,11.5,,,2.0,1.0,23.5,64.5,25.8125,,,6.0,51.0,
L4RQL6ADED,4.0,,70.0,13.5,,,4,2.0,74.5,74.5,11.5,,,2.0,1.0,23.5,64.5,25.8125,,,6.0,51.0,
L4RQL6ADEE,4.0,,70.0,13.5,,,6,2.0,74.5,74.5,11.5,,,2.0,1.0,23.5,64.5,25.8125,,,6.0,51.0,
L4RQL6ADEF,4.0,,65.5,23.5,,,4,2.0,74.5,74.5,11.5,,,2.0,1.0,23.5,64.5,25.8125,,,6.0,51.0,
L4RQL6ADLA,4.0,,68.0,13.5,,,2,2.0,74.5,74.5,11.5,,,2.0,1.0,23.5,64.5,25.8125,,,6.0,51.0,
L4RQL6ADLB,4.0,,70.5,16.0,,,6,2.0,74.5,74.5,11.5,,,2.0,1.0,23.5,64.5,25.8125,,,6.0,51.0,
L4RQL6ADLC,4.0,,61.0,19.5,,,4,2.0,74.5,74.5,11.5,,,2.0,1.0,23.5,64.5,25.8125,,,6.0,51.0,
L4RSL6FELA,4.0,,64.5,16.0,,,2,2.0,73.0,73.0,17.5,,,4.0,1.0,46.20000000000001,64.38,14.6425,,,6.0,26.79999999999999,
L4RSL6FELB,4.0,,57.5,26.0,,,2,2.0,73.0,73.0,17.5,,,4.0,1.0,46.20000000000001,64.38,14.6425,,,6.0,26.79999999999999,
L4RSL6FELC,4.0,,74.0,16.0,,,4,2.0,73.0,73.0,17.5,,,4.0,1.0,46.20000000000001,64.38,14.6425,,,6.0,26.79999999999999,
L4RSL6FELD,4.0,,71.0,18.5,,,2,2.0,73.0,73.0,17.5,,,4.0,1.0,46.20000000000001,64.38,14.6425,,,6.0,26.79999999999999,
L4RSL6FELE,4.0,,69.0,20.0,,,4,2.0,73.0,73.0,17.5,,,4.0,1.0,46.20000000000001,64.38,14.6425,,,6.0,26.79999999999999,
L4RSL6FELF,4.0,,63.0,18.5,,,6,2.0,73.0,73.0,17.5,,,4.0,1.0,46.20000000000001,64.38,14.6425,,,6.0,26.79999999999999,
L4SNL6AAEA,4.0,,80.5,12.5,,,2,2.0,72.0,72.0,19.5,,,4.0,1.0,30.329999999999995,63.75,26.08333333333334,,,5.0,41.67,
L4SNL6AAEB,4.0,,74.0,22.5,,,2,2.0,72.0,72.0,19.5,,,4.0,1.0,30.329999999999995,63.75,26.08333333333334,,,5.0,41.67,
L4SNL6AAEC,4.0,,69.5,24.5,,,4,2.0,72.0,72.0,19.5,,,4.0,1.0,30.329999999999995,63.75,26.08333333333334,,,5.0,41.67,
L4SNL6AALA,4.0,,81.0,11.5,,,4,2.0,72.0,72.0,19.5,,,4.0,1.0,30.329999999999995,63.75,26.08333333333334,,,5.0,41.67,
L4SNL6AALB,4.0,,70.0,22.5,,,2,2.0,72.0,72.0,19.5,,,4.0,1.0,30.329999999999995,63.75,26.08333333333334,,,5.0,41.67,
L4SNL6ABLA,4.0,,60.5,22.5,,,2,2.0,71.5,71.5,21.0,,,2.0,1.0,30.329999999999995,63.75,26.08333333333334,,,5.0,41.17,
L4SNL6ABLB,4.0,,66.0,22.5,,,2,2.0,71.5,71.5,21.0,,,2.0,1.0,30.329999999999995,63.75,26.08333333333334,,,5.0,41.17,
L4VPL5NNLA,4.0,85.5,85.0,6.5,,,10,2.0,76.0,78.5,10.375,,,7.0,1.0,47.24,75.7,11.852500000000001,,,6.0,28.759999999999998,9.5
L4VRB5PALA,4.0,,81.5,12.0,,,4,2.0,74.0,73.5,8.333333333333334,,,5.0,1.0,20.5,54.75,28.75,,,6.0,53.5,
L4VRB5PALB,4.0,,82.0,6.0,,,2,2.0,74.0,73.5,8.333333333333334,,,5.0,1.0,20.5,54.75,28.75,,,6.0,53.5,
L4WLL5KALA,4.0,82.0,78.5,10.7,,,8,2.0,88.0,88.0,7.0,,,2.0,1.0,66.21,66.21,22.79,,,2.0,21.790000000000006,-6.0
L4WLL5KALB,4.0,82.5,82.0,8.166666666666666,,,10,2.0,88.0,88.0,7.0,,,2.0,1.0,66.21,66.21,22.79,,,2.0,21.790000000000006,-5.5
L4WLL5KBLA,4.0,74.0,84.5,9.0,,,8,2.0,78.0,78.0,13.5,,,4.0,1.0,66.21,66.21,22.79,,,2.0,11.790000000000006,-4.0
L4WLL5KBLB,4.0,83.5,76.5,11.9,,,8,2.0,78.0,78.0,13.5,,,4.0,1.0,66.21,66.21,22.79,,,2.0,11.790000000000006,5.5
L4WLL5KCLA,4.0,69.5,70.0,20.5,,,10,2.0,78.0,78.0,11.5,,,2.0,1.0,66.21,66.21,22.79,,,2.0,11.790000000000006,-8.5
L4WLL5KCLB,4.0,81.5,75.0,16.0,,,10,2.0,78.0,78.0,11.5,,,2.0,1.0,66.21,66.21,22.79,,,2.0,11.790000000000006,3.5
L4WLL5KDLA,4.0,72.0,75.0,11.9,,,8,2.0,66.5,66.5,16.5,,,2.0,1.0,66.21,66.21,22.79,,,2.0,0.29000000000000625,5.5
L4WLL5KDLB,4.0,74.0,85.5,13.833333333333334,,,10,2.0,66.5,66.5,16.5,,,2.0,1.0,66.21,66.21,22.79,,,2.0,0.29000000000000625,7.5
L4WLL5KELA,4.0,76.5,75.0,12.5,,,8,2.0,73.5,73.5,12.0,,,4.0,1.0,66.21,66.21,22.79,,,2.0,7.290000000000006,3.0
L4YRL6JMLA,4.0,,80.0,13.5,,,4,2.0,61.0,61.0,12.0,,,6.0,1.0,49.4,72.5,13.765000000000002,,,9.0,11.600000000000001,
L4YRL6JMLB,4.0,,85.5,7.0,,,4,2.0,61.0,61.0,12.0,,,6.0,1.0,49.4,72.5,13.765000000000002,,,9.0,11.600000000000001,
L5VNL6EPLA,4.0,,62.5,22.5,,,2,2.0,70.0,70.0,17.0,,,2.0,1.0,65.67,65.67,15.25,,,4.0,4.329999999999998,
L5VNL6EPLB,4.0,,69.0,18.5,,,2,2.0,70.0,70.0,17.0,,,2.0,1.0,65.67,65.67,15.25,,,4.0,4.329999999999998,
L5VNL6EPLC,4.0,,73.0,16.0,,,4,2.0,70.0,70.0,17.0,,,2.0,1.0,65.67,65.67,15.25,,,4.0,4.329999999999998,
L5VNL6EQLA,4.0,,11.0,74.5,,,8,2.0,42.0,81.5,38.0,,,2.0,1.0,65.67,65.67,15.25,,,4.0,-23.67,
L5WJL6BPLA,4.0,,80.0,15.0,,,2,2.0,67.0,67.0,12.0,,,2.0,1.0,67.47,67.47,22.0,,,2.0,-0.46999999999999886,
L5WJL6BPLB,4.0,,82.5,9.0,,,4,2.0,67.0,67.0,12.0,,,2.0,1.0,67.47,67.47,22.0,,,2.0,-0.46999999999999886,
L5WJL6BPLC,4.0,,81.0,9.5,,,4,2.0,67.0,67.0,12.0,,,2.0,1.0,67.47,67.47,22.0,,,2.0,-0.46999999999999886,
L5WJL6BPLD,4.0,,81.5,10.5,,,4,2.0,67.0,67.0,12.0,,,2.0,1.0,67.47,67.47,22.0,,,2.0,-0.46999999999999886,
L5WJL6BQLA,4.0,,86.5,8.0,,,6,2.0,77.5,77.5,8.0,,,2.0,1.0,67.47,67.47,22.0,,,2.0,10.030000000000001,
L5WJL6BQLB,4.0,,79.5,13.0,,,8,2.0,77.5,77.5,8.0,,,2.0,1.0,67.47,67.47,22.0,,,2.0,10.030000000000001,
L5WJL6BQLC,4.0,,68.0,12.5,,,8,2.0,77.5,77.5,8.0,,,2.0,1.0,67.47,67.47,22.0,,,2.0,10.030000000000001,
L5WJL6BQLD,4.0,,85.5,9.5,,,6,2.0,77.5,77.5,8.0,,,2.0,1.0,67.47,67.47,22.0,,,2.0,10.030000000000001,
L5WJL6BRLA,4.0,,84.5,7.5,,,2,2.0,71.0,71.0,11.5,,,4.0,1.0,67.47,67.47,22.0,,,2.0,3.530000000000001,
L5WJL6BRLB,4.0,,82.5,12.5,,,2,2.0,71.0,71.0,11.5,,,4.0,1.0,67.47,67.47,22.0,,,2.0,3.530000000000001,
L5WJL6BRLC,4.0,,85.5,8.5,,,2,2.0,71.0,71.0,11.5,,,4.0,1.0,67.47,67.47,22.0,,,2.0,3.530000000000001,
L5WJL6BRLD,4.0,,77.5,12.0,,,4,2.0,71.0,71.0,11.5,,,4.0,1.0,67.47,67.47,22.0,,,2.0,3.530000000000001,
L5WJL6BSLA,4.0,,89.5,5.5,,,4,2.0,67.5,67.5,11.5,,,4.0,1.0,67.47,67.47,22.0,,,2.0,0.030000000000001137,
L5WJL6BSLB,4.0,,86.5,6.5,,,4,2.0,67.5,67.5,11.5,,,4.0,1.0,67.47,67.47,22.0,,,2.0,0.030000000000001137,
L5WJL6BSLC,4.0,,86.0,8.5,,,2,2.0,67.5,67.5,11.5,,,4.0,1.0,67.47,67.47,22.0,,,2.0,0.030000000000001137,
L5WJL6BSLD,4.0,,88.5,7.0,,,4,2.0,67.5,67.5,11.5,,,4.0,1.0,67.47,67.47,22.0,,,2.0,0.030000000000001137,
L5WJL6BSLE,4.0,,84.5,9.0,,,4,2.0,67.5,67.5,11.5,,,4.0,1.0,67.47,67.47,22.0,,,2.0,0.030000000000001137,
L5WJL6BTLA,4.0,,85.5,8.0,,,2,2.0,63.5,63.5,10.5,,,4.0,1.0,67.47,67.47,22.0,,,2.0,-3.969999999999999,
L5WJL6BTLB,4.0,,80.0,9.5,,,2,2.0,63.5,63.5,10.5,,,4.0,1.0,67.47,67.47,22.0,,,2.0,-3.969999999999999,
L5WJL6BTLC,4.0,,86.0,8.0,,,4,2.0,63.5,63.5,10.5,,,4.0,1.0,67.47,67.47,22.0,,,2.0,-3.969999999999999,
L5WKL6DMLA,4.0,,50.5,13.5,,,4,2.0,51.5,79.5,14.5,,,6.0,1.0,61.43,66.42,13.05,,,3.0,-9.93,
L5WKL6DMLB,4.0,,57.0,16.25,,,4,2.0,51.5,79.5,14.5,,,6.0,1.0,61.43,66.42,13.05,,,3.0,-9.93,
L5WKL6DMLC,4.0,,55.0,11.333333333333334,,,6,2.0,51.5,79.5,14.5,,,6.0,1.0,61.43,66.42,13.05,,,3.0,-9.93,
L5WKL6DMLD,4.0,,51.5,10.833333333333334,,,6,2.0,51.5,79.5,14.5,,,6.0,1.0,61.43,66.42,13.05,,,3.0,-9.93,
L5WKL6DNLA,4.0,,69.5,19.0,,,2,2.0,62.5,62.5,15.5,,,4.0,1.0,61.43,66.42,13.05,,,3.0,1.0700000000000003,
L5WKL6DNLB,4.0,,74.5,17.0,,,2,2.0,62.5,62.5,15.5,,,4.0,1.0,61.43,66.42,13.05,,,3.0,1.0700000000000003,
L5WKL6DNLC,4.0,,72.5,16.5,,,2,2.0,62.5,62.5,15.5,,,4.0,1.0,61.43,66.42,13.05,,,3.0,1.0700000000000003,
L5WKL6DNLD,4.0,,71.5,16.5,,,4,2.0,62.5,62.5,15.5,,,4.0,1.0,61.43,66.42,13.05,,,3.0,1.0700000000000003,
L5WKL6DPLA,4.0,,70.0,19.5,,,2,2.0,77.0,77.0,13.5,,,2.0,1.0,61.43,66.42,13.05,,,3.0,15.57,
L5WKL6DPLB,4.0,,69.5,20.0,,,2,2.0,77.0,77.0,13.5,,,2.0,1.0,61.43,66.42,13.05,,,3.0,15.57,
L5WKL6DPLC,4.0,,67.5,24.0,,,4,2.0,77.0,77.0,13.5,,,2.0,1.0,61.43,66.42,13.05,,,3.0,15.57,
L5WKL6DPLD,4.0,,70.0,19.0,,,6,2.0,77.0,77.0,13.5,,,2.0,1.0,61.43,66.42,13.05,,,3.0,15.57,
L5WKL6DQLA,4.0,,62.0,22.5,,,3,2.0,64.0,64.0,27.0,,,2.0,1.0,61.43,66.42,13.05,,,3.0,2.5700000000000003,
L5WKL6DQLB,4.0,,66.0,23.0,,,4,2.0,64.0,64.0,27.0,,,2.0,1.0,61.43,66.42,13.05,,,3.0,2.5700000000000003,
L5WKL6DQLC,4.0,,64.0,24.25,,,6,2.0,64.0,64.0,27.0,,,2.0,1.0,61.43,66.42,13.05,,,3.0,2.5700000000000003,
L5WKL6DQLD,4.0,,63.0,23.5,,,4,2.0,64.0,64.0,27.0,,,2.0,1.0,61.43,66.42,13.05,,,3.0,2.5700000000000003,
L5WKL6DSLA,4.0,,56.0,8.833333333333334,,,6,2.0,68.0,68.0,22.0,,,2.0,1.0,61.43,66.42,13.05,,,3.0,6.57,
L5WKL6DSLB,4.0,,60.0,9.0,,,4,2.0,68.0,68.0,22.0,,,2.0,1.0,61.43,66.42,13.05,,,3.0,6.57,
L5WKL6DSLC,4.0,,64.5,9.5,,,6,2.0,68.0,68.0,22.0,,,2.0,1.0,61.43,66.42,13.05,,,3.0,6.57,
L5WKL6DSLD,4.0,,58.5,14.25,,,4,2.0,68.0,68.0,22.0,,,2.0,1.0,61.43,66.42,13.05,,,3.0,6.57,
L5WKL6DTLA,4.0,,51.5,20.75,,,8,2.0,39.0,64.0,24.25,,,6.0,1.0,61.43,66.42,13.05,,,3.0,-22.43,
L5WLB6LALA,4.0,,84.0,10.0,,,6,2.0,73.5,73.5,14.5,,,4.0,1.0,38.37,71.78,22.070000000000004,,,3.0,35.13,
L5WLB6LALB,4.0,,84.5,8.5,,,6,2.0,73.5,73.5,14.5,,,4.0,1.0,38.37,71.78,22.070000000000004,,,3.0,35.13,
L5WLB6LALC,4.0,,82.5,7.0,,,8,2.0,73.5,73.5,14.5,,,4.0,1.0,38.37,71.78,22.070000000000004,,,3.0,35.13,
L5WLB6LALD,4.0,,76.5,4.5,,,6,2.0,73.5,73.5,14.5,,,4.0,1.0,38.37,71.78,22.070000000000004,,,3.0,35.13,
L5WLB6LBLA,4.0,,84.0,13.0,,,2,2.0,84.0,84.0,6.5,,,4.0,1.0,38.37,71.78,22.070000000000004,,,3.0,45.63,
L5WLB6LBLB,4.0,,76.0,18.0,,,4,2.0,84.0,84.0,6.5,,,4.0,1.0,38.37,71.78,22.070000000000004,,,3.0,45.63,
L5WLB6LBLC,4.0,,81.5,14.0,,,4,2.0,84.0,84.0,6.5,,,4.0,1.0,38.37,71.78,22.070000000000004,,,3.0,45.63,
L5WLB6LBLD,4.0,,75.0,18.0,,,4,2.0,84.0,84.0,6.5,,,4.0,1.0,38.37,71.78,22.070000000000004,,,3.0,45.63,
L8STL81FZN,4.0,52.0,52.0,31.0,,,4,,,,,,,,,,,,,,,,
L8VLL9VQLA,4.0,53.5,29.5,16.833333333333332,,,6,,,,,,,,,,,,,,,,
L8VLL9VQLB,4.0,52.0,45.0,21.125,,,6,,,,,,,,,,,,,,,,
L8VLL9VQLC,4.0,,37.0,27.0,,,3,,,,,,,,,,,,,,,,
L8VLL9VQLG,4.0,47.5,46.0,23.75,,,6,,,,,,,,,,,,,,,,
L8VSB9TDEE,4.0,,47.0,7.0,,,3,,,,,,,,,,,,,,,,
L8VSB9XDXT,4.0,,67.5,18.5,,,4,,,,,,,,,,,,,,,,
L8VSK9X1BH,4.0,,83.0,,,,4,,,,,,,,,,,,,,,,
L8VSL93LPA,4.0,,69.0,,,,4,,,,,,,,,,,,,,,,
L91AB0LFLC,4.0,74.5,48.5,23.6,,,8,,,,,,,,,,,,,,,,
L91AB0LFLD,4.0,62.5,57.5,20.7,,,8,,,,,,,,,,,,,,,,
L91AB0LFLE,4.0,69.5,61.5,17.2,,,8,,,,,,,,,,,,,,,,
L91AB0LGLD,4.0,63.0,63.5,22.3,,,8,,,,,,,,,,,,,,,,
L91AB0LGLE,4.0,66.0,65.5,21.7,,,8,,,,,,,,,,,,,,,,
L91AB0LGLF,4.0,72.5,72.5,18.214285714285715,,,10,,,,,,,,,,,,,,,,
L91AB0LHLA,4.0,71.5,70.0,20.8,,,8,,,,,,,,,,,,,,,,
L91AB0LHLB,4.0,65.5,56.0,20.1,,,8,,,,,,,,,,,,,,,,
L91AB0LHLC,4.0,72.5,70.5,21.5,,,8,,,,,,,,,,,,,,,,
L91AB0LJLA,4.0,83.0,61.5,14.2,,,8,,,,,,,,,,,,,,,,
L9S2B0NVLA,4.0,78.5,44.0,20.333333333333332,,,12,,,,,,,,,,,,,,,,
L9S2B0NVLB,4.0,81.0,81.0,13.0,,,2,,,,,,,,,,,,,,,,
L9S2B0NWLA,4.0,71.0,70.0,29.1,,,10,,,,,,,,,,,,,,,,
L9S2B0NWLB,4.0,86.0,48.0,18.4,,,8,,,,,,,,,,,,,,,,
L9S2B0NXLA,4.0,66.5,71.0,16.1,,,8,,,,,,,,,,,,,,,,
L9S2B0NXLB,4.0,75.5,73.0,16.0,,,10,,,,,,,,,,,,,,,,
L9S2B0NXLC,4.0,45.0,45.0,28.0,,,5,,,,,,,,,,,,,,,,
L9S2B0NYLA,4.0,73.5,65.5,20.9,,,8,,,,,,,,,,,,,,,,
L9SAL0PKLA,4.0,83.0,74.5,13.9,,,8,,,,,,,,1.0,57.79,57.8,,,,2.0,,
L9SAL0PKLB,4.0,85.5,76.0,11.5,,,10,,,,,,,,1.0,57.79,57.8,,,,2.0,,
L9SAL0PKLD,4.0,81.5,81.5,10.5,,,5,,,,,,,,1.0,57.79,57.8,,,,2.0,,
L9SAL0PLLA,4.0,71.5,75.0,16.0,,,5,,,,,,,,1.0,57.79,57.8,,,,2.0,,
L9SAL0PLLB,4.0,85.0,71.5,10.785714285714286,,,11,,,,,,,,1.0,57.79,57.8,,,,2.0,,
L9SAL0PMLA,4.0,86.5,62.0,14.6,,,8,,,,,,,,1.0,57.79,57.8,,,,2.0,,
L9SAL0PMLB,4.0,86.5,81.5,13.0,,,5,,,,,,,,1.0,57.79,57.8,,,,2.0,,
L9SAL0PNLA,4.0,76.5,56.5,16.285714285714285,,,13,,,,,,,,1.0,57.79,57.8,,,,2.0,,
L9SAL0PNLB,4.0,77.0,42.0,16.166666666666668,,,10,,,,,,,,1.0,57.79,57.8,,,,2.0,,
L9SAL0PNLC,4.0,74.5,74.5,13.333333333333334,,,5,,,,,,,,1.0,57.79,57.8,,,,2.0,,
L9SAL0PPLA,4.0,71.5,68.0,16.833333333333332,,,5,,,,,,,,1.0,57.79,57.8,,,,2.0,,
L9SAL0PPLB,4.0,84.0,53.5,17.375,,,7,,,,,,,,1.0,57.79,57.8,,,,2.0,,
L9SAL0PPLC,4.0,77.0,61.0,19.2,,,8,,,,,,,,1.0,57.79,57.8,,,,2.0,,
L9SAL0PQLA,4.0,77.0,57.5,16.25,,,7,,,,,,,,1.0,57.79,57.8,,,,2.0,,
L9SAL0PQLB,4.0,81.5,72.0,14.5,,,10,,,,,,,,1.0,57.79,57.8,,,,2.0,,
L9SAL0PQLC,4.0,79.5,79.5,10.0,,,5,,,,,,,,1.0,57.79,57.8,,,,2.0,,
L9SAL0PRLA,4.0,75.0,70.0,14.375,,,7,,,,,,,,1.0,57.79,57.8,,,,2.0,,
L9SAL0PRLB,4.0,77.5,74.5,11.375,,,7,,,,,,,,1.0,57.79,57.8,,,,2.0,,
L9SAL0PRLC,4.0,83.0,74.0,15.1,,,8,,,,,,,,1.0,57.79,57.8,,,,2.0,,
L9SAL0PSLA,4.0,79.0,62.5,12.583333333333334,,,10,,,,,,,,1.0,57.79,57.8,,,,2.0,,
L9SAL0PSLB,4.0,76.5,72.0,17.0,,,7,,,,,,,,1.0,57.79,57.8,,,,2.0,,
L9SAL0PTLA,4.0,77.5,70.0,13.666666666666666,,,5,,,,,,,,1.0,57.79,57.8,,,,2.0,,
L9SAL0PTLB,4.0,80.0,68.0,16.5,,,5,,,,,,,,1.0,57.79,57.8,,,,2.0,,
L9SAL0PULA,4.0,84.5,62.0,15.9,,,8,,,,,,,,1.0,57.79,57.8,,,,2.0,,
L9SAL0PULB,4.0,78.5,75.5,15.625,,,7,,,,,,,,1.0,57.79,57.8,,,,2.0,,
L9SAL0PULC,4.0,78.5,64.0,13.5,,,10,,,,,,,,1.0,57.79,57.8,,,,2.0,,
L9SAL0PVLA,4.0,83.0,73.5,13.625,,,7,,,,,,,,1.0,57.79,57.8,,,,2.0,,
L9SAL0PVLB,4.0,79.5,63.5,14.25,,,13,,,,,,,,1.0,57.79,57.8,,,,2.0,,
L9SAL0PVLC,4.0,82.0,79.0,16.6,,,8,,,,,,,,1.0,57.79,57.8,,,,2.0,,
L9SAL0PWLA,4.0,86.0,70.5,13.0,,,5,,,,,,,,1.0,57.79,57.8,,,,2.0,,
L9SAL0PWLB,4.0,86.0,69.0,12.333333333333334,,,5,,,,,,,,1.0,57.79,57.8,,,,2.0,,
L9SAL0PWLC,4.0,82.0,77.0,16.3,,,8,,,,,,,,1.0,57.79,57.8,,,,2.0,,
L9SAL0PXLA,4.0,69.0,68.0,15.375,,,6,,,,,,,,1.0,57.79,57.8,,,,2.0,,
L9SAL0PXLB,4.0,74.5,68.0,21.05,,,9,,,,,,,,1.0,57.79,57.8,,,,2.0,,
L9SAL0PXLC,4.0,77.0,72.0,13.75,,,6,,,,,,,,1.0,57.79,57.8,,,,2.0,,
L9SAL0PYLA,4.0,73.0,44.5,20.625,,,7,,,,,,,,1.0,57.79,57.8,,,,2.0,,
L9SAL0PYLB,4.0,68.0,58.0,25.375,,,4,,,,,,,,1.0,57.79,57.8,,,,2.0,,
L9SAL0PYLC,4.0,68.5,64.5,25.75,,,3,,,,,,,,1.0,57.79,57.8,,,,2.0,,
L9SAL0PYLD,4.0,65.5,65.5,18.166666666666668,,,5,,,,,,,,1.0,57.79,57.8,,,,2.0,,
L9SAL0QFLA,4.0,83.5,71.5,14.1,,,8,,,,,,,,1.0,57.79,57.8,,,,2.0,,
L9SAL0QFLB,4.0,76.0,74.5,19.166666666666668,,,10,,,,,,,,1.0,57.79,57.8,,,,2.0,,
L9SAL0QFLC,4.0,89.0,68.5,18.214285714285715,,,11,,,,,,,,1.0,57.79,57.8,,,,2.0,,
L9SAL0QGLA,4.0,84.5,75.0,18.333333333333332,,,10,,,,,,,,1.0,57.79,57.8,,,,2.0,,
L9SAL0QGLB,4.0,85.0,66.0,18.375,,,7,,,,,,,,1.0,57.79,57.8,,,,2.0,,
L9SAL0QHLA,4.0,82.0,59.5,16.833333333333332,,,5,,,,,,,,1.0,57.79,57.8,,,,2.0,,
L9SAL0QHLB,4.0,78.5,76.0,13.666666666666666,,,5,,,,,,,,1.0,57.79,57.8,,,,2.0,,
L9SAL0QHLE,4.0,81.0,75.0,12.5,,,10,,,,,,,,1.0,57.79,57.8,,,,2.0,,
L9SAL0QJLA,4.0,78.5,69.0,13.333333333333334,,,5,,,,,,,,1.0,57.79,57.8,,,,2.0,,
L9SAL0QJLB,4.0,85.0,75.5,12.0,,,5,,,,,,,,1.0,57.79,57.8,,,,2.0,,
L9SAL0QJLC,4.0,74.5,74.5,17.5,,,5,,,,,,,,1.0,57.79,57.8,,,,2.0,,
L9SAL0QKLA,4.0,78.5,74.0,12.333333333333334,,,5,,,,,,,,1.0,57.79,57.8,,,,2.0,,
L9SAL0QKLB,4.0,87.0,71.0,10.0,,,5,,,,,,,,1.0,57.79,57.8,,,,2.0,,
L9SAL0QKLC,4.0,79.5,71.5,17.25,,,6,,,,,,,,1.0,57.79,57.8,,,,2.0,,
L9SAL0QLLA,4.0,74.0,68.5,18.7,,,8,,,,,,,,1.0,57.79,57.8,,,,2.0,,
L9SAL0QLLB,4.0,75.5,79.0,15.0,,,5,,,,,,,,1.0,57.79,57.8,,,,2.0,,
L9SAL0QLLC,4.0,84.0,67.5,15.083333333333334,,,10,,,,,,,,1.0,57.79,57.8,,,,2.0,,
L9SAL0QMLA,4.0,79.0,76.0,15.583333333333334,,,9,,,,,,,,1.0,57.79,57.8,,,,2.0,,
L9SAL0QMLB,4.0,78.0,76.5,25.666666666666668,,,6,,,,,,,,1.0,57.79,57.8,,,,2.0,,
L9SAL0QMLC,4.0,82.5,68.0,16.583333333333332,,,10,,,,,,,,1.0,57.79,57.8,,,,2.0,,
L9SAL0QNLA,4.0,85.5,61.5,17.083333333333332,,,5,,,,,,,,1.0,57.79,57.8,,,,2.0,,
L9SAL0QNLB,4.0,75.5,62.5,19.25,,,7,,,,,,,,1.0,57.79,57.8,,,,2.0,,
L9SAL0QNLC,4.0,76.0,77.0,12.5,,,8,,,,,,,,1.0,57.79,57.8,,,,2.0,,
L9SAL0QPLA,4.0,82.0,63.5,16.0,,,8,,,,,,,,1.0,57.79,57.8,,,,2.0,,
L9SAL0QPLB,4.0,75.5,60.5,22.5,,,5,,,,,,,,1.0,57.79,57.8,,,,2.0,,
L9SAL0QPLC,4.0,71.5,79.5,16.0,,,5,,,,,,,,1.0,57.79,57.8,,,,2.0,,
L9SAL0QQLA,4.0,76.0,61.5,23.333333333333332,,,5,,,,,,,,1.0,57.79,57.8,,,,2.0,,
L9SAL0QQLB,4.0,80.0,60.0,20.25,,,7,,,,,,,,1.0,57.79,57.8,,,,2.0,,
L9SAL0QQLC,4.0,82.0,69.5,17.0,,,8,,,,,,,,1.0,57.79,57.8,,,,2.0,,
L9SAL0QRLA,4.0,79.0,59.5,19.833333333333332,,,5,,,,,,,,1.0,57.79,57.8,,,,2.0,,
L9SAL0QRLB,4.0,77.5,67.0,15.3,,,8,,,,,,,,1.0,57.79,57.8,,,,2.0,,
L9SAL0QRLC,4.0,79.0,65.5,15.5,,,5,,,,,,,,1.0,57.79,57.8,,,,2.0,,
L9SAL1APLA,4.0,69.5,69.5,17.25,,,4,2.0,59.0,59.5,13.5,,,8.0,1.0,57.79,57.8,,,,2.0,1.2100000000000009,10.5
L9SAL1APLB,4.0,61.0,61.0,20.833333333333332,,,6,2.0,59.0,59.5,13.5,,,8.0,1.0,57.79,57.8,,,,2.0,1.2100000000000009,2.0
L9SAL1APLC,4.0,,66.0,15.5,,,4,2.0,59.0,59.5,13.5,,,8.0,1.0,57.79,57.8,,,,2.0,1.2100000000000009,
L9SAL1AQLA,4.0,58.0,69.0,20.0,,,10,2.0,57.5,62.5,9.25,,,6.0,1.0,57.79,57.8,,,,2.0,-0.28999999999999915,0.5
L9SAL1AQLB,4.0,71.0,60.0,21.5,,,10,2.0,57.5,62.5,9.25,,,6.0,1.0,57.79,57.8,,,,2.0,-0.28999999999999915,13.5
L9SAL1AQLC,4.0,66.0,47.5,20.357142857142858,,,14,2.0,57.5,62.5,9.25,,,6.0,1.0,57.79,57.8,,,,2.0,-0.28999999999999915,8.5
L9SAL1ARLA,4.0,73.5,57.5,25.5,,,6,2.0,65.5,65.5,17.5,,,2.0,1.0,57.79,57.8,,,,2.0,7.710000000000001,8.0
L9SAL1ARLB,4.0,61.5,61.5,26.0,,,4,2.0,65.5,65.5,17.5,,,2.0,1.0,57.79,57.8,,,,2.0,7.710000000000001,-4.0
L9SAL1ARLC,4.0,61.5,61.5,28.333333333333332,,,6,2.0,65.5,65.5,17.5,,,2.0,1.0,57.79,57.8,,,,2.0,7.710000000000001,-4.0
L9SAL1ASLA,4.0,,63.5,20.0,,,4,2.0,62.5,62.5,20.0,,,4.0,1.0,57.79,57.8,,,,2.0,4.710000000000001,
L9SAL1ASLB,4.0,73.5,74.0,27.0,,,10,2.0,62.5,62.5,20.0,,,4.0,1.0,57.79,57.8,,,,2.0,4.710000000000001,11.0
L9SAL1ASLC,4.0,46.5,46.5,34.9,,,8,2.0,62.5,62.5,20.0,,,4.0,1.0,57.79,57.8,,,,2.0,4.710000000000001,-16.0
L9SAL1ATLA,4.0,79.5,61.5,19.25,,,8,2.0,60.5,60.5,20.5,,,4.0,1.0,57.79,57.8,,,,2.0,2.710000000000001,19.0
L9SAL1ATLB,4.0,53.0,69.0,19.375,,,12,2.0,60.5,60.5,20.5,,,4.0,1.0,57.79,57.8,,,,2.0,2.710000000000001,-7.5
L9SAL1BGLA,4.0,68.0,76.0,26.5,,,9,2.0,67.5,67.5,21.5,,,2.0,1.0,57.79,57.8,,,,2.0,9.71,0.5
L9SAL1BGLB,4.0,76.0,72.5,15.857142857142858,,,11,2.0,67.5,67.5,21.5,,,2.0,1.0,57.79,57.8,,,,2.0,9.71,8.5
L9SAL1BGLC,4.0,43.0,43.0,22.666666666666668,,,6,2.0,67.5,67.5,21.5,,,2.0,1.0,57.79,57.8,,,,2.0,9.71,-24.5
L9SAL1BHLA,4.0,54.5,54.5,18.0,,,6,2.0,63.5,63.5,14.5,,,2.0,1.0,57.79,57.8,,,,2.0,5.710000000000001,-9.0
L9SAL1BHLB,4.0,61.5,61.5,16.666666666666668,,,6,2.0,63.5,63.5,14.5,,,2.0,1.0,57.79,57.8,,,,2.0,5.710000000000001,-2.0
L9SAL1BHLC,4.0,52.0,52.0,19.5,,,6,2.0,63.5,63.5,14.5,,,2.0,1.0,57.79,57.8,,,,2.0,5.710000000000001,-11.5
L9SAL1BJLA,4.0,57.0,57.0,18.4,,,8,2.0,46.0,59.0,16.5,,,8.0,1.0,57.79,57.8,,,,2.0,-11.79,11.0
L9SAL1BJLB,4.0,58.0,65.5,24.875,,,7,2.0,46.0,59.0,16.5,,,8.0,1.0,57.79,57.8,,,,2.0,-11.79,12.0
L9SAL1BJLC,4.0,69.0,69.0,23.833333333333332,,,12,2.0,46.0,59.0,16.5,,,8.0,1.0,57.79,57.8,,,,2.0,-11.79,23.0
L9SAL1BKLA,4.0,69.0,59.5,22.0,,,11,2.0,66.0,66.0,17.5,,,4.0,1.0,57.79,57.8,,,,2.0,8.21,3.0
L9SAL1BKLB,4.0,63.0,60.75,17.7,,,8,2.0,66.0,66.0,17.5,,,4.0,1.0,57.79,57.8,,,,2.0,8.21,-3.0
L9SAL1BKLC,4.0,59.0,64.0,18.5,,,5,2.0,66.0,66.0,17.5,,,4.0,1.0,57.79,57.8,,,,2.0,8.21,-7.0
L9SAL1BLLA,4.0,72.5,65.5,23.4,,,9,2.0,61.0,61.0,16.0,,,4.0,1.0,57.79,57.8,,,,2.0,3.210000000000001,11.5
L9SAL1BLLB,4.0,70.0,65.0,18.75,,,8,2.0,61.0,61.0,16.0,,,4.0,1.0,57.79,57.8,,,,2.0,3.210000000000001,9.0
L9SAL1BLLC,4.0,76.5,63.5,21.285714285714285,,,12,2.0,61.0,61.0,16.0,,,4.0,1.0,57.79,57.8,,,,2.0,3.210000000000001,15.5
L9SAL1BMLA,4.0,64.0,69.0,21.0,,,8,2.0,61.0,61.0,20.5,,,4.0,1.0,57.79,57.8,,,,2.0,3.210000000000001,3.0
L9SAL1BMLB,4.0,74.5,63.5,17.357142857142858,,,12,2.0,61.0,61.0,20.5,,,4.0,1.0,57.79,57.8,,,,2.0,3.210000000000001,13.5
L9SAL1BMLC,4.0,62.0,62.0,29.1,,,8,2.0,61.0,61.0,20.5,,,4.0,1.0,57.79,57.8,,,,2.0,3.210000000000001,1.0
L9SAL1BNLA,4.0,72.0,72.0,18.4,,,8,2.0,69.0,69.0,16.0,,,4.0,1.0,57.79,57.8,,,,2.0,11.21,3.0
L9SAL1BNLB,4.0,71.0,71.0,20.5,,,8,2.0,69.0,69.0,16.0,,,4.0,1.0,57.79,57.8,,,,2.0,11.21,2.0
L9SAL1BPLA,4.0,61.5,61.5,22.0,,,8,2.0,65.0,65.0,18.0,,,4.0,1.0,57.79,57.8,,,,2.0,7.210000000000001,-3.5
L9SAL1BPLB,4.0,59.5,59.5,21.333333333333332,,,6,2.0,65.0,65.0,18.0,,,4.0,1.0,57.79,57.8,,,,2.0,7.210000000000001,-5.5
L9SAL1BQLA,4.0,,49.0,19.25,,,8,2.0,59.0,69.0,12.0,,,6.0,1.0,57.79,57.8,,,,2.0,1.2100000000000009,
L9SAL1BRLA,4.0,,77.0,11.5,,,4,2.0,63.0,63.0,15.5,,,2.0,1.0,57.79,57.8,,,,2.0,5.210000000000001,
L9SAL1BRLB,4.0,70.5,70.5,19.625,,,7,2.0,63.0,63.0,15.5,,,2.0,1.0,57.79,57.8,,,,2.0,5.210000000000001,7.5
L9SAL1BRLC,4.0,57.0,72.5,11.25,,,7,2.0,63.0,63.0,15.5,,,2.0,1.0,57.79,57.8,,,,2.0,5.210000000000001,-6.0
L9SAL1BSLA,4.0,66.0,66.0,17.75,,,8,2.0,63.0,63.0,21.0,,,2.0,1.0,57.79,57.8,,,,2.0,5.210000000000001,3.0
L9SAL1BSLB,4.0,65.0,73.0,12.416666666666666,,,11,2.0,63.0,63.0,21.0,,,2.0,1.0,57.79,57.8,,,,2.0,5.210000000000001,2.0
L9SAL1BTLA,4.0,71.5,71.5,17.5,,,8,2.0,63.0,63.0,16.5,,,4.0,1.0,57.79,57.8,,,,2.0,5.210000000000001,8.5
L9SAL1BTLB,4.0,69.0,69.0,18.5,,,8,2.0,63.0,63.0,16.5,,,4.0,1.0,57.79,57.8,,,,2.0,5.210000000000001,6.0
L9SAL1BULA,4.0,76.0,63.5,21.166666666666668,,,5,2.0,66.5,66.5,15.0,,,4.0,1.0,57.79,57.8,,,,2.0,8.71,9.5
L9SAL1BULB,4.0,75.5,67.5,18.3,,,10,2.0,66.5,66.5,15.0,,,4.0,1.0,57.79,57.8,,,,2.0,8.71,9.0
L9SAL1BULC,4.0,70.0,70.0,20.75,,,4,2.0,66.5,66.5,15.0,,,4.0,1.0,57.79,57.8,,,,2.0,8.71,3.5
L9SAL1BVLA,4.0,66.5,66.5,20.0,,,4,2.0,65.0,65.0,17.5,,,4.0,1.0,57.79,57.8,,,,2.0,7.210000000000001,1.5
L9SAL1BVLB,4.0,65.5,65.5,12.333333333333334,,,6,2.0,65.0,65.0,17.5,,,4.0,1.0,57.79,57.8,,,,2.0,7.210000000000001,0.5
L9SAL1BVLC,4.0,52.5,52.5,15.5,,,6,2.0,65.0,65.0,17.5,,,4.0,1.0,57.79,57.8,,,,2.0,7.210000000000001,-12.5
L9SAL1BWLA,4.0,69.5,69.5,20.0,,,5,2.0,60.5,60.5,19.5,,,2.0,1.0,57.79,57.8,,,,2.0,2.710000000000001,9.0
L9SAL1BWLB,4.0,53.0,68.0,18.416666666666668,,,9,2.0,60.5,60.5,19.5,,,2.0,1.0,57.79,57.8,,,,2.0,2.710000000000001,-7.5
L9SAL1BWLC,4.0,80.0,80.0,24.166666666666668,,,6,2.0,60.5,60.5,19.5,,,2.0,1.0,57.79,57.8,,,,2.0,2.710000000000001,19.5
L9SAL1BXLA,4.0,77.5,57.5,18.4,,,9,2.0,67.0,67.0,15.0,,,2.0,1.0,57.79,57.8,,,,2.0,9.21,10.5
L9SAL1BXLB,4.0,54.0,54.0,23.166666666666668,,,6,2.0,67.0,67.0,15.0,,,2.0,1.0,57.79,57.8,,,,2.0,9.21,-13.0
L9SAL1BXLC,4.0,53.5,53.5,20.4,,,10,2.0,67.0,67.0,15.0,,,2.0,1.0,57.79,57.8,,,,2.0,9.21,-13.5
L9SAL1BYLD,4.0,68.5,69.0,17.5,,,11,2.0,64.0,64.0,21.5,,,4.0,1.0,57.79,57.8,,,,2.0,6.210000000000001,4.5
L9SAL1BYLE,4.0,66.0,78.5,19.875,,,7,2.0,64.0,64.0,21.5,,,4.0,1.0,57.79,57.8,,,,2.0,6.210000000000001,2.0
L9SAL1BYLF,4.0,72.5,76.0,22.571428571428573,,,11,2.0,64.0,64.0,21.5,,,4.0,1.0,57.79,57.8,,,,2.0,6.210000000000001,8.5
L9SAL1BZLA,4.0,68.5,68.5,19.833333333333332,,,6,2.0,68.0,68.0,20.0,,,4.0,1.0,57.79,57.8,,,,2.0,10.21,0.5
L9SWB0NZLA,4.0,53.0,32.0,15.9375,,,11,,,,,,,,,,,,,,,,
L9SWB0NZLB,4.0,31.5,31.5,16.2,,,7,,,,,,,,,,,,,,,,
L9T7H0RALD,4.0,65.0,65.0,26.0,,,2,,,,,,,,,,,,,,,,
L9T7H0RALF,4.0,,62.0,25.5,,,4,,,,,,,,,,,,,,,,
L9T8H0Q8LA,4.0,61.5,58.5,21.375,,,7,,,,,,,,,,,,,,,,
L9T9H0Q9LA,4.0,46.0,36.0,24.6,,,8,,,,,,,,,,,,,,,,
L9T9H0Q9LC,4.0,51.5,51.5,25.333333333333332,,,5,,,,,,,,,,,,,,,,
L9TKL0MRLA,4.0,46.0,60.5,21.5,,,4,,,,,,,,,,,,,,,,
L9TKL0MRLB,4.0,55.5,40.5,24.166666666666668,,,9,,,,,,,,,,,,,,,,
L9TKL0MRLC,4.0,53.5,25.5,21.875,,,7,,,,,,,,,,,,,,,,
L9TKL0MSLA,4.0,54.5,55.0,20.0,,,2,,,,,,,,,,,,,,,,
L9TZL0FALA,4.0,56.5,59.0,16.9375,,,11,,,,,,,,1.0,66.66,64.5,24.0,,,8.0,,
L9TZL0FALB,4.0,69.0,59.5,22.2,,,8,,,,,,,,1.0,66.66,64.5,24.0,,,8.0,,
L9TZL0FALC,4.0,62.0,65.0,16.642857142857142,,,10,,,,,,,,1.0,66.66,64.5,24.0,,,8.0,,
L9TZL0FBLA,4.0,61.5,58.0,18.0,,,7,,,,,,,,1.0,66.66,64.5,24.0,,,8.0,,
L9TZL0FBLB,4.0,54.0,54.0,19.82,,,7,,,,,,,,1.0,66.66,64.5,24.0,,,8.0,,
L9TZL0FBLC,4.0,55.0,35.0,32.0,,,6,,,,,,,,1.0,66.66,64.5,24.0,,,8.0,,
L9TZL0FCLA,4.0,56.5,63.5,17.416666666666668,,,10,,,,,,,,1.0,66.66,64.5,24.0,,,8.0,,
L9TZL0FCLB,4.0,64.5,67.5,15.875,,,11,,,,,,,,1.0,66.66,64.5,24.0,,,8.0,,
L9TZL0FDLA,4.0,56.5,53.0,18.2,,,15,,,,,,,,1.0,66.66,64.5,24.0,,,8.0,,
L9TZL0FDLB,4.0,72.0,72.0,16.2,,,7,,,,,,,,1.0,66.66,64.5,24.0,,,8.0,,
L9TZL0FELA,4.0,49.5,65.5,17.0,,,15,,,,,,,,1.0,66.66,64.5,24.0,,,8.0,,
L9TZL0FELC,4.0,56.5,42.5,18.125,,,11,,,,,,,,1.0,66.66,64.5,24.0,,,8.0,,
L9TZL0FELD,4.0,65.5,63.0,17.363636363636363,,,15,,,,,,,,1.0,66.66,64.5,24.0,,,8.0,,
L9TZL0FELE,4.0,68.0,68.0,22.8,,,7,,,,,,,,1.0,66.66,64.5,24.0,,,8.0,,
L9TZL1AALA,4.0,73.5,75.0,12.375,,,7,2.0,68.5,68.5,15.0,,,2.0,1.0,66.66,64.5,24.0,,,8.0,1.8400000000000034,5.0
L9TZL1AALB,4.0,77.5,80.0,11.75,,,7,2.0,68.5,68.5,15.0,,,2.0,1.0,66.66,64.5,24.0,,,8.0,1.8400000000000034,9.0
L9TZL1AALC,4.0,76.5,77.5,14.333333333333334,,,5,2.0,68.5,68.5,15.0,,,2.0,1.0,66.66,64.5,24.0,,,8.0,1.8400000000000034,8.0
L9TZL1ABLA,4.0,69.0,69.0,16.666666666666668,,,6,2.0,78.5,78.5,11.5,,,2.0,1.0,66.66,64.5,24.0,,,8.0,11.840000000000003,-9.5
L9TZL1ABLB,4.0,,62.0,35.0,,,2,2.0,78.5,78.5,11.5,,,2.0,1.0,66.66,64.5,24.0,,,8.0,11.840000000000003,
L9TZL1ABLC,4.0,70.5,70.5,12.5,,,4,2.0,78.5,78.5,11.5,,,2.0,1.0,66.66,64.5,24.0,,,8.0,11.840000000000003,-8.0
L9TZL1ACLA,4.0,82.0,90.5,10.166666666666666,,,5,2.0,79.5,79.5,11.0,,,4.0,1.0,66.66,64.5,24.0,,,8.0,12.840000000000003,2.5
L9TZL1ACLB,4.0,85.5,81.5,8.0,,,5,2.0,79.5,79.5,11.0,,,4.0,1.0,66.66,64.5,24.0,,,8.0,12.840000000000003,6.0
L9TZL1ACLC,4.0,75.0,75.0,10.25,,,4,2.0,79.5,79.5,11.0,,,4.0,1.0,66.66,64.5,24.0,,,8.0,12.840000000000003,-4.5
L9TZL1ACLD,4.0,,81.5,18.5,,,2,2.0,79.5,79.5,11.0,,,4.0,1.0,66.66,64.5,24.0,,,8.0,12.840000000000003,
L9TZL1ADLA,4.0,77.5,77.5,10.0,,,6,2.0,62.0,62.0,20.0,,,4.0,1.0,66.66,64.5,24.0,,,8.0,-4.659999999999997,15.5
L9VAL0JJLA,4.0,71.5,65.5,19.8,,,8,,,,,,,,,,,,,,,,
L9VAL0JJLB,4.0,66.0,60.5,18.3125,,,11,,,,,,,,,,,,,,,,
L9VAL0JLLA,4.0,76.0,74.0,20.1,,,8,,,,,,,,,,,,,,,,
L9VAL0JLLB,4.0,75.0,73.0,19.2,,,8,,,,,,,,,,,,,,,,
L9VAL0JMLA,4.0,69.0,61.5,20.0,,,9,,,,,,,,,,,,,,,,
L9VAL0JMLB,4.0,76.5,76.5,20.833333333333332,,,5,,,,,,,,,,,,,,,,
L9VAL0JMLC,4.0,75.0,75.0,13.0,,,7,,,,,,,,,,,,,,,,
L9VAL0JMLD,4.0,82.5,68.5,17.9,,,8,,,,,,,,,,,,,,,,
L9VAL0JNLA,4.0,71.5,61.5,26.8,,,8,,,,,,,,,,,,,,,,
L9VAL0JNLB,4.0,61.5,58.0,21.3,,,8,,,,,,,,,,,,,,,,
L9VAL0JQLA,4.0,80.5,56.5,11.875,,,11,,,,,,,,,,,,,,,,
L9VAL0JQLB,4.0,71.5,71.5,14.8125,,,11,,,,,,,,,,,,,,,,
L9VAL0JRLA,4.0,70.5,63.0,16.2,,,8,,,,,,,,,,,,,,,,
L9VAL0JRLB,4.0,56.5,76.5,21.375,,,6,,,,,,,,,,,,,,,,
L9VAL0JRLF,4.0,65.0,65.0,23.0,,,5,,,,,,,,,,,,,,,,
L9VAL0JSLA,4.0,80.0,54.5,19.7,,,8,,,,,,,,,,,,,,,,
L9VAL0JSLB,4.0,72.5,60.5,20.3,,,8,,,,,,,,,,,,,,,,
L9VAL0JTLA,4.0,70.5,70.5,17.833333333333332,,,5,,,,,,,,,,,,,,,,
L9VAL0JTLB,4.0,78.5,78.5,16.333333333333332,,,5,,,,,,,,,,,,,,,,
L9VAL0JULA,4.0,77.0,77.5,14.3,,,8,,,,,,,,,,,,,,,,
L9VAL0JULB,4.0,78.0,70.5,13.125,,,11,,,,,,,,,,,,,,,,
L9VAL0JVLA,4.0,84.5,74.5,18.357142857142858,,,11,,,,,,,,,,,,,,,,
L9VAL0JVLB,4.0,79.0,70.5,16.9,,,8,,,,,,,,,,,,,,,,
L9VAL0JWLA,4.0,84.5,80.5,17.2,,,8,,,,,,,,,,,,,,,,
L9VAL0JWLB,4.0,81.5,72.0,15.2,,,8,,,,,,,,,,,,,,,,
L9VAL0JXLA,4.0,81.0,81.0,18.666666666666668,,,5,,,,,,,,,,,,,,,,
L9VAL0JXLB,4.0,83.5,83.5,14.166666666666666,,,5,,,,,,,,,,,,,,,,
L9VAL0LDLA,4.0,72.5,72.5,14.833333333333334,,,5,,,,,,,,,,,,,,,,
L9VAL0LDLB,4.0,83.0,83.0,16.166666666666668,,,5,,,,,,,,,,,,,,,,
L9VAL0LDLC,4.0,56.5,56.5,21.333333333333332,,,5,,,,,,,,,,,,,,,,
L9VAL0LDLD,4.0,65.5,65.5,24.5,,,5,,,,,,,,,,,,,,,,
L9VAL0LEE2,4.0,86.0,86.0,9.125,,,7,,,,,,,,,,,,,,,,
L9VAL0LEE3,4.0,79.0,79.0,10.375,,,7,,,,,,,,,,,,,,,,
L9VAL0LELA,4.0,74.5,78.0,14.6,,,8,,,,,,,,,,,,,,,,
L9VAL0LELB,4.0,73.0,83.0,13.4,,,8,,,,,,,,,,,,,,,,
L9VSB0PCLA,4.0,82.5,83.0,8.0,,,4,,,,,,,,,,,,,,,,
L9VSB0PCLB,4.0,79.5,55.5,13.714285714285714,,,11,,,,,,,,,,,,,,,,
L9VSB0PCLC,4.0,80.0,72.5,19.88888888888889,,,14,,,,,,,,,,,,,,,,
L9VSB0PDLB,4.0,75.5,75.0,16.75,,,4,,,,,,,,,,,,,,,,
L9VSB0PELA,4.0,68.5,67.0,28.166666666666668,,,11,,,,,,,,,,,,,,,,
L9VSB0PELC,4.0,76.0,54.5,26.666666666666668,,,15,,,,,,,,,,,,,,,,
L9VSB0PFLA,4.0,67.0,67.0,16.0,,,2,,,,,,,,,,,,,,,,
L9VSB0PFLB,4.0,72.5,63.5,24.857142857142858,,,12,,,,,,,,,,,,,,,,
L9VSB0PGLA,4.0,66.5,52.5,29.5,,,7,,,,,,,,,,,,,,,,
L9VSB0PGLB,4.0,68.5,60.0,21.333333333333332,,,18,,,,,,,,,,,,,,,,
L9VSB0PGLC,4.0,70.5,50.5,28.642857142857142,,,11,,,,,,,,,,,,,,,,
L9VSB0PLE1,4.0,80.0,80.0,14.5,,,7,2.0,72.0,72.0,13.5,,,4.0,,,,,,,,,8.0
L9VWL0GWLC,4.0,80.5,80.5,12.9,,,8,,,,,,,,1.0,41.62,27.0,,,,2.0,,
L9VWL0GWLD,4.0,80.0,72.5,15.428571428571429,,,11,,,,,,,,1.0,41.62,27.0,,,,2.0,,
L9VWL0GXLA,4.0,74.0,78.0,17.4,,,8,,,,,,,,1.0,41.62,27.0,,,,2.0,,
L9VWL0GXLB,4.0,70.0,70.0,14.88888888888889,,,14,,,,,,,,1.0,41.62,27.0,,,,2.0,,
L9VWL0GXLF,4.0,81.0,81.0,14.166666666666666,,,5,,,,,,,,1.0,41.62,27.0,,,,2.0,,
L9VWL0GYLK,4.0,62.5,61.5,20.916666666666668,,,10,,,,,,,,1.0,41.62,27.0,,,,2.0,,
L9VWL0GYLL,4.0,69.5,68.0,30.625,,,4,,,,,,,,1.0,41.62,27.0,,,,2.0,,
L9VWL0GYLM,4.0,82.0,69.5,14.3125,,,14,,,,,,,,1.0,41.62,27.0,,,,2.0,,
L9VWL0GZLA,4.0,78.5,71.0,11.857142857142858,,,11,,,,,,,,1.0,41.62,27.0,,,,2.0,,
L9VWL0GZLB,4.0,80.5,73.0,18.05,,,16,,,,,,,,1.0,41.62,27.0,,,,2.0,,
L9VWL0GZLC,4.0,73.0,59.5,14.0,,,5,,,,,,,,1.0,41.62,27.0,,,,2.0,,
L9VWL0HALA,4.0,76.5,59.33,18.574074074074073,,,14,,,,,,,,1.0,41.62,27.0,,,,2.0,,
L9VWL0HALF,4.0,76.5,62.5,15.795454545454545,,,17,,,,,,,,1.0,41.62,27.0,,,,2.0,,
L9VWL0HBLA,4.0,79.5,58.33,14.166666666666666,,,10,,,,,,,,1.0,41.62,27.0,,,,2.0,,
L9VWL0HBLB,4.0,82.0,60.0,15.409090909090908,,,17,,,,,,,,1.0,41.62,27.0,,,,2.0,,
L9VWL0HBLC,4.0,82.5,69.0,12.875,,,6,,,,,,,,1.0,41.62,27.0,,,,2.0,,
L9VWL0HCLA,4.0,76.0,69.5,15.5,,,11,,,,,,,,1.0,41.62,27.0,,,,2.0,,
L9VWL0HCLB,4.0,73.5,73.5,15.833333333333334,,,5,,,,,,,,1.0,41.62,27.0,,,,2.0,,
L9VWL0HCLC,4.0,75.0,66.0,15.4,,,8,,,,,,,,1.0,41.62,27.0,,,,2.0,,
L9VWL0HDLA,4.0,70.5,74.5,16.1,,,8,,,,,,,,1.0,41.62,27.0,,,,2.0,,
L9VWL0HDLB,4.0,69.0,69.0,20.5,,,8,,,,,,,,1.0,41.62,27.0,,,,2.0,,
L9VWL0HELA,4.0,74.5,74.5,11.6,,,8,,,,,,,,1.0,41.62,27.0,,,,2.0,,
L9VWL0HELB,4.0,76.0,76.0,12.8,,,8,,,,,,,,1.0,41.62,27.0,,,,2.0,,
L9VWL0HELC,4.0,77.0,77.0,14.0,,,5,,,,,,,,1.0,41.62,27.0,,,,2.0,,
L9VWL0HFE1,4.0,70.0,70.0,16.5,,,7,2.0,59.0,59.0,23.5,,,2.0,1.0,41.62,27.0,,,,2.0,17.380000000000003,11.0
L9VWL0HFE2,4.0,68.5,68.5,18.125,,,7,2.0,59.0,59.0,23.5,,,2.0,1.0,41.62,27.0,,,,2.0,17.380000000000003,9.5
L9VWL0HFLA,4.0,76.0,73.0,12.583333333333334,,,10,2.0,59.0,59.0,23.5,,,2.0,1.0,41.62,27.0,,,,2.0,17.380000000000003,17.0
L9VWL0HFLB,4.0,78.5,78.5,9.1,,,8,2.0,59.0,59.0,23.5,,,2.0,1.0,41.62,27.0,,,,2.0,17.380000000000003,19.5
L9VWL0HGLA,4.0,60.5,65.5,22.5,,,8,,,,,,,,1.0,41.62,27.0,,,,2.0,,
L9VWL0MTLA,4.0,79.5,78.5,10.3,,,8,,,,,,,,1.0,41.62,27.0,,,,2.0,,
L9VWL0MTLB,4.0,76.5,64.5,14.857142857142858,,,11,,,,,,,,1.0,41.62,27.0,,,,2.0,,
L9VWL0MTLC,4.0,77.0,77.0,17.666666666666668,,,5,,,,,,,,1.0,41.62,27.0,,,,2.0,,
L9VWL0MULA,4.0,82.5,59.5,14.0,,,7,,,,,,,,1.0,41.62,27.0,,,,2.0,,
L9VWL0MULB,4.0,77.0,61.5,13.071428571428571,,,12,,,,,,,,1.0,41.62,27.0,,,,2.0,,
L9VWL0MULD,4.0,72.5,73.5,16.5,,,8,,,,,,,,1.0,41.62,27.0,,,,2.0,,
L9VWL0MVLA,4.0,79.0,79.0,12.7,,,8,,,,,,,,1.0,41.62,27.0,,,,2.0,,
L9VWL0MVLB,4.0,86.0,67.0,9.5,,,11,,,,,,,,1.0,41.62,27.0,,,,2.0,,
L9VWL0MVLC,4.0,82.5,73.0,19.4,,,8,,,,,,,,1.0,41.62,27.0,,,,2.0,,
L9VWL0MWLD,4.0,80.0,62.0,14.416666666666666,,,9,2.0,59.0,59.0,23.5,,,2.0,1.0,41.62,27.0,,,,2.0,17.380000000000003,21.0
L9VWL0MWLE,4.0,75.5,69.5,13.0,,,12,2.0,59.0,59.0,23.5,,,2.0,1.0,41.62,27.0,,,,2.0,17.380000000000003,16.5
L9VWL0MWLF,4.0,80.5,66.5,16.9,,,8,2.0,59.0,59.0,23.5,,,2.0,1.0,41.62,27.0,,,,2.0,17.380000000000003,21.5
L9VWL0MXLA,4.0,81.5,78.0,13.7,,,8,,,,,,,,1.0,41.62,27.0,,,,2.0,,
L9VWL0MXLB,4.0,84.0,75.5,16.0,,,8,,,,,,,,1.0,41.62,27.0,,,,2.0,,
L9VWL0MXLC,4.0,71.5,71.0,14.5,,,8,,,,,,,,1.0,41.62,27.0,,,,2.0,,
L9VWL0MYLA,4.0,80.0,80.0,13.5,,,8,,,,,,,,1.0,41.62,27.0,,,,2.0,,
L9VWL0MYLB,4.0,75.0,75.0,14.6,,,8,,,,,,,,1.0,41.62,27.0,,,,2.0,,
L9VWL0MYLC,4.0,77.0,77.0,15.5,,,5,,,,,,,,1.0,41.62,27.0,,,,2.0,,
L9VWL0MZLA,4.0,79.0,76.0,13.7,,,8,,,,,,,,1.0,41.62,27.0,,,,2.0,,
L9VWL0MZLB,4.0,78.0,78.0,10.4,,,8,,,,,,,,1.0,41.62,27.0,,,,2.0,,
L9VWL0MZLC,4.0,71.5,71.5,15.333333333333334,,,5,,,,,,,,1.0,41.62,27.0,,,,2.0,,
L9XAL0GKLA,4.0,62.5,62.0,13.5,,,11,,,,,,,,,,,,,,,,
L9XAL0GKLB,4.0,70.0,63.5,17.8,,,8,,,,,,,,,,,,,,,,
L9XAL0GLLB,4.0,54.5,54.5,12.2,,,7,,,,,,,,,,,,,,,,
L9XAL0GLLC,4.0,65.0,60.5,13.6,,,8,,,,,,,,,,,,,,,,
L9XAL0GME2,4.0,53.0,53.0,26.125,,,7,2.0,29.5,30.0,42.5,,,2.0,,,,,,,,,23.5
L9XAL0GMLA,4.0,58.0,58.0,25.0,,,2,2.0,29.5,30.0,42.5,,,2.0,,,,,,,,,28.5
L9XAL0GULA,4.0,56.5,21.5,19.333333333333332,,,10,,,,,,,,,,,,,,,,
L9XAL0JYLE,4.0,69.0,56.0,18.9375,,,11,,,,,,,,,,,,,,,,
L9XAL0JYLF,4.0,61.0,61.0,16.875,,,11,,,,,,,,,,,,,,,,
L9XAL0JZLA,4.0,70.5,68.5,13.1875,,,11,,,,,,,,,,,,,,,,
L9XAL0JZLB,4.0,68.0,69.5,16.136363636363637,,,15,,,,,,,,,,,,,,,,
L9XAL0KALA,4.0,66.5,68.5,19.5,,,4,,,,,,,,,,,,,,,,
L9XAL0KALB,4.0,71.0,71.0,15.5,,,4,,,,,,,,,,,,,,,,
L9XAL0KALC,4.0,29.8,72.5,13.966666666666667,,,16,,,,,,,,,,,,,,,,
L9XAL0KALD,4.0,71.0,71.0,9.8,,,7,,,,,,,,,,,,,,,,
L9XAL0KBLA,4.0,67.0,67.0,15.909090909090908,,,14,,,,,,,,,,,,,,,,
L9XAL0KBLB,4.0,62.0,62.0,16.4375,,,11,,,,,,,,,,,,,,,,
L9XAL0KCLA,4.0,70.0,63.0,18.7,,,8,,,,,,,,,,,,,,,,
L9XAL0KCLB,4.0,65.0,65.0,20.4,,,8,,,,,,,,,,,,,,,,
L9XAL0KDLA,4.0,67.0,74.0,19.1,,,8,,,,,,,,,,,,,,,,
L9XAL0KDLB,4.0,73.0,68.0,15.5,,,11,,,,,,,,,,,,,,,,
L9XAL0KELA,4.0,72.5,72.5,12.375,,,11,,,,,,,,,,,,,,,,
L9XAL0KELB,4.0,65.0,77.0,16.1,,,8,,,,,,,,,,,,,,,,
L9XAL0KFLA,4.0,72.5,70.0,14.125,,,11,,,,,,,,,,,,,,,,
L9XAL0KFLB,4.0,69.5,69.5,16.4375,,,11,,,,,,,,,,,,,,,,
L9XAL0KGLA,4.0,75.5,60.0,14.5,,,11,,,,,,,,,,,,,,,,
L9XAL0KGLB,4.0,75.5,61.5,18.0,,,8,,,,,,,,,,,,,,,,
L9XAL0KHLA,4.0,73.0,69.5,18.8,,,8,,,,,,,,,,,,,,,,
L9XAL0KHLB,4.0,53.5,53.5,13.0,,,7,,,,,,,,,,,,,,,,
L9XAL0KJLA,4.0,64.5,60.0,21.7,,,8,,,,,,,,,,,,,,,,
L9XAL0KJLB,4.0,68.5,68.5,16.0,,,8,,,,,,,,,,,,,,,,
L9XAL0KKLA,4.0,67.5,67.5,20.8,,,8,,,,,,,,,,,,,,,,
L9XAL0KKLB,4.0,70.0,70.0,17.5,,,8,,,,,,,,,,,,,,,,
L9XAL0KNLA,4.0,74.5,65.0,17.4,,,8,,,,,,,,,,,,,,,,
L9XAL0KNLB,4.0,72.0,64.0,21.0,,,4,,,,,,,,,,,,,,,,
L9XAL0KPLA,4.0,69.5,56.5,14.875,,,11,,,,,,,,,,,,,,,,
L9XAL0KPLB,4.0,66.5,67.0,17.3,,,8,,,,,,,,,,,,,,,,
L9XAL0KQLA,4.0,73.5,74.0,16.0,,,2,,,,,,,,,,,,,,,,
L9XAL0KRLA,4.0,75.0,60.0,18.8,,,8,,,,,,,,,,,,,,,,
L9XAL0KRLB,4.0,69.0,74.0,19.25,,,4,,,,,,,,,,,,,,,,
L9XAL0KSLA,4.0,65.0,63.5,22.0,,,4,,,,,,,,,,,,,,,,
L9XAL0KSLB,4.0,59.0,46.5,26.833333333333332,,,6,,,,,,,,,,,,,,,,
L9XAL0KTLA,4.0,73.0,70.0,16.75,,,4,,,,,,,,,,,,,,,,
L9XAL0KTLB,4.0,73.0,72.5,16.5,,,6,,,,,,,,,,,,,,,,
L9XAL0KULA,4.0,58.0,58.0,14.8125,,,11,,,,,,,,,,,,,,,,
L9XAL0KULB,4.0,62.0,66.5,19.375,,,11,,,,,,,,,,,,,,,,
L9XAL0KULC,4.0,59.0,59.0,17.8,,,7,,,,,,,,,,,,,,,,
L9XAL0KVLA,4.0,66.0,66.0,19.0,,,4,,,,,,,,,,,,,,,,
L9XAL0KVLB,4.0,61.0,77.0,15.75,,,3,,,,,,,,,,,,,,,,
L9XAL0KWLA,4.0,65.5,61.0,21.666666666666668,,,6,,,,,,,,,,,,,,,,
L9XAL0KWLB,4.0,62.0,57.5,17.666666666666668,,,6,,,,,,,,,,,,,,,,
L9XAL0KXLA,4.0,56.5,57.0,26.25,,,4,,,,,,,,,,,,,,,,
L9XAL0KXLB,4.0,60.5,52.0,16.0625,,,14,,,,,,,,,,,,,,,,
L9XAL0KYLA,4.0,60.5,73.0,20.333333333333332,,,6,,,,,,,,,,,,,,,,
L9XAL0KYLB,4.0,54.5,43.5,21.125,,,7,,,,,,,,,,,,,,,,
L9XAL0KZLA,4.0,72.5,61.0,19.75,,,4,,,,,,,,,,,,,,,,
L9XAL0KZLB,4.0,69.5,70.0,14.5,,,2,,,,,,,,,,,,,,,,
L9XAL0LALA,4.0,63.5,63.5,13.8,,,7,,,,,,,,,,,,,,,,
L9XAL0LALB,4.0,73.5,61.5,18.5,,,4,,,,,,,,,,,,,,,,
L9XAL0LALC,4.0,77.0,77.0,12.666666666666666,,,5,,,,,,,,,,,,,,,,
L9XAL0LBLA,4.0,72.5,72.5,14.9375,,,11,,,,,,,,,,,,,,,,
L9XAL0LBLB,4.0,65.0,59.0,17.4,,,15,,,,,,,,,,,,,,,,
L9XAL0LCLD,4.0,68.0,68.0,15.5,,,4,,,,,,,,,,,,,,,,
L9XAL0LCLE,4.0,69.0,72.0,15.0,,,4,,,,,,,,,,,,,,,,
L9XAL0MGLA,4.0,64.0,64.0,17.5,,,2,,,,,,,,,,,,,,,,
L9XAL0MHLA,4.0,62.5,66.5,17.75,,,4,,,,,,,,,,,,,,,,
L9XAL0MHLB,4.0,79.0,79.0,11.0,,,2,,,,,,,,,,,,,,,,
L9Y7L0LPLA,4.0,79.0,56.5,19.7,,,8,,,,,,,,,,,,,,,,
L9Y7L0LPLB,4.0,73.0,63.0,13.9,,,8,,,,,,,,,,,,,,,,
L9Y7L0LPLC,4.0,51.0,51.0,21.833333333333332,,,5,,,,,,,,,,,,,,,,
L9Y7L0LQLA,4.0,69.0,66.5,22.5,,,11,,,,,,,,,,,,,,,,
L9Y7L0LQLB,4.0,62.0,41.0,24.4,,,8,,,,,,,,,,,,,,,,
L9Y7L0LQLC,4.0,55.5,58.0,27.9,,,8,,,,,,,,,,,,,,,,
L9Y7L0LRLA,4.0,54.0,30.0,26.166666666666668,,,4,,,,,,,,,,,,,,,,
L9Y7L0LRLB,4.0,49.0,32.5,21.5,,,6,,,,,,,,,,,,,,,,
L9Y7L0LRLC,4.0,37.0,45.0,28.4,,,8,,,,,,,,,,,,,,,,
L9YAB0MWLA,4.0,72.0,60.0,24.25,,,14,,,,,,,,,,,,,,,,
L9YAB0MWLB,4.0,,64.5,19.5,,,4,,,,,,,,,,,,,,,,
L9YAB0MWLC,4.0,,71.0,20.0,,,6,,,,,,,,,,,,,,,,
L9YAB0MXLA,4.0,57.5,57.5,25.5,,,9,,,,,,,,,,,,,,,,
L9YAB0MXLB,4.0,,64.0,18.0,,,4,,,,,,,,,,,,,,,,
L9YAB0MXLC,4.0,66.0,61.0,22.0,,,7,,,,,,,,,,,,,,,,
L9YAB0MYLA,4.0,74.0,54.0,21.375,,,9,,,,,,,,,,,,,,,,
L9YAB0MYLB,4.0,,61.0,19.0,,,8,,,,,,,,,,,,,,,,
L9YAB0MYLC,4.0,,64.5,17.5,,,6,,,,,,,,,,,,,,,,
L9YAB0MZLA,4.0,73.5,74.5,18.666666666666668,,,9,,,,,,,,,,,,,,,,
L9YAB0MZLB,4.0,,67.0,16.5,,,6,,,,,,,,,,,,,,,,
L9YDB0MME1,4.0,70.5,71.0,22.0,,,4,2.0,80.5,90.5,7.428571428571429,,,12.0,,,,,,,,,-10.0
L9YDB0MME2,4.0,82.5,83.0,12.5,,,2,2.0,80.5,90.5,7.428571428571429,,,12.0,,,,,,,,,2.0
L9YDB0MNLA,4.0,,65.5,18.0,,,8,,,,,,,,,,,,,,,,
L9YDB0MNLC,4.0,46.5,46.5,18.833333333333332,,,11,,,,,,,,,,,,,,,,
L9YDB0MNLD,4.0,,62.0,18.0,,,4,,,,,,,,,,,,,,,,
L9YDB0MNLE,4.0,,67.5,20.5,,,8,,,,,,,,,,,,,,,,
L9YDB0MPLC,4.0,,66.0,15.5,,,6,,,,,,,,,,,,,,,,
L9YDB0MPLD,4.0,,60.0,24.5,,,6,,,,,,,,,,,,,,,,
L9YFB0NJE1,4.0,86.0,86.0,10.5,,,4,,,,,,,,,,,,,,,,
L9YFB0NKLA,4.0,,83.0,8.0,,,4,,,,,,,,,,,,,,,,
L9YFB0NKLB,4.0,,68.5,19.0,,,10,,,,,,,,,,,,,,,,
L9YFB0NKLC,4.0,85.5,85.5,6.9,,,9,,,,,,,,,,,,,,,,
L9YFB0NLLA,4.0,75.5,75.5,10.625,,,7,,,,,,,,,,,,,,,,
L9YFB0NLLB,4.0,,76.5,15.0,,,4,,,,,,,,,,,,,,,,
L9YGB0MRE3,4.0,,71.0,11.5,,,6,,,,,,,,,,,,,,,,
L9YGB0MSLB,4.0,,73.0,16.5,,,6,,,,,,,,,,,,,,,,
L9YGB0MSLE,4.0,,67.5,17.0,,,6,,,,,,,,,,,,,,,,
L9YHB0MGLA,4.0,,59.5,19.5,,,6,,,,,,,,,,,,,,,,
L9YHB0MGLB,4.0,,62.0,13.5,,,8,,,,,,,,,,,,,,,,
L9YHB0MGLC,4.0,,67.5,17.0,,,8,,,,,,,,,,,,,,,,
L9YHB0MGLD,4.0,,69.0,19.5,,,4,,,,,,,,,,,,,,,,
L9YHB0MHLA,4.0,,69.0,19.0,,,10,,,,,,,,,,,,,,,,
L9YHB0MHLB,4.0,73.0,73.0,15.5,,,10,,,,,,,,,,,,,,,,
L9YHB0MHLC,4.0,37.8,71.5,14.433333333333332,,,16,,,,,,,,,,,,,,,,
L9YJB0MCE1,4.0,76.5,77.0,14.5,,,2,,,,,,,,,,,,,,,,
L9YJB0MCE2,4.0,68.0,68.0,22.0,,,4,,,,,,,,,,,,,,,,
L9YJB0MDLA,4.0,79.0,81.5,10.875,,,7,,,,,,,,,,,,,,,,
L9YJB0MDLB,4.0,,81.0,12.5,,,6,,,,,,,,,,,,,,,,
L9YJB0MDLC,4.0,47.5,47.5,22.75,,,7,,,,,,,,,,,,,,,,
L9YJB0MELE,4.0,,73.5,16.0,,,6,,,,,,,,,,,,,,,,
L9YJB0MELF,4.0,,66.0,21.5,,,4,,,,,,,,,,,,,,,,
L9YJB0MELG,4.0,,63.5,26.0,,,4,,,,,,,,,,,,,,,,
L9YJB0MELJ,4.0,,75.0,12.0,,,6,,,,,,,,,,,,,,,,
L9YJB0MELK,4.0,,78.0,12.0,,,4,,,,,,,,,,,,,,,,
L9YMB0MULA,4.0,74.0,70.5,12.0,,,6,,,,,,,,,,,,,,,,
L9YMB0MULB,4.0,,67.5,14.0,,,8,,,,,,,,,,,,,,,,
L9YMB0MULC,4.0,71.5,72.0,19.0,,,2,,,,,,,,,,,,,,,,
L9Z9L0HHLB,4.0,74.5,47.0,19.9,,,8,,,,,,,,,,,,,,,,
L9Z9L0HHLC,4.0,54.0,57.0,13.0625,,,11,,,,,,,,,,,,,,,,
L9Z9L0HHLD,4.0,76.0,76.0,11.166666666666666,,,5,,,,,,,,,,,,,,,,
L9Z9L0HJLA,4.0,39.0,81.0,11.875,,,6,,,,,,,,,,,,,,,,
L9Z9L0HJLB,4.0,76.0,44.0,17.0625,,,13,,,,,,,,,,,,,,,,
RE19L22ABQ,4.0,,74.0,11.0,,,2,2.0,80.0,65.5,14.0,,,11.0,,,,,,,,,
RL19K20ALS,4.0,66.0,71.5,13.9,,,8,,,,,,,,,,,,,,,,
RL19K20ECG,4.0,71.0,71.5,15.8,,,8,,,,,,,,,,,,,,,,
RL19K20FXS,4.0,81.5,68.5,18.11111111111111,,,14,,,,,,,,,,,,,,,,
RL19K20GTW,4.0,58.0,58.0,22.833333333333332,,,5,,,,,,,,,,,,,,,,
RL19K20HCT,4.0,60.0,60.0,24.666666666666668,,,5,,,,,,,,,,,,,,,,
RL19K20JZB,4.0,72.5,60.0,19.0,,,11,,,,,,,,,,,,,,,,
RL19K20MXY,4.0,70.5,72.5,14.833333333333334,,,10,,,,,,,,,,,,,,,,
RL19K20PAY,4.0,66.5,66.5,15.166666666666666,,,5,,,,,,,,,,,,,,,,
RL19K20TTZ,4.0,59.0,59.0,19.666666666666668,,,5,,,,,,,,,,,,,,,,
RL19K20UKY,4.0,82.0,82.0,25.333333333333332,,,5,,,,,,,,,,,,,,,,
RL19K20USP,4.0,76.0,76.0,19.166666666666668,,,5,,,,,,,,,,,,,,,,
RL19K20UZR,4.0,71.5,71.5,15.666666666666666,,,5,,,,,,,,,,,,,,,,
RL19K20VXC,4.0,78.0,47.0,19.0,,,9,,,,,,,,,,,,,,,,
RL19K20WWB,4.0,68.5,68.5,17.166666666666668,,,5,,,,,,,,,,,,,,,,
RL19K20ZZG,4.0,61.0,61.0,18.333333333333332,,,5,,,,,,,,,,,,,,,,
RL19L22AKT,4.0,,72.0,17.0,,,2,2.0,74.5,71.5,24.0,,,8.0,1.0,57.79,57.8,,,,2.0,16.71,
RL19L22AYL,4.0,,63.0,17.5,,,4,2.0,65.5,65.5,31.0,,,6.0,1.0,57.79,57.8,,,,2.0,7.710000000000001,
RL19L22BGL,4.0,71.5,68.5,15.166666666666666,,,5,2.0,74.5,60.0,16.125,,,7.0,1.0,57.79,57.8,,,,2.0,16.71,-3.0
RL19L22BLP,4.0,71.0,68.0,14.75,,,7,2.0,65.5,65.5,31.0,,,6.0,1.0,57.79,57.8,,,,2.0,7.710000000000001,5.5
RL19L22DAG,4.0,,67.0,16.0,,,4,2.0,65.5,65.5,31.0,,,6.0,1.0,57.79,57.8,,,,2.0,7.710000000000001,
RL19L22DDN,4.0,,75.5,13.0,,,2,2.0,69.23809523809524,67.47619047619048,21.40909090909091,,,21.0,1.0,57.79,57.8,,,,2.0,11.448095238095242,
RL19L22DNM,4.0,65.5,61.0,23.25,,,6,2.0,77.0,65.0,27.714285714285715,,,14.0,,,,,,,,,-11.5
RL19L22FAK,4.0,,63.0,25.0,,,2,2.0,63.5,63.5,16.0,,,8.0,1.0,57.79,57.8,,,,2.0,5.710000000000001,
RL19L22FLY,4.0,,78.0,14.5,,,4,2.0,61.0,61.0,15.333333333333334,,,6.0,1.0,57.79,57.8,,,,2.0,3.210000000000001,
RL19L22FPD,4.0,,76.5,13.5,,,2,2.0,66.0,65.0,19.928571428571427,,,13.0,1.0,57.79,57.8,,,,2.0,8.21,
RL19L22FUJ,4.0,,71.0,14.0,,,2,2.0,71.0,71.0,18.75,,,4.0,1.0,57.79,57.8,,,,2.0,13.21,
RL19L22GUU,4.0,,61.0,15.5,,,2,2.0,76.5,76.5,30.75,,,10.0,,,,,,,,,
RL19L22JCY,4.0,71.0,69.5,16.375,,,6,2.0,65.5,65.5,31.0,,,6.0,1.0,57.79,57.8,,,,2.0,7.710000000000001,5.5
RL19L22JPP,4.0,,38.5,22.0,,,4,2.0,62.5,58.75,20.6,,,9.0,,,,,,,,,
RL19L22KTG,4.0,,81.0,11.5,,,2,2.0,71.0,71.0,18.75,,,4.0,1.0,57.79,57.8,,,,2.0,13.21,
RL19L22KXL,4.0,,72.0,19.0,,,2,2.0,64.5,64.5,21.0,,,8.0,1.0,57.79,57.8,,,,2.0,6.710000000000001,
RL19L22KZP,4.0,62.0,66.0,17.0,,,6,2.0,64.0,64.0,16.375,,,8.0,,,,,,,,,-2.0
RL19L22LUW,4.0,,45.5,23.0,,,4,2.0,53.0,45.0,16.9,,,8.0,,,,,,,,,
RL19L22LZC,4.0,,71.0,23.5,,,4,2.0,71.5,60.833333333333336,15.85,,,18.0,1.0,57.79,57.8,,,,2.0,13.71,
RL19L22MDP,4.0,,67.0,18.0,,,4,2.0,65.5,65.5,31.0,,,6.0,1.0,57.79,57.8,,,,2.0,7.710000000000001,
RL19L22MSR,4.0,,63.0,16.5,,,2,2.0,65.5,65.5,31.0,,,6.0,1.0,57.79,57.8,,,,2.0,7.710000000000001,
RL19L22MXZ,4.0,,50.5,11.5,,,4,2.0,64.0,73.0,16.5,,,6.0,,,,,,,,,
RL19L22QFL,4.0,,71.0,15.5,,,2,2.0,65.5,65.5,31.0,,,6.0,1.0,57.79,57.8,,,,2.0,7.710000000000001,
RL19L22REK,4.0,64.0,63.0,16.75,,,6,2.0,64.0,73.0,16.5,,,6.0,,,,,,,,,0.0
RL19L22RQN,4.0,,73.0,17.5,,,4,2.0,66.0,66.0,18.25,,,4.0,1.0,57.79,57.8,,,,2.0,8.21,
RL19L22VEJ,4.0,,63.0,16.0,,,4,2.0,78.0,59.5,20.666666666666668,,,6.0,1.0,57.79,57.8,,,,2.0,20.21,
RL19L22XXV,4.0,,68.5,15.0,,,2,2.0,65.5,65.5,31.0,,,6.0,1.0,57.79,57.8,,,,2.0,7.710000000000001,
RL19L22YBL,4.0,68.0,64.0,20.5,,,6,2.0,76.5,78.0,19.875,,,7.0,,,,,,,,,-8.5
RL19L22YNC,4.0,70.5,63.0,15.25,,,3,2.0,34.57142857142857,62.142857142857146,27.166666666666668,,,14.0,,,,,,,,,35.92857142857143
RL19L22YYP,4.0,,73.0,14.5,,,2,2.0,80.0,65.5,14.0,,,11.0,,,,,,,,,
RL19L22YYZ,4.0,,63.5,18.5,,,4,2.0,80.5,80.5,33.666666666666664,,,12.0,,,,,,,,,
RL19L22ZMC,4.0,,79.0,14.0,,,4,2.0,74.5,60.0,16.125,,,7.0,1.0,57.79,57.8,,,,2.0,16.71,
RL19L23DQX,4.0,72.0,64.0,19.0,,,3,2.0,66.65217391304348,68.26086956521739,17.576923076923077,,,23.0,1.0,57.79,57.8,,,,2.0,8.862173913043485,5.347826086956516
RL19L23HDT,4.0,48.5,39.5,19.5,,,4,2.0,68.0,63.0,19.0,,,7.0,,,,,,,,,-19.5
RL19L23LJN,4.0,67.0,76.0,17.6,,,8,2.0,65.02272727272727,69.06818181818181,25.125,,,22.0,,,,,,,,,1.9772727272727337
RL19L23NLX,4.0,60.0,63.5,20.0,,,6,2.0,74.5,76.5,13.75,,,6.0,,,,,,,,,-14.5
RL19L23RGR,4.0,81.0,54.0,18.6,,,8,2.0,77.5,68.0,25.375,,,7.0,,,,,,,,,3.5
RL19L23WMP,4.0,,54.0,23.75,,,3,2.0,74.5,59.5,31.166666666666668,,,11.0,,,,,,,,,
RL19L23WTB,4.0,57.5,57.5,19.75,,,4,2.0,76.5,78.0,19.875,,,7.0,,,,,,,,,-19.0
RL19L23WYP,4.0,36.5,52.5,19.75,,,8,2.0,68.0,63.0,19.0,,,7.0,,,,,,,,,-31.5
RL19L23XZM,4.0,43.5,43.5,22.75,,,8,2.0,66.0,65.0,19.928571428571427,,,13.0,1.0,57.79,57.8,,,,2.0,8.21,-22.5
RL20L21AAS,4.0,85.0,85.0,5.5,,,8,2.0,70.0,70.0,17.5,,,2.0,1.0,31.0,35.0,29.032,,,12.0,39.0,15.0
T7YEK8T2LA,4.0,79.0,46.5,19.4,,,7,,,,,,,,,,,,,,,,
T7YEK8T2LB,4.0,63.0,84.0,22.75,,,5,,,,,,,,,,,,,,,,
T7YEK8V2LA,4.0,68.5,38.0,20.0,,,4,2.0,83.5,84.0,12.0,,,4.0,,,,,,,,,-15.0
T7YEK8V2LB,4.0,64.0,83.0,15.625,,,9,2.0,83.5,84.0,12.0,,,4.0,,,,,,,,,-19.5
